MpAlias,csv.regprices.1_0_0
Location,MISO
Year,2019
MethodAlias,miso.reg.rtmcp.1_0_0
Source,https://www.misoenergy.org/markets-and-operations/real-time--market-data/market-reports/#nt=%2FMarketReportType%3AHistorical%20MCP%2FMarketReportName%3AASM%20Weekly%20Real-Time%20ExPost%205-Min%20MCPs%20(xls)&t=100&p=0&s=MarketReportPublished&sd=desc
Comment,
Header,Regulation Price $/MW/hr
10.17,
4.2,
4.32,
4.45,
6.91,
7.07,
8.73,
7.84,
5.23,
5.45,
6.08,
6.3,
6.65,
7.34,
6.95,
7.71,
7.61,
12.87,
7.57,
11.42,
17.35,
5.72,
5.58,
5.46,
6.09,
3.54,
3.36,
3.94,
8.35,
6.83,
5.68,
6.04,
6.55,
7.01,
5.96,
5.99,
6.45,
5.86,
5.92,
5.24,
6.54,
9.51,
9.73,
9.48,
7.11,
4.88,
4.93,
4.93,
4.89,
4.94,
4.35,
4.33,
5.01,
6.4,
6.43,
5.94,
6.87,
4.93,
5.56,
5.32,
4.41,
4.23,
4.5,
4.44,
3.83,
4.08,
7.52,
6.41,
4.56,
4.04,
3.29,
3.62,
3.54,
2.93,
2.99,
3.34,
3.66,
5.24,
4.87,
5.66,
10.14,
7.89,
13.56,
6.87,
6.86,
6.09,
5.98,
5.58,
5.19,
5.34,
5.92,
6.11,
5.07,
4.41,
4.93,
4.45,
5.88,
4.69,
5.04,
5.57,
4.56,
4.32,
5.66,
5.87,
5.69,
5.34,
5.29,
7.21,
6.15,
5.19,
4.79,
4.01,
4.35,
7.14,
7.58,
5.48,
6.26,
6.28,
4.66,
5.06,
6.62,
3.93,
5.52,
4.18,
4.13,
4.04,
5.98,
5.57,
4.45,
4.79,
5.38,
6.18,
4.95,
3.96,
4.46,
4.43,
4.67,
8.14,
9.53,
5.15,
4.96,
4.87,
5.7,
6.18,
6.27,
6.1,
7.34,
5.95,
6.81,
5.33,
7.06,
5.96,
6.02,
6.48,
8.02,
5.2,
5.51,
5.99,
7,
7.01,
7.27,
8.23,
10.76,
8.63,
9.41,
8.84,
4.6,
4.02,
5.54,
4.21,
4.57,
5.57,
6.34,
6.58,
7.2,
7.94,
5.42,
6.32,
7.67,
6.96,
5.17,
4.96,
4.12,
3.77,
4.5,
6.72,
7.13,
5.82,
5.78,
5.24,
4.14,
4.13,
4.54,
4.62,
4.79,
4.83,
4.87,
4.52,
5.77,
7.6,
7.76,
5.76,
5.28,
5.44,
5.47,
5.94,
5.91,
5.56,
6.29,
7.9,
18.08,
14.26,
12.43,
12.21,
8.25,
6.72,
6.53,
4.29,
3.87,
3.94,
4.38,
4.99,
7.44,
32.69,
14.53,
8.27,
9.09,
8.03,
6.69,
5.97,
5.37,
4.95,
5.04,
7.51,
10.07,
9.5,
7.01,
6.7,
4.95,
4.22,
4.51,
2.38,
3.09,
3.42,
4.02,
6.56,
6.62,
30.48,
18.47,
13.31,
12.27,
9.11,
9.73,
7.34,
7.39,
8.1,
7.2,
9.71,
13.12,
19.55,
8.67,
8.46,
26.9,
4.7,
6.57,
6.66,
6.32,
6.22,
4.06,
2.85,
4.52,
4.94,
5.16,
6.45,
7.93,
6.71,
7,
12.86,
8.11,
5.99,
5.41,
6.56,
9.45,
7.22,
7.08,
6.6,
5.94,
5.09,
4.38,
4.75,
4.06,
4.18,
3.88,
4.15,
5.04,
5.6,
7.19,
6.62,
20.62,
7.01,
7.94,
7.78,
7.28,
7.39,
7.88,
7.75,
9.54,
7.78,
28.32,
8.33,
5.85,
5.04,
4.88,
4.8,
4.05,
4.77,
5.42,
5.25,
8.84,
35.25,
15.48,
25.16,
21.88,
11.43,
10.89,
9.68,
8.45,
7.79,
14.28,
8.77,
29.95,
15.33,
14.91,
11.23,
10.17,
6.73,
5.17,
3.44,
3.53,
3.38,
4.39,
4.95,
7.75,
12.12,
12.64,
14.98,
6.69,
8.4,
6.11,
9.27,
8.25,
7.01,
4.71,
5.57,
9.18,
5.57,
5.45,
3.57,
2.48,
3.59,
8.03,
2.92,
3.36,
2.41,
5.37,
6.65,
8.14,
7.13,
12.16,
7.33,
14.42,
9.14,
8.26,
5.11,
4.69,
4.67,
6.57,
18.21,
21.93,
17.32,
19.46,
13.82,
6.67,
5.25,
5.95,
3.44,
3.7,
3.65,
4.83,
10.7,
12.62,
19.65,
12.94,
12.05,
14.59,
11.76,
12.85,
13.28,
9.36,
7.5,
8.77,
13.09,
14.24,
11.92,
12.63,
11.23,
5.9,
4.13,
7.05,
6.45,
6.8,
5.49,
5.69,
5.26,
6.57,
13.02,
10,
11.17,
16.79,
10.15,
7.88,
7.68,
7.85,
7.15,
7.54,
18.64,
14.63,
7.04,
11.32,
10.68,
7.66,
6.35,
10.18,
9.47,
9.23,
8.53,
9.3,
6.07,
8.68,
6.7,
6.48,
6.15,
6.47,
5.88,
7.89,
7.71,
5.51,
6.09,
5.85,
11.49,
13.85,
7.52,
6.71,
13.9,
4.94,
3.92,
4.06,
2.33,
2.99,
3.14,
3.08,
2.96,
3.16,
6.31,
6.63,
9.08,
8.14,
6.34,
6.54,
7.5,
4.66,
4.31,
4.55,
5.85,
38.92,
8.12,
5.7,
13.78,
4.63,
3.31,
5.54,
4.85,
5.51,
3.63,
4.6,
6.59,
6.41,
9.15,
6.31,
7.25,
16.55,
12.23,
15.37,
11.48,
11.17,
8.66,
8.83,
11.19,
9.95,
10.22,
10.18,
9.4,
6.89,
5.55,
4.38,
4.89,
4.2,
3.56,
5.17,
7.72,
16.77,
43.55,
22.39,
14.15,
24.65,
11.29,
7.33,
6.72,
9.91,
7.48,
7.08,
8.56,
18.56,
11.85,
8.63,
12.9,
15.09,
5.43,
6.24,
5.33,
4.17,
4.5,
6.34,
6.13,
6.65,
6.07,
7.6,
4.98,
4.55,
6.18,
5.85,
6.14,
3.71,
5.69,
4.74,
4.36,
7.48,
6.46,
4.75,
5.25,
3.88,
2.14,
3.01,
2.49,
2.94,
3.5,
3.77,
3.97,
6.01,
7.45,
4.75,
3.96,
3.33,
3.93,
3,
2.42,
2.66,
3.82,
4.22,
3.1,
5.36,
5.36,
4.53,
5.16,
3.83,
4.69,
5.94,
4.74,
6.27,
3.66,
4.83,
9.26,
9.75,
16.7,
10.48,
8.41,
10.57,
12.04,
6.69,
6.01,
5.75,
6.44,
4.78,
10.39,
31.1,
14.54,
9.89,
10.79,
11.42,
15.03,
9.44,
8.27,
7.21,
6.24,
5.29,
7.32,
9.95,
9.55,
12.79,
14.07,
9.71,
10.09,
10,
7.65,
6.92,
7.92,
8.19,
9.76,
11.67,
8.37,
7.29,
7.35,
4.96,
5.19,
4.06,
2.65,
2.78,
2.49,
2.59,
3.5,
7.15,
8.59,
24.22,
11.46,
12.61,
8.24,
7.12,
6.46,
6.43,
6.83,
6.92,
10.24,
11.85,
9.87,
11.98,
9.79,
11.66,
3.96,
6.36,
4.97,
3.85,
4.3,
5.37,
9.64,
9.28,
7.01,
5.51,
4.86,
4.1,
5.17,
4.61,
4.71,
6.01,
4.56,
5.81,
5.16,
10.6,
9.19,
5.46,
7.07,
6.42,
5.86,
5.1,
3.87,
2.42,
3.27,
4.03,
3.79,
5.32,
4.94,
6.06,
5.77,
2.7,
2.54,
2.1,
2.66,
2.74,
2.25,
2.14,
2.56,
8.53,
8.83,
8.5,
10.66,
7.74,
7.39,
6.26,
5.86,
6.44,
6.14,
5.48,
10.27,
13.92,
12.13,
363.55,
317.3,
5.8,
8.58,
6.44,
4.89,
2.08,
4.8,
3.13,
3.2,
9.62,
13,
9.07,
13.86,
13.33,
10.74,
10.53,
6.3,
5.52,
4.47,
8.37,
12.4,
13.5,
19.1,
10.43,
10.86,
12.24,
10.11,
8.69,
11.64,
9.35,
8.21,
6.18,
6.36,
11.55,
9.97,
8.42,
11.13,
9.32,
9.13,
9.28,
6.26,
4.54,
4.71,
5.16,
9.51,
10.69,
12.66,
13.57,
10.45,
12.53,
7.12,
6.07,
4.67,
5.69,
4.08,
3.9,
4.62,
4.92,
3.65,
4.79,
6.56,
5.8,
4.72,
10.11,
8.21,
7.05,
8.45,
6.35,
7.75,
8.35,
9.58,
7.66,
7.43,
9.23,
9.27,
5.57,
4.81,
4.97,
3.8,
3.72,
5.59,
10.18,
6.36,
4.88,
4.2,
3.71,
3.96,
6.2,
4.38,
6.88,
6.24,
6.32,
4.35,
6.29,
5.98,
6.28,
7.16,
9.53,
7.69,
6.86,
5.97,
5.78,
9.81,
9.82,
10.49,
10.61,
7.24,
5.83,
5.65,
4.61,
3.74,
5.13,
5.41,
5.65,
5.21,
7.11,
7.65,
5.84,
7.19,
5.64,
5.71,
6.07,
5.86,
5.77,
4.63,
4.66,
4.54,
4.97,
5.97,
7.72,
7.16,
7.1,
6.45,
6.84,
6.27,
9.23,
3.58,
3.67,
4.31,
5.38,
7.26,
9.64,
15.13,
11.22,
10.5,
18.82,
13.99,
8.74,
9.08,
9.58,
11.37,
9.47,
9.43,
10.95,
8.55,
10.09,
9.57,
6.85,
7.4,
11.75,
8.09,
5.53,
4.86,
9.64,
7.45,
8.82,
10.77,
10.55,
8.66,
8.76,
7.97,
10.48,
10.81,
10.45,
10.19,
9.03,
8.26,
10.34,
27.8,
10.58,
8.32,
8.37,
9.65,
6.98,
4.87,
9.98,
5.67,
6.34,
10.2,
10.12,
8.78,
8.57,
8.7,
7.98,
8.19,
9.31,
8.16,
8.02,
7.01,
7.39,
8.19,
11.63,
8.32,
8.42,
7.56,
6.45,
5.06,
3.85,
2.32,
3.13,
2.98,
4.2,
4.95,
6.25,
7.2,
6.59,
6.31,
6.64,
7.03,
5.72,
4.39,
3.37,
2.76,
4.25,
3.83,
10.02,
25.1,
14.77,
8.47,
7.42,
5.4,
9.03,
3.31,
3.42,
3.1,
3.82,
3.68,
6.09,
5.38,
6.21,
6.14,
7.05,
7.4,
6.44,
4.95,
4.71,
4.54,
4.01,
6.67,
7.38,
6.12,
6.71,
5.49,
4.59,
5.02,
4.41,
3.81,
3.98,
3.61,
4.38,
3.42,
4.93,
3.57,
4.76,
4.46,
4.1,
5.08,
6.07,
6.83,
7.08,
7.75,
6.19,
6.96,
8.38,
5.91,
6.58,
7.13,
5.56,
5.94,
5.93,
5,
5.39,
5.22,
5.77,
7.94,
8.42,
10.59,
12.69,
10.62,
10.26,
9.85,
7.3,
8.35,
8.18,
7.22,
7.45,
7.87,
9.18,
9.11,
11.12,
10.52,
9.22,
7.96,
11.44,
7.43,
7.69,
5.51,
5.74,
10.45,
7.75,
6.69,
7.73,
6.51,
9.95,
9.99,
9.54,
9.84,
9.44,
9.25,
9.3,
9.95,
8.76,
9.35,
9.28,
7.39,
5.33,
3.64,
4.07,
3.32,
3.27,
2.87,
4.16,
5.52,
8.58,
29.07,
8.01,
8.19,
6.38,
6.76,
5.43,
4.25,
3.94,
4.47,
4.73,
6.61,
6.36,
6.6,
5.64,
6.75,
6.39,
5.23,
11.04,
10.08,
9.56,
10.36,
10.63,
10.77,
13.14,
26.46,
8.41,
8.18,
10.69,
11.2,
9.52,
6.66,
9.03,
9.54,
6.45,
9.12,
8.08,
6.12,
6.1,
8.65,
7.77,
3.64,
3.93,
4.76,
4.76,
4.08,
3.77,
3.78,
5.67,
5.89,
5.03,
6.15,
6.89,
7.38,
12.65,
7.88,
7.3,
6.66,
7.16,
8.96,
13.6,
8.19,
6.94,
5.7,
5.32,
6.21,
6.92,
5.22,
7.85,
6.13,
5.92,
6.94,
15.37,
6.07,
6.64,
13.49,
17.89,
14.22,
8.91,
9.98,
9.84,
10,
6.39,
7.99,
6.83,
5.91,
5.62,
8.51,
5.49,
4.95,
6.12,
4.71,
4.62,
5.08,
5.09,
4.39,
5.25,
5.08,
4.7,
5.26,
5.9,
6.87,
5.82,
5.86,
5.71,
5.19,
6.35,
8.59,
10.26,
7.49,
5.82,
6.23,
4.91,
4.69,
4.09,
4.69,
4.03,
4.67,
4.85,
6.74,
7.65,
10.44,
6.41,
6.77,
13.76,
13.31,
9.5,
7.46,
7.38,
6.96,
5.79,
6.38,
62.17,
29.05,
10.17,
10.59,
8.34,
6.06,
6.63,
5.66,
5.69,
5.52,
6.45,
6.49,
8.06,
67.67,
13.13,
18.38,
8.52,
14.43,
6.56,
6.05,
6.09,
6.86,
6.01,
6.38,
9.21,
6.67,
5.01,
4.65,
4.22,
4.55,
3.95,
4.12,
3.88,
3.87,
4.77,
5.01,
6.06,
6.77,
6.55,
7.27,
55,
7.61,
7.7,
6.25,
6.36,
4.47,
4.35,
5.12,
6.33,
6.41,
5.38,
5.1,
3.78,
4.44,
3.31,
2.83,
2.98,
2.88,
3.45,
3.68,
5.34,
6.18,
5.08,
5.09,
4.32,
4.1,
3.62,
3.58,
3.78,
3.88,
4.33,
5.2,
10.32,
9.13,
17.32,
8.91,
9.95,
6.04,
4.83,
2.58,
3.64,
3.17,
4.14,
4.98,
6.01,
9.35,
5.78,
5.9,
6.1,
6.4,
8.06,
7.41,
9.17,
7.54,
6.99,
6.81,
9.18,
11.98,
5.07,
5.13,
9.05,
9.48,
4.93,
4.71,
5.08,
4.89,
5.29,
5.23,
6.65,
6.34,
8.58,
14.56,
13.74,
17.51,
9.98,
8.99,
5.84,
5.99,
5.85,
7.43,
6.97,
6.52,
5.64,
6.39,
5.19,
4.99,
8.57,
4.66,
6,
6.2,
6.22,
7.02,
8.1,
6.38,
7.25,
6.47,
7.88,
7.87,
6.3,
6.24,
5.1,
5.18,
5.09,
6.6,
12.3,
9.3,
10.45,
8.84,
7.96,
7.5,
7.35,
6.13,
7.98,
10.87,
10.61,
10.42,
13.39,
52.59,
24.39,
19.32,
6.52,
7.58,
12.67,
10.39,
7.45,
6.15,
5.26,
4.96,
14.56,
33.54,
15.78,
23.43,
11.38,
8.83,
10.89,
7.33,
7.91,
6.86,
10.2,
10.52,
10.11,
14.82,
17.48,
6.99,
7.95,
18.52,
4.49,
4.41,
3.73,
3.98,
4.06,
5.87,
9.41,
23.4,
28.38,
11.99,
9.99,
9.95,
4.36,
3.92,
3.36,
2.76,
3.36,
4.65,
6.66,
7.07,
8.23,
13.65,
10.18,
10.32,
9.15,
7.31,
7.14,
7.58,
7.8,
8.69,
21.29,
25.25,
25.96,
11.74,
10.77,
7.3,
4.45,
3.56,
2.57,
4.06,
7.24,
6.26,
9.01,
13,
10.82,
10.08,
10.69,
9.75,
9.4,
11.86,
8.39,
6.89,
8.14,
11.56,
11.48,
12.12,
14.8,
12.86,
11.67,
10.42,
9.3,
6.53,
6.63,
5.8,
10.4,
10.31,
11.19,
13.14,
13.87,
11.39,
12.29,
10.91,
25.19,
10.91,
10.02,
7.01,
5.86,
6.53,
8.25,
7.15,
5.8,
5.19,
4.38,
4.94,
5.45,
8.21,
7.25,
4.21,
5.08,
5.56,
7.13,
7.19,
4.91,
10.08,
9.48,
8.27,
7.36,
9.31,
9.05,
10.44,
9.01,
11.31,
10.81,
8.72,
9,
8.55,
9.07,
7.76,
9.36,
7.39,
6.33,
6.2,
6.35,
6.78,
7.42,
7.86,
6.46,
6.23,
6.55,
7.75,
7.35,
6.62,
5.71,
7.28,
5.94,
6.67,
9.51,
8.04,
8,
7.32,
5.64,
5.99,
5.99,
5.01,
4.74,
4.45,
7.67,
9.67,
11.78,
12.69,
11.26,
12.25,
11.96,
8.43,
9.91,
7.97,
9.47,
6.64,
6.52,
7.88,
10.97,
17.99,
13.69,
12.77,
9.77,
10.08,
10.55,
8.77,
9.56,
6.55,
9.06,
10.72,
19.12,
24.58,
13.73,
10.73,
6.37,
11.76,
9.82,
7.32,
8.27,
8.26,
8.53,
7.8,
10.9,
8.99,
9,
9.88,
9.23,
7.18,
8.97,
6.52,
8.18,
7.16,
9.44,
21.17,
14.54,
33.69,
7.72,
7.01,
7.58,
9.64,
7.4,
5.73,
5.18,
4.83,
4.61,
25.06,
8.5,
11.75,
10.09,
8.28,
7.78,
5.23,
6.46,
6.68,
4.2,
3.53,
4.7,
8.26,
8.74,
7.64,
42.65,
6.08,
9.07,
6.86,
5.81,
5.8,
4.24,
4.07,
4.42,
4.77,
16.91,
8.62,
7.82,
5.8,
4.14,
3.71,
3.52,
3.42,
3.87,
3.41,
4.74,
5.68,
12.08,
19.03,
29.81,
13.98,
16,
9,
7.82,
6.25,
5.63,
6,
5.51,
6.12,
5.76,
6.28,
4.77,
5.76,
4.59,
3.59,
11.29,
9.86,
9.62,
9.67,
8.22,
8.4,
10.09,
10.52,
11.76,
15.19,
17.42,
10.49,
11.81,
11.62,
11.7,
9.8,
9.59,
11.56,
11.59,
9.9,
8.76,
7.93,
7.03,
6.64,
9.44,
5.99,
6.44,
10.13,
9.38,
9.86,
10.71,
9.73,
7.15,
7.4,
8.64,
9.43,
9.28,
8.9,
8.8,
15.43,
16.41,
12.93,
18.73,
9.3,
9.96,
7.79,
6.51,
5.27,
4.43,
3.37,
3.55,
3.45,
4.29,
7.85,
8.51,
10.64,
8.45,
10.48,
19.49,
5.13,
5.07,
5.51,
3.69,
4.23,
3.65,
4.08,
5.75,
6.04,
5.2,
3.41,
4.06,
4.82,
5.16,
3.81,
4.04,
3.76,
3.5,
21.27,
15.46,
11.38,
9.04,
9.72,
10.37,
5.83,
6.04,
4.83,
5.73,
4.32,
6.44,
7.99,
9.43,
9.47,
7.55,
9.72,
4.57,
10.7,
11.44,
11.92,
18.19,
12.27,
9.22,
6.81,
10.62,
9.71,
7.04,
6.62,
6.85,
6.16,
6.05,
5.74,
4.87,
4.79,
6.86,
5.14,
8.8,
5.33,
4.45,
6.48,
3.63,
8.57,
7.76,
7.69,
7.89,
6.6,
7.41,
7.27,
6.95,
6.91,
4.72,
5.81,
5.27,
4.95,
5.58,
5.73,
5.96,
5.94,
6.22,
5.47,
6.44,
6.03,
4.87,
4.17,
3.79,
4.66,
8.71,
6.76,
5.09,
3.26,
3.94,
6.38,
6.87,
5.64,
5.46,
6.15,
5.37,
5.62,
5.21,
5.09,
5.6,
4.42,
3.9,
4.57,
5.84,
22.26,
9.34,
20.65,
6.04,
5.29,
5.38,
4.72,
4.97,
5.81,
3.91,
6.67,
10.62,
28.13,
9.36,
8.8,
13.77,
5.53,
6.04,
5.78,
5.5,
4.68,
4.55,
6.16,
6.53,
13.82,
8.03,
6.64,
5.67,
5.7,
5.06,
4.77,
3.87,
4.41,
2.79,
5.17,
7,
8.5,
23.98,
7.78,
5.87,
5.71,
5.02,
5.27,
4.25,
3.82,
4.08,
5.99,
6.67,
22.18,
7.48,
6.94,
5.69,
3.72,
3.95,
3.99,
3.32,
4.5,
5.35,
9.97,
47.88,
19.65,
11.37,
22.72,
10.55,
8.17,
6.38,
5.92,
5.15,
3.84,
4.28,
5.07,
9.49,
15.68,
8.25,
5.34,
4.32,
3.78,
4.3,
3.62,
3.76,
4.02,
5.64,
13.4,
17.15,
8.46,
5.88,
6.82,
6.48,
4.95,
5.03,
4.42,
3.8,
3.64,
3.53,
4.02,
5.99,
6.82,
5.11,
4.21,
3.24,
3.08,
5.9,
2.88,
3.35,
3.04,
5.67,
10.15,
24.28,
10.05,
9.47,
6.77,
8.22,
6.81,
5.93,
5.67,
5.45,
5.22,
6.44,
7.3,
7.53,
9.07,
8.99,
6.9,
4.41,
4.24,
4.72,
4.17,
4.81,
3.2,
4.46,
8.44,
34.73,
14.52,
25.08,
19.67,
12.63,
11.9,
11.23,
10.05,
8.84,
6.62,
6.18,
6.13,
7.79,
7.47,
6.43,
4.68,
4.52,
4.86,
4.68,
3.16,
3.08,
3.3,
5.14,
9.5,
23.25,
19.95,
8.78,
9.81,
9.99,
9.65,
7.39,
7.73,
6.77,
6.28,
6.35,
6.56,
8.17,
9.04,
6.28,
6.11,
6.07,
5.94,
5.35,
3.99,
4.28,
4.21,
5.48,
6.11,
14.62,
9.98,
9.66,
7.97,
7.26,
6.25,
5.81,
5.74,
5.78,
6.02,
5.75,
6.5,
8.62,
7,
6.2,
4.63,
3.68,
4.01,
4.37,
3.26,
3.04,
2.65,
2.53,
3.39,
5.71,
5.9,
6.35,
7.12,
6.19,
5.9,
6.03,
5.66,
5.67,
5.64,
5.63,
7.45,
11.32,
7.36,
7.75,
5.57,
6.45,
7.52,
9.82,
6,
5.87,
6.08,
6.3,
8.86,
41.67,
14.32,
12.87,
16.18,
18.5,
18.03,
13.02,
10.43,
7.73,
11.07,
8.24,
9.73,
10.44,
25.11,
11.48,
17.15,
6.93,
6.23,
5.49,
4.82,
4.97,
5.47,
8.16,
11.46,
13.24,
11.07,
7.76,
9.76,
5.66,
6.88,
7.29,
6.34,
5.88,
5.92,
6.59,
6.32,
7.81,
7.94,
7.64,
5.95,
3.81,
3.67,
5.21,
2.99,
3.15,
2.98,
7.58,
10.42,
23.19,
8.36,
7.53,
10.19,
11.37,
11.82,
7.96,
9.79,
3.98,
6.92,
6.67,
7.94,
16.3,
16.71,
10.72,
5.72,
6.05,
4.97,
7.59,
4.17,
5.11,
3.52,
6.67,
8.66,
10.25,
8.93,
7.48,
9.52,
6.77,
6.63,
6.49,
7.01,
6.74,
6.53,
5.98,
6.21,
8.6,
8.31,
8.11,
6.57,
4.11,
4.96,
3.91,
2.76,
3.17,
2.96,
3.45,
6.87,
9.95,
10.09,
10.24,
9.84,
11.7,
9.12,
17.28,
9.83,
7.64,
6.83,
6.51,
6.92,
7.57,
7.74,
6.79,
7.45,
4.29,
6.4,
6.35,
3.2,
3.58,
3.08,
2.74,
4.47,
7.75,
6.78,
7.98,
7.79,
8.14,
8.07,
8.7,
7.96,
6.96,
7.33,
8.78,
8.69,
11.87,
9.39,
8.95,
8.46,
6.28,
15.38,
7.84,
6.53,
6.12,
6.11,
5.77,
7.3,
10.1,
35.44,
19.43,
13.34,
16.52,
13,
10.72,
9.3,
7.7,
8.48,
7.63,
12.18,
15.61,
16.42,
11.89,
15.08,
10.07,
9.28,
13.95,
14,
11.65,
10.24,
16.38,
10.9,
23.85,
21.32,
8.23,
9.53,
7.62,
7.53,
8.29,
8.4,
7.78,
7.1,
7.77,
8.72,
10.32,
44.7,
9.49,
9.04,
7.12,
6.3,
5.99,
6.65,
6,
6.46,
8.17,
8.91,
51.34,
12.55,
12.37,
8.45,
8.39,
7.75,
7.18,
6.13,
5.35,
5.09,
5.83,
5.73,
7.16,
38.49,
54.43,
6.81,
5.85,
4.93,
7.83,
6.39,
5.49,
4.94,
5.45,
8.14,
11.31,
9.9,
8.04,
13.19,
15.09,
12.22,
12.98,
9.95,
8.18,
7.68,
7.61,
7.73,
11.63,
37.15,
10.63,
8.6,
5.2,
5.67,
5.99,
4.48,
4.31,
4.36,
5.39,
10.85,
9.68,
10.24,
8.04,
8.05,
14.72,
6.14,
7.63,
7.52,
7.07,
8.91,
21.58,
12.11,
19.9,
16.25,
12.91,
23.28,
10.75,
9.34,
10.75,
8.45,
7.6,
8.46,
8.34,
14.28,
23.63,
43.58,
30.51,
46.42,
18.5,
9.73,
10.68,
12.38,
15.18,
9.63,
10.5,
8.85,
10.21,
9.17,
10.24,
7.91,
5.8,
4.82,
7.34,
5.25,
4.69,
4.23,
5.1,
5.28,
7.23,
7.71,
9.79,
14.33,
10.74,
10.33,
8.21,
11.1,
9.19,
12.3,
22.9,
15.27,
12,
9.68,
9.32,
6.96,
5.6,
6.11,
7.17,
3.25,
3.34,
3.99,
3.95,
6.37,
7.09,
5.89,
6.44,
25.58,
8.81,
7.82,
9.25,
7.39,
7.12,
6.01,
7.89,
7.94,
8.76,
8.57,
13.08,
7.8,
7.22,
6.04,
4.42,
3.69,
3,
1.92,
3.26,
8.35,
9.32,
9.91,
8.9,
12.29,
12.42,
12.76,
13.22,
9.63,
12.76,
16.89,
17,
13.28,
8.85,
9.97,
26.04,
7.34,
5.24,
5.71,
5.88,
4.42,
2.89,
3.11,
7.3,
10.56,
10.44,
15.86,
10.3,
11.66,
10.01,
8.1,
9.26,
9.32,
23.33,
16.13,
27.91,
8.35,
11.95,
7.33,
26.29,
7,
6.4,
5.94,
5.18,
7.58,
3.94,
3.83,
4.64,
8.51,
8.02,
8.82,
7.83,
8.47,
8.04,
10.07,
10.25,
11.22,
9.58,
10.83,
11.48,
27.26,
15.41,
10.3,
13.75,
10.07,
7.29,
6.9,
5.25,
3.78,
3.35,
3.16,
5.83,
9.22,
10.67,
9.11,
9.31,
8.31,
8.59,
7.84,
7.48,
7.14,
6.61,
6.87,
6.95,
7.07,
7.95,
7.17,
7.68,
5.79,
4.76,
5.13,
3.41,
2.93,
3.02,
4.18,
5.07,
8.59,
8.29,
8.17,
7.57,
6.8,
5.89,
5.79,
6.71,
5.72,
5.88,
5.87,
5.66,
5.94,
7.77,
7.04,
8.03,
5.59,
5.16,
4.78,
4.78,
3.79,
4.43,
3.86,
3.42,
6.8,
6.91,
8.66,
10.42,
10.23,
10.82,
11.46,
6.46,
6.26,
5.32,
5.39,
5.94,
9.89,
10.33,
24.82,
9.45,
9.08,
7.39,
7.66,
4.5,
6.15,
6.15,
5.48,
4.58,
6.02,
6.87,
6.99,
8.51,
7.35,
8.42,
7.78,
7.29,
7.21,
6.75,
6.61,
7.56,
8.37,
12.11,
12.59,
11.42,
8.87,
6.17,
5.71,
5.46,
4.27,
4.13,
4.09,
5.95,
8.49,
11.55,
11.81,
10.63,
7.94,
8.09,
10.06,
11.11,
8.27,
8.06,
7.15,
7.34,
7.02,
8.14,
8.14,
8.48,
6.04,
6.11,
4.93,
4.06,
2.78,
4.31,
5.7,
5.39,
23.48,
26.35,
9.54,
9.53,
11.14,
8.51,
9.35,
9.25,
8.6,
8.08,
9.11,
8.28,
8.17,
26.21,
8.64,
7.44,
6.95,
4.55,
3.66,
6.69,
3.81,
4.03,
3.49,
5.09,
8.81,
10.43,
8.02,
7.39,
7.03,
7.29,
7.23,
6.28,
6.06,
6.05,
5.98,
7.46,
7.9,
14.13,
10.85,
9.05,
11.41,
11.95,
10.49,
8.46,
8.23,
4.59,
4.1,
5.72,
9.3,
10.6,
8.44,
8.04,
8.23,
8.09,
9.68,
8.62,
7.75,
7.83,
11.04,
10.56,
12.5,
12.46,
8.56,
7.92,
5.79,
5.19,
4.57,
8.76,
6.07,
4.66,
5.56,
4.5,
6.01,
5.65,
5.94,
8.68,
8.75,
6.01,
6.48,
7.5,
6.46,
5.66,
5.77,
5.27,
6.32,
7.83,
8.31,
8.71,
8.31,
6.24,
4.76,
7.53,
4.51,
4.38,
5.16,
3.79,
6.05,
6.29,
9.22,
9.42,
7.96,
7.6,
7.35,
6.36,
5.84,
5.75,
6.22,
5.78,
7.65,
8.99,
6.69,
8.88,
10.33,
10.58,
7.43,
7.47,
7.22,
6.15,
6.47,
5.74,
11.69,
14.09,
13.05,
28.04,
10.43,
10.52,
10.12,
9.88,
11.61,
11.19,
8.01,
7.35,
11.26,
12.02,
9.36,
9.05,
9.49,
6.64,
8.59,
11,
7.38,
9.93,
10.07,
7.02,
14.03,
13.98,
25.14,
14.13,
15.27,
11.32,
8.74,
9.76,
12.46,
15.62,
27.95,
25.39,
23.4,
13.26,
9.48,
23.59,
9.32,
5.97,
5.38,
4.14,
3.11,
2.88,
2.88,
4.8,
8.02,
10.37,
13.16,
13.69,
11.52,
11.12,
14.05,
15.89,
51.14,
15.74,
19.04,
22.51,
22.08,
46.06,
54.03,
52.82,
12.6,
11.65,
10.06,
10.39,
4.91,
5.18,
4.37,
7.22,
8.68,
8.78,
10.44,
27.65,
10.66,
9,
12.83,
13.74,
17.57,
24.19,
13.15,
25.56,
15.35,
12.72,
10,
10.29,
13.07,
6.3,
12.45,
12.8,
6.92,
5.08,
5.78,
8.63,
10.12,
11.46,
8.14,
9.16,
8.98,
8.86,
7.12,
16.02,
9.76,
10.27,
10.93,
10.99,
7.48,
8.08,
8.49,
8.41,
6.74,
6.02,
6.14,
9.59,
6.19,
6.32,
5.61,
5.43,
12.47,
11.18,
10.76,
8.74,
7.52,
7.37,
7.7,
8.34,
8.06,
7.68,
8.13,
7.96,
8.4,
9.38,
9.06,
9.29,
15.1,
8.2,
7.48,
10.34,
8.26,
7.51,
6.98,
7.69,
14.56,
9.35,
8.16,
11.01,
8.3,
8.71,
8.67,
8.6,
8.16,
8.3,
8.88,
9.33,
11.53,
37.33,
11.05,
13.15,
10.63,
46.58,
9.84,
9.08,
8.83,
6.11,
5.12,
9.46,
7.09,
10.55,
9.28,
13.58,
9.2,
8.21,
8.31,
7.45,
9.31,
9.69,
7.94,
8.25,
8.72,
9.71,
8.1,
8.42,
7.71,
6.78,
6.8,
8.56,
5.53,
5.9,
7.22,
9.56,
11.39,
9.48,
10.21,
6.61,
8.15,
6.68,
8.31,
13.12,
13.2,
20.37,
11.66,
6.68,
6.61,
8.74,
17.45,
8.11,
13.12,
9.77,
12.05,
7.51,
6.19,
5.87,
6.32,
5.77,
9.61,
11.27,
20.76,
10.8,
19.61,
8.75,
29.81,
8.75,
9.19,
30.92,
12.17,
12.48,
16.55,
10.45,
7.73,
8.59,
8.61,
6.25,
6.5,
6.95,
5.92,
4.54,
4.63,
7.3,
14.78,
17.52,
14.39,
11.87,
13.38,
13.84,
16.77,
8.44,
10.64,
11.01,
18.58,
14.28,
18.32,
17.47,
12.85,
30.1,
8.72,
10.66,
8.31,
7.5,
5.16,
5.19,
4.84,
9.01,
12.24,
18.47,
10.29,
10.46,
8.99,
8.73,
7.76,
7.55,
7.37,
7.34,
8.69,
9.45,
8.13,
8.13,
8.81,
9.2,
7.73,
6.82,
5.71,
6.96,
8.4,
5.14,
5.19,
6.29,
11.03,
11.12,
13.89,
12.04,
11.45,
10.74,
9.12,
10.15,
9.89,
9.69,
11.46,
10.39,
8.67,
8.64,
8.49,
11.27,
11.04,
7.56,
7.21,
8.02,
6.06,
5.81,
5.97,
5.84,
5.81,
6.72,
7.03,
9.08,
9.62,
9.33,
9.47,
8.59,
9.41,
9.04,
8.19,
7.85,
9.24,
11.26,
7.82,
7.21,
7.04,
6.98,
6.45,
7.13,
6.47,
6.47,
5.56,
6.47,
6.21,
7.89,
8.24,
10.23,
7.59,
9.88,
7.98,
7.51,
10.86,
10.6,
11.11,
9.07,
12.47,
11.32,
7.61,
7.99,
6.23,
10.09,
8.49,
8.12,
9.32,
7.78,
9.79,
6.94,
10.56,
11.05,
8.83,
8.41,
9.32,
10.63,
8.33,
9.2,
8.98,
9.71,
10.92,
10.54,
12.87,
15.07,
11.42,
10.05,
9.46,
9.22,
9.48,
9.92,
9.46,
7.56,
4.52,
6,
6.9,
8.87,
11.02,
8.18,
10.98,
11.01,
11.85,
22.12,
13.11,
12.21,
14.01,
14.69,
14.18,
16,
12.71,
13.15,
11.45,
10.54,
10.34,
13.75,
4.68,
10.57,
5.67,
6.57,
9.33,
10.86,
10.18,
6.85,
7.68,
10.04,
10.05,
10.02,
10.29,
9.79,
10.07,
8.23,
8.97,
10.67,
9.94,
8.97,
7.76,
7.74,
6.31,
5.66,
4.3,
9.5,
4.93,
7.21,
7.88,
11.29,
10.47,
9.7,
10.73,
10.22,
15.66,
8.9,
9.33,
10.04,
8.72,
8.5,
7.94,
9.21,
20.54,
27.3,
11.69,
10.51,
10.1,
10.71,
7.78,
6.39,
6.23,
8.98,
11.11,
11.27,
12.16,
12.89,
12.73,
12.99,
12.11,
11.71,
11.72,
11.28,
11.88,
11.51,
10.43,
11.53,
10.82,
11.38,
10.36,
9.5,
8.37,
10.16,
10.35,
10.02,
6.86,
6.54,
7.41,
8.81,
9.41,
10.11,
9.96,
9.76,
11.5,
11.38,
11.04,
10.34,
10.15,
9.93,
10.26,
11.37,
9.37,
9.65,
7.98,
7.08,
6.78,
9.76,
10.84,
7.63,
6.89,
6.47,
6.52,
9.2,
6.88,
7.53,
8.58,
9.84,
7.96,
9.77,
10.1,
9.71,
10.98,
10.94,
21.53,
17.35,
11.69,
10.39,
10.35,
9.1,
10,
9.01,
7.18,
10,
10.01,
9.78,
11.3,
12.47,
18.48,
13.5,
9.19,
13.72,
12.25,
19.44,
11.83,
11.17,
11.46,
12.16,
14.58,
18.27,
11.51,
9.55,
9.83,
9.07,
6.98,
9.34,
7.18,
8.27,
8.08,
8.52,
11.25,
11.55,
12.75,
7.97,
11.42,
9.3,
10.61,
10.64,
11.19,
10.95,
10.74,
20.2,
22.16,
9.01,
7.87,
8.11,
5.1,
5.02,
4.09,
8.2,
7.01,
6.87,
7.09,
8.01,
9.88,
9.47,
10.39,
8.66,
10.08,
17.2,
10.61,
13.97,
27.7,
14.7,
18.39,
17.72,
12.04,
12.71,
12.84,
11.08,
9.56,
8.59,
8.98,
5.29,
6.09,
4.97,
5.15,
6.32,
7.47,
6.97,
6.77,
6.58,
7.84,
8.62,
9.58,
13.34,
27.43,
46.7,
9.49,
8.96,
10.91,
9.58,
8.85,
9.45,
16.35,
8.85,
7.96,
5.56,
4.92,
4.09,
4.66,
5.49,
6.85,
7.72,
7.82,
7.94,
9.73,
9.08,
8.74,
10.49,
9.27,
10.79,
12.01,
14.52,
13.79,
11.91,
11.7,
10.98,
12.5,
9.55,
6.61,
6.55,
4.95,
4.55,
4.67,
4.18,
5.06,
5.84,
6.28,
6.2,
8.22,
9.9,
8.32,
10.02,
8.42,
10.02,
9.26,
11.63,
10.34,
11.34,
12.27,
9.62,
8.58,
8.76,
7.46,
11.64,
10.94,
10.06,
8.16,
7.02,
6.44,
9.76,
10.59,
12.09,
9.78,
10.53,
8.76,
9.24,
8.88,
9.43,
9.64,
8.78,
10.05,
10.29,
6.6,
5.58,
4.06,
5.58,
7.23,
7.76,
5.29,
5.59,
5.98,
7,
6.8,
10.11,
9.26,
9.9,
9.15,
9.33,
9.08,
9.42,
10.67,
11.78,
11.18,
10.69,
10.57,
11.6,
11.49,
11.77,
10.41,
10.09,
9.83,
11.73,
7.98,
9.49,
8.95,
7.27,
7.2,
7.93,
8.65,
9.77,
6.56,
8.45,
10.16,
10.15,
10.64,
8.97,
10.75,
9.21,
9.09,
10.68,
8.35,
7.86,
8.15,
7.56,
7.38,
9.22,
10.77,
12.19,
11.74,
10.42,
8.04,
7.34,
7.8,
7.03,
7.13,
6.09,
6.72,
7.09,
9.44,
10.18,
12.69,
10.5,
9.97,
11.47,
7.96,
7.58,
6.9,
7.81,
6.64,
9.09,
7.66,
8.05,
10.67,
11.6,
11.53,
7.94,
6.9,
6.61,
6.75,
7,
6.49,
8.94,
7.62,
9.05,
7.06,
8.99,
7.41,
8.5,
8.55,
10.65,
7.69,
6.87,
4.83,
4.39,
4.4,
5.33,
8.31,
9.84,
8.79,
7.7,
7.65,
6.97,
7.87,
9.34,
12.55,
10.97,
14.96,
18.26,
18.4,
11.04,
11.43,
10.09,
10.57,
9.89,
7.59,
6.48,
11.12,
10.41,
8.8,
8.74,
11.18,
8.38,
9.74,
11.64,
7.5,
7.31,
6.57,
7.12,
6.47,
6.04,
6.31,
6.69,
8,
7.33,
9.35,
10.77,
8.02,
7.52,
6.4,
6.23,
5.81,
6.68,
6.45,
6.44,
6.69,
5.94,
5.61,
7.53,
7.01,
6.96,
8.51,
8.56,
8.66,
9.01,
8.69,
8.57,
8.27,
9.57,
9.59,
10.78,
9.16,
8.94,
7.09,
6.88,
7.57,
7.14,
7.68,
8.32,
10.32,
10.92,
12.78,
11.52,
8.42,
6.44,
6.81,
6.89,
6.82,
7.01,
8.05,
9,
8.32,
8.96,
9.49,
9.62,
9.5,
7.06,
5.77,
5.41,
7.29,
7.95,
7.26,
6.94,
9.08,
7.2,
8.35,
5.93,
7.06,
6.99,
8.99,
7.39,
7.05,
9.82,
30.01,
26.91,
13.17,
13.45,
9.65,
12.82,
11.76,
13.72,
9.52,
7.9,
9.99,
8.24,
5.52,
4.41,
4.09,
5.85,
6.78,
7.09,
8.21,
8.52,
9.14,
8.69,
7.27,
18.04,
36.41,
8.17,
12.58,
9.45,
8.5,
11.5,
10.54,
11.55,
10.68,
9.5,
7.13,
7.98,
4.37,
6.22,
4.14,
4.72,
5.83,
7.37,
8.02,
8.38,
7.84,
7.26,
7.91,
6.99,
6.17,
7.39,
9.87,
10.42,
14.37,
37.31,
11.56,
17.56,
9.41,
7.9,
6.78,
5.6,
3.82,
3.14,
3.56,
3.27,
4.62,
6.14,
6.86,
6.76,
7.48,
8.57,
6.93,
6.63,
7.13,
25.3,
9.14,
7.29,
8.72,
7.42,
9.21,
5.78,
5.7,
5.48,
4.02,
7.42,
8.28,
4.14,
3.8,
3.04,
3.52,
4.68,
5.32,
6.13,
7.8,
7.86,
7.73,
9.2,
9.93,
9.3,
17.86,
8.31,
20.35,
12.09,
10.23,
6.45,
6.89,
5.91,
5.85,
8.23,
6.29,
7.08,
7.77,
7.65,
5.51,
7,
6.66,
6.52,
7.69,
5.79,
5.81,
6.19,
6.3,
23.94,
11.53,
24.11,
21.84,
15.53,
10.62,
10.12,
7.26,
5.41,
6,
6.51,
5.98,
6.58,
6.61,
6.67,
5.88,
5.46,
5.87,
5.15,
5.66,
6.24,
6.76,
7.28,
8.74,
9.09,
8.48,
7.99,
6.45,
6.64,
6.09,
6.13,
4.71,
4.35,
3.91,
6.79,
7.44,
6.78,
6.03,
6,
8.62,
7.77,
4.88,
5.07,
5.3,
5.79,
6.7,
7.74,
7.23,
11.18,
10.74,
7.75,
7.92,
9.07,
8.95,
9.84,
7.71,
10.13,
5.95,
6.99,
4.87,
4.33,
5.3,
5.59,
7.58,
8.51,
9.66,
7.92,
11.24,
11.16,
10.24,
44.09,
46.1,
31.38,
42.14,
14.63,
8.85,
11.2,
10,
9.45,
9.18,
8.08,
6.57,
7.03,
6.18,
5.07,
5.43,
7.01,
6.94,
7.31,
8.17,
8.08,
9.79,
8.64,
8.27,
8.23,
15.99,
18.04,
26,
8.88,
18.88,
8.42,
9.82,
21.55,
8.46,
6.66,
5.09,
5.77,
4.53,
4.01,
3.41,
4.12,
4.86,
5.81,
7.15,
6.87,
8.27,
8.71,
6.88,
6.72,
10.51,
11.94,
12.76,
9.03,
8.88,
8.6,
6.96,
6.26,
6.64,
5.79,
5.42,
5.19,
3.13,
4.55,
4.44,
3.08,
2.61,
5.19,
5.58,
6.45,
6.27,
6.43,
6.77,
8.34,
8.32,
7.49,
14.47,
13.9,
12.28,
14.72,
8.22,
7.59,
6.34,
5.4,
4.6,
8.67,
5.42,
3.78,
3.56,
3.31,
3.43,
6.8,
7.24,
4.79,
6.16,
7.53,
6.79,
6.6,
6.86,
7.46,
9.59,
8.6,
9.65,
9.96,
7.81,
7.75,
6.59,
5.37,
4.62,
6.73,
3.21,
5.31,
5.15,
4.96,
7.16,
6.53,
6.47,
6.9,
6.25,
6.2,
6.71,
6.12,
6.52,
8.07,
9.78,
7.3,
8.6,
8.77,
9.37,
9.54,
7.54,
7.83,
4.47,
7.26,
4.42,
3.68,
3.73,
3.73,
7.6,
6.1,
7.23,
6.35,
7.8,
8.32,
7.57,
6.95,
8.41,
11.61,
25.24,
24.02,
19.19,
12.64,
9.86,
11.97,
8.33,
5.92,
7.16,
8.32,
4.75,
5.11,
5.21,
4.92,
7.66,
6.28,
6.13,
5.77,
6.84,
6.31,
5.97,
6.97,
7.88,
8.07,
9.17,
7.98,
8.36,
7.57,
6.16,
6.85,
6.71,
4.45,
4.4,
6.53,
5.64,
5.72,
5.55,
5.62,
6.44,
5.96,
6.85,
6.56,
6.74,
7.96,
8.23,
11.14,
11.03,
11.48,
10.85,
10.19,
9.85,
9.65,
9.64,
8.76,
6.84,
4.31,
6,
7.91,
8.67,
9.35,
8.54,
9.55,
9.44,
6.73,
10.08,
6.05,
7.1,
7.39,
6.99,
6.7,
7.87,
8.23,
8.72,
8.56,
9.07,
8.43,
7.29,
7.29,
7.45,
5.34,
4.95,
6.53,
8.35,
9.16,
8.38,
5.99,
4.84,
5.56,
5.43,
6.01,
5.46,
5.38,
6.53,
6.02,
7.33,
9.8,
9.44,
9.12,
9.32,
7.64,
6.78,
7.48,
7.3,
6.95,
6.22,
5.86,
6.16,
6.84,
6.83,
4.27,
5.12,
7.23,
6.09,
5.81,
6.12,
6.01,
5.42,
5.63,
6.3,
9.07,
10,
9.58,
10.67,
10.38,
8.05,
7.48,
7.28,
6.59,
6.65,
6.26,
5.92,
4.87,
4.19,
5.13,
7.24,
6.6,
6.57,
5.72,
5.86,
5.55,
6.43,
8,
8.7,
11.89,
6.8,
8.12,
7.53,
7.68,
8.53,
8.29,
6.03,
6.17,
5.74,
6.46,
5.08,
4.52,
4.52,
6.02,
6.81,
6.63,
6.63,
5.84,
5.73,
9.56,
9,
8.5,
11.33,
17.1,
12.27,
22.31,
15.17,
23.99,
14.77,
25.68,
8.91,
7.38,
6.66,
6.12,
5.92,
4.45,
3.36,
4.28,
6.39,
6.8,
6.81,
6.41,
7.04,
6.84,
11.29,
11.43,
26.83,
17.79,
16,
9.92,
10.51,
10.56,
9.93,
9.32,
8.34,
6.79,
5.62,
5.54,
4.32,
3.98,
3.72,
4.28,
5.35,
6.14,
6.48,
5.93,
5.93,
6.7,
7.49,
25.39,
10.36,
10.52,
9.78,
7.84,
8.15,
8.97,
8.65,
8.44,
6.9,
6.27,
5.69,
5.45,
4.44,
4.91,
4.6,
5.01,
5.81,
6.54,
6.74,
6.77,
6.77,
6.69,
7.95,
7.67,
7.32,
7.32,
7.72,
7.35,
7.45,
7.46,
7.51,
6.9,
6.27,
4.95,
4.63,
6.38,
6.14,
5.48,
5.24,
4.37,
4.08,
7.09,
4.71,
4.89,
5.94,
5.97,
6.42,
6.83,
6.78,
6.4,
7.46,
7.54,
8.56,
8.35,
6.85,
6.61,
5.75,
6.2,
6.32,
6.52,
5.87,
5.69,
6.5,
7.03,
14.38,
8.84,
5.36,
5.44,
5.28,
5.28,
5.15,
5.5,
5.92,
6.51,
6.78,
6.68,
7.5,
7.11,
5.49,
5.25,
5.3,
5.34,
4.49,
5.28,
4.61,
3.64,
6.14,
6.14,
6.88,
7.66,
7.55,
6.8,
6.83,
6.78,
6.84,
7.32,
6.77,
9.03,
9.34,
9.64,
8.02,
9.18,
7.97,
7.35,
8.79,
8.35,
5.69,
8.29,
8.12,
7.64,
10.13,
8.98,
8.28,
9.18,
7.09,
6.74,
6.69,
7.77,
6.9,
6.73,
6.13,
6.88,
7.33,
7.14,
6.52,
6.68,
8.4,
8.11,
6.22,
6.44,
5.32,
4.2,
3.71,
4,
4.26,
4.75,
6.44,
6.31,
6.73,
6.96,
6.64,
5.07,
4.65,
5.18,
5.21,
5.31,
5.25,
8.39,
8.25,
5.27,
5.93,
5.87,
6.9,
6.26,
5.87,
4.72,
4.67,
5.24,
5.11,
5.51,
6.41,
6.59,
6.52,
6.85,
5.66,
6.11,
5.42,
4.7,
5.25,
4.39,
5.08,
9.85,
5.98,
5.49,
6.89,
5.66,
5.11,
6.24,
5.88,
4.68,
3.6,
3.71,
4.17,
4.16,
6.07,
6.96,
7.17,
7.38,
5.1,
4.84,
4,
3.39,
3.76,
5.78,
6.92,
9.71,
6.73,
5.51,
6.14,
7.28,
5.55,
6.19,
6.02,
5.73,
4.16,
3.99,
3.7,
3.42,
3.44,
5.02,
5.53,
7.73,
7.2,
9.39,
9.85,
9.96,
6.42,
9.23,
9.43,
10.04,
15.89,
82.18,
20.08,
6.63,
8.65,
7.31,
6.32,
5.21,
5.33,
5.23,
4.65,
4.17,
3.95,
5.5,
5.89,
5.3,
5.06,
4.21,
4.39,
5.85,
5.32,
5.89,
6.71,
6.24,
7.54,
6.95,
6.42,
4.52,
4.38,
6.5,
5.42,
5.34,
4.31,
5.26,
4.12,
4.32,
6,
6.82,
6.74,
4.61,
4.14,
4.56,
5.36,
9.36,
17.81,
6.78,
12.4,
22.22,
10.17,
6.52,
5.58,
13.9,
8.5,
7.95,
5.84,
4.87,
4.1,
3.93,
3.7,
4.11,
5.36,
6.1,
5.99,
4.48,
4.37,
5.2,
5.44,
9.52,
8.8,
9.09,
10.31,
9.59,
7.09,
5.58,
4.94,
4.84,
4.98,
5.33,
5.32,
5.29,
3.74,
3.62,
3.7,
3.96,
5.63,
6.62,
7.18,
5.51,
5.37,
7.97,
9.06,
18.25,
14.95,
9.82,
12.56,
9.29,
9.66,
6.03,
4.93,
5,
4.99,
5.98,
5.41,
5.2,
4.07,
5.48,
6.19,
7,
7.92,
6.49,
6.4,
5.31,
6.09,
7.06,
8.67,
8.32,
6.64,
6.36,
6.94,
24.85,
6.19,
6.36,
5.7,
5.51,
5.52,
5.88,
5.46,
5.63,
4.45,
4.68,
4.58,
4.74,
6.39,
6.74,
6.74,
4.76,
4.68,
4.47,
4.89,
4.18,
3.84,
4.35,
6.87,
7.4,
5.45,
3.7,
5.22,
6.55,
5.29,
5.64,
6.13,
6.3,
5.36,
5.26,
5.07,
3.94,
3.96,
6.23,
5.6,
6.15,
5.82,
6.79,
7.65,
19.88,
7.28,
7.86,
8.35,
8.36,
8.6,
8.85,
6.2,
6.28,
6.16,
5.41,
5.72,
6.6,
5.47,
5.09,
4.6,
3.21,
3.56,
4.3,
5.69,
4.76,
5.21,
5.26,
5.5,
9.39,
9.07,
11.75,
14.21,
30.17,
14.5,
10.57,
7.69,
7.49,
7.16,
5.69,
5.79,
5.16,
6.14,
4.85,
5.06,
4.12,
6.46,
6.87,
6.75,
7.02,
7.24,
6.83,
13.98,
37.57,
7.38,
10.7,
28.44,
53.91,
7.56,
9.79,
6.74,
7.59,
7.14,
6.77,
6.7,
5.25,
3.84,
3.58,
3.92,
4.1,
5.98,
6.53,
6.11,
6.13,
6.59,
7.04,
7.56,
5.3,
7.78,
20.92,
30.69,
167.55,
56.45,
43.56,
18.86,
50.4,
13.7,
7,
5.86,
5.44,
4.98,
5.11,
4.86,
5.56,
6.34,
6.78,
9.37,
7.9,
7.32,
6.65,
5.75,
9.28,
8.15,
7.07,
8.2,
7.39,
7.14,
6.29,
5.25,
5.33,
7.87,
7.97,
6.1,
5.24,
4.85,
4.34,
3.65,
4.6,
6.4,
6.92,
7.69,
5.5,
5.72,
5.14,
5.53,
5.13,
10.37,
10.88,
20.94,
11.52,
6.64,
6.22,
5.51,
5.6,
6.22,
6.29,
5.53,
4.45,
4.17,
3.75,
3.8,
3.41,
4.92,
5.4,
7.04,
6.29,
5.81,
6.58,
6.85,
6.25,
28.71,
7.32,
15.51,
21.2,
6.65,
6.95,
9.36,
8.3,
7.5,
6.96,
6.48,
5.93,
3.99,
3.71,
3.79,
3.52,
3.69,
4.73,
5.8,
5.83,
8.49,
7.23,
4.87,
5.01,
6.17,
7.13,
10.26,
11.15,
11.56,
10.67,
9.73,
9.91,
9.21,
7.83,
6.18,
5.86,
4.6,
4.13,
3.57,
3.76,
3.77,
5.59,
5.03,
5.52,
9.33,
6.89,
5.52,
6.28,
6.2,
8.29,
11.06,
10.7,
11.15,
10.44,
6.49,
8.18,
6.31,
6.31,
5.73,
5.45,
4.16,
4.09,
4.08,
4.99,
6.19,
7.93,
7.95,
5.69,
6.55,
4.85,
4.86,
6.87,
6.07,
6.45,
6.31,
6.36,
5.88,
5.29,
5.57,
5.81,
6.23,
7.7,
6.14,
5.17,
4.35,
3.89,
3.77,
5.71,
6.85,
8.45,
7.1,
5.17,
4.29,
4.71,
5.67,
6.66,
35.92,
14.5,
9.25,
7.82,
69.55,
9.54,
7.36,
5.98,
7.08,
7.81,
6.63,
4.93,
3.78,
3.76,
3.77,
5.1,
6.35,
8.29,
8.08,
4.44,
5.02,
4.28,
8.7,
5.23,
6.14,
13.42,
8.49,
7.62,
8.9,
18.13,
7.62,
6.36,
5.05,
6.07,
5.56,
4.69,
3.89,
3.57,
3.95,
4.35,
5.56,
6.54,
5.36,
3.17,
3.27,
3.65,
3.83,
3.75,
4.32,
3.44,
3.12,
3.04,
4.09,
3.66,
3.93,
4.08,
4.56,
4.56,
4.01,
4.19,
2.98,
2.99,
2.94,
3.32,
5.19,
5.78,
4.85,
3.02,
3.29,
3.9,
3.91,
3.34,
2.93,
2.96,
3.27,
3.39,
4.39,
3.62,
3.33,
3.53,
4.36,
6.07,
5.3,
5.33,
3.83,
3.29,
3.06,
3.19,
3.13,
4.42,
4.85,
5.39,
5.09,
4.92,
7.24,
4.94,
4.23,
4.31,
4.66,
4.26,
4.72,
4.64,
4.05,
4.35,
4.36,
4.96,
5.87,
6.67,
3.4,
4.38,
4.73,
3.09,
3.97,
7.24,
6.41,
6.74,
6.71,
6.93,
8,
8,
7.68,
7.5,
6.5,
8.41,
10.45,
8.61,
7.15,
6.05,
6.36,
6.33,
5.65,
5.85,
4.14,
5.26,
6.64,
5.85,
6.88,
6.88,
7.21,
6.3,
5.56,
4.95,
5.4,
5.33,
5.69,
6.33,
7.64,
8.74,
8.03,
7.82,
7.64,
6.68,
6.61,
6.89,
6.74,
7.1,
5.98,
4.81,
5.22,
7.09,
7.69,
7.02,
7.03,
6.74,
6.46,
5.84,
6.6,
7,
7.75,
7.27,
8.52,
7.81,
7.58,
12.69,
7.73,
7.56,
7.81,
7.12,
5.99,
6.33,
4.73,
5.77,
5.74,
5.25,
6.87,
8.07,
7.35,
7.05,
6.84,
7.19,
9.35,
11.49,
15.2,
10.2,
11.99,
23.69,
9.57,
15.17,
10.09,
10,
8.81,
7.03,
6.92,
7.3,
7.21,
6.52,
6.83,
9.58,
9.06,
9.21,
10.05,
8.07,
8.9,
10.13,
9.66,
9.26,
8.32,
8.4,
18.67,
26.69,
9.8,
7.66,
8.04,
7.59,
6.95,
6.99,
6.85,
6.34,
5.03,
5.24,
5.31,
5.32,
6.87,
7.18,
7.62,
6.77,
6.52,
5.84,
5.63,
10.86,
7.48,
7.76,
9,
17.44,
8.28,
7.18,
7.58,
5.81,
6.04,
6.98,
6.63,
7.19,
5.64,
4.27,
5.02,
3.43,
3.01,
4.91,
5.99,
8.18,
8.14,
7.03,
6.48,
6.61,
7.93,
9.75,
9.61,
41.23,
28.74,
21.47,
9.2,
8.04,
7.22,
7.38,
6.77,
6.73,
6.74,
6.48,
5.77,
4.37,
3.91,
6.76,
7,
7.28,
8.24,
8.36,
7.97,
8.81,
8.46,
9.13,
9.1,
11.22,
59.51,
10.22,
10.41,
11.87,
8.17,
6.91,
6.69,
6.6,
5.92,
5.39,
6.13,
6.95,
8.99,
10.57,
10.6,
8.55,
7.03,
12.63,
7.44,
6.47,
7.7,
6.87,
4.12,
4.29,
5.26,
5.46,
6.03,
7.56,
8.51,
7.53,
6.83,
6.97,
6.78,
6.42,
6.34,
6.43,
7.71,
6.61,
7.35,
7.15,
8.22,
10.72,
11.7,
7.99,
9.23,
11.9,
7.94,
8.1,
10.48,
10.76,
9.43,
8.82,
9.79,
7.41,
6.33,
6.27,
5.66,
5.06,
6.52,
8.97,
6.42,
6.65,
6.59,
6.76,
5.16,
7.24,
8.37,
7.79,
14.31,
7.56,
9.64,
17.61,
10.14,
10.13,
7.7,
6.63,
7.94,
6.87,
6.57,
5.86,
3.89,
3.77,
3.96,
3.79,
5.9,
6.45,
6.2,
4.51,
4.71,
4.76,
4.42,
4.77,
6,
11.54,
34.66,
63.19,
10.93,
8.83,
7.48,
5.44,
5.2,
6.52,
4.83,
3.41,
4.05,
3.96,
3.86,
3.92,
6.03,
7.05,
7.13,
7.62,
6.43,
5.95,
5.48,
6.19,
10.48,
15.36,
69.81,
11.33,
7.53,
6.75,
7.34,
7.02,
6.21,
6.65,
6.19,
4.49,
4.47,
4.24,
4.25,
2.88,
3.14,
5.43,
4.54,
6.05,
6.59,
7.88,
9.93,
9.55,
9.11,
9.35,
13.93,
18.36,
14.23,
13.11,
7.91,
8.01,
8.23,
5.75,
4.57,
4.99,
4.42,
4.03,
4.23,
2.9,
2.84,
3.66,
4.43,
4.57,
5.68,
5.47,
5.4,
6.01,
7.95,
8.55,
9,
7.87,
9.62,
9.53,
8.72,
6.73,
6.28,
5.77,
4.47,
3.79,
4.12,
4.35,
3.76,
4.04,
5.24,
4.45,
4.38,
4.94,
4.34,
4.25,
4.65,
4.91,
5.74,
11.08,
13.01,
7.83,
4.88,
4.62,
4.52,
4.43,
5.28,
4.63,
3.73,
3.87,
3.26,
3.31,
3.18,
2.87,
4.49,
5.86,
5.85,
6.2,
5.39,
4.15,
4.53,
4.99,
6.28,
5.55,
9.62,
10.59,
14.9,
9.02,
6.48,
5.93,
5.45,
5.66,
5.81,
4.08,
4.57,
3.73,
3.62,
3.21,
4.31,
3.87,
4.18,
4.95,
6.5,
6.21,
6.25,
12.38,
5.63,
5.69,
9.73,
26.56,
9.28,
7.48,
5.98,
6.16,
6.38,
5.4,
3.97,
5.98,
4.96,
5.28,
5.09,
4.12,
5.91,
5.6,
5.92,
7.51,
8.36,
8.95,
6.75,
6.82,
8.97,
8.74,
9.29,
9.24,
7.66,
7.21,
7.4,
6.95,
5.83,
6.75,
6.53,
5.89,
5,
5.26,
4.38,
3.85,
5.99,
6.21,
5.48,
6.37,
6.54,
6.41,
7.28,
7.82,
9.58,
28.2,
18.4,
20.76,
13.06,
8.64,
6.57,
7.18,
6.46,
6.77,
6.04,
5.78,
5.97,
7.36,
6.49,
3.79,
3.57,
5.97,
5.89,
6.08,
7.61,
8.04,
7.99,
7.56,
8.16,
8.76,
9.59,
22.11,
14.99,
12.78,
8.76,
9.76,
7.25,
6.75,
6.81,
7.09,
6.49,
6.42,
6.42,
4.23,
4.09,
6.38,
6.16,
6.57,
6.74,
7.26,
7.31,
6.34,
7.8,
8.44,
8.75,
11.32,
13.27,
13.9,
11.21,
9.12,
8.1,
6.24,
6.77,
6.97,
5.91,
5.34,
5.57,
6.14,
6.94,
6.71,
6.27,
6.15,
6.06,
6.32,
7,
12.49,
5.31,
37.31,
6.34,
10.3,
8.12,
36.04,
11.16,
23.65,
6.63,
6.3,
7.05,
7.14,
6.48,
5.95,
6.25,
6.5,
7.52,
7.22,
8.91,
6.76,
7.34,
11.42,
8.17,
5.48,
11.4,
8.85,
16.2,
9.89,
8.51,
7.42,
6.63,
6.37,
6.75,
6.73,
6.53,
6.42,
3.88,
3.34,
3.09,
3.99,
6.37,
6.29,
6.34,
6.68,
6.88,
7.03,
10.69,
12.35,
13.28,
7.39,
14.22,
17.14,
15.51,
7.46,
6.57,
7.05,
6.11,
6.52,
6.2,
6.59,
5.59,
5.54,
4.87,
5.76,
6.93,
6.23,
6.52,
6.77,
7.15,
8.18,
8.09,
7.76,
9.69,
7.52,
8.64,
9.1,
9.34,
6.63,
7.34,
7.08,
6.39,
6.32,
6.12,
5.51,
3.54,
3.78,
4.09,
3.95,
5.54,
6,
5.12,
6.44,
6.73,
5.74,
5.86,
7.2,
9.32,
24.67,
33.55,
15.14,
9,
7.87,
7.4,
7.23,
6.49,
6.36,
4.44,
6.81,
6.42,
7.42,
7.55,
5.8,
4.79,
6.19,
4.2,
4.97,
6.44,
5.84,
5.48,
5.82,
6.26,
6.65,
7.35,
8.18,
7.85,
6.58,
5.67,
5.33,
6.51,
6.44,
4.39,
5.07,
6.16,
5.38,
5.63,
4.77,
4.59,
4.91,
4.78,
5.83,
5.91,
5.65,
5.8,
4.61,
4.82,
5.22,
5.38,
6.38,
7.49,
7.18,
4.9,
4.84,
4.91,
5.79,
5.08,
#REF!,
#REF!,
#REF!,
#REF!,
#REF!,
#REF!,
#REF!,
#REF!,
#REF!,
#REF!,
#REF!,
#REF!,
#REF!,
#REF!,
#REF!,
#REF!,
#REF!,
#REF!,
#REF!,
#REF!,
#REF!,
#REF!,
#REF!,
#REF!,
#REF!,
#REF!,
#REF!,
#REF!,
#REF!,
#REF!,
#REF!,
#REF!,
#REF!,
#REF!,
#REF!,
#REF!,
#REF!,
#REF!,
#REF!,
#REF!,
#REF!,
#REF!,
#REF!,
#REF!,
#REF!,
#REF!,
#REF!,
#REF!,
#REF!,
#REF!,
#REF!,
#REF!,
#REF!,
#REF!,
#REF!,
#REF!,
#REF!,
#REF!,
#REF!,
#REF!,
#REF!,
#REF!,
#REF!,
#REF!,
#REF!,
#REF!,
#REF!,
#REF!,
#REF!,
#REF!,
#REF!,
#REF!,
#REF!,
#REF!,
#REF!,
#REF!,
#REF!,
#REF!,
#REF!,
#REF!,
#REF!,
#REF!,
#REF!,
#REF!,
#REF!,
#REF!,
#REF!,
#REF!,
#REF!,
#REF!,
#REF!,
#REF!,
#REF!,
#REF!,
#REF!,
#REF!,
#REF!,
#REF!,
#REF!,
#REF!,
#REF!,
#REF!,
#REF!,
#REF!,
#REF!,
#REF!,
#REF!,
#REF!,
#REF!,
#REF!,
#REF!,
#REF!,
#REF!,
#REF!,
#REF!,
#REF!,
#REF!,
#REF!,
#REF!,
#REF!,
#REF!,
#REF!,
#REF!,
#REF!,
#REF!,
#REF!,
#REF!,
#REF!,
#REF!,
#REF!,
#REF!,
#REF!,
#REF!,
#REF!,
#REF!,
#REF!,
#REF!,
#REF!,
#REF!,
#REF!,
#REF!,
#REF!,
#REF!,
#REF!,
#REF!,
#REF!,
#REF!,
#REF!,
#REF!,
#REF!,
#REF!,
#REF!,
#REF!,
#REF!,
#REF!,
#REF!,
#REF!,
#REF!,
#REF!,
#REF!,
#REF!,
#REF!,
#REF!,
#REF!,
#REF!,
#REF!,
#REF!,
#REF!,
3.58,
4.31,
4.05,
4.35,
4.47,
7.28,
7.31,
6.39,
5.71,
7.44,
8.52,
8.69,
8.55,
8.43,
8.34,
7.97,
7.49,
8.48,
8.28,
9.03,
7.91,
5.37,
5.69,
4.23,
5.56,
5.86,
5.97,
7.28,
5.73,
7.5,
8.98,
8.84,
8.45,
10.65,
10.4,
15.52,
19.18,
17.71,
10.1,
11.54,
11,
16.65,
11.71,
9.05,
9.53,
6.83,
7.08,
6.86,
4.6,
3.58,
4.36,
3.87,
3.4,
6.03,
7.28,
7.02,
6.71,
8.44,
8.96,
7.73,
9.48,
9.74,
10.29,
21.86,
11.95,
11.63,
11.64,
9.01,
10.64,
8.19,
6.83,
5.47,
4.24,
4.48,
5.19,
6,
5.49,
4.92,
6.74,
7.08,
7.05,
7.66,
7.48,
8.58,
9.25,
9.18,
11.88,
23.65,
53.69,
10.66,
13.71,
9.74,
9.58,
7.35,
5.83,
5.21,
5.58,
4.55,
4.01,
4.79,
5.37,
7.23,
7.27,
5.97,
5.69,
6.73,
7.55,
7.44,
12.1,
19.58,
15.16,
14.72,
9.21,
7.8,
6.95,
6.92,
7.36,
7.25,
6.67,
6.63,
6.29,
5.87,
5.41,
5.91,
3.51,
3.44,
5.05,
4.19,
4.51,
6.84,
7.12,
7.73,
6.92,
7.05,
9.19,
11.33,
9.58,
10.28,
9.22,
8.62,
8.89,
7.02,
6.11,
5.62,
3.78,
3.6,
4.14,
4.47,
2.48,
4.39,
3.92,
4.14,
4.6,
6.37,
6.39,
6.12,
7.04,
6.6,
6.96,
7.79,
7.66,
8.93,
8.29,
6.93,
6.78,
6.02,
5.78,
5.54,
4.69,
3.85,
4.32,
4.64,
3.23,
4.48,
4.29,
4.27,
4.65,
7.01,
7.71,
7.78,
7.65,
7.96,
16.72,
11.62,
24.67,
7.92,
8.38,
7.81,
8.66,
6.34,
5.66,
3.4,
3.66,
3.61,
3.97,
4.76,
2.58,
5.57,
6.72,
6.53,
6.73,
7.79,
7.52,
5.79,
5.74,
6.09,
9.11,
6.8,
17.75,
7.56,
8.49,
7.85,
8.66,
8.59,
7.51,
7.37,
7.59,
6.05,
4.47,
5.99,
6.96,
8.15,
7.56,
7.67,
7.39,
9.2,
9.4,
8.84,
7.95,
9.85,
9.4,
47.57,
33.81,
8.39,
8.05,
7.94,
8.47,
6.78,
6.48,
5.69,
5.01,
4.15,
5.28,
5.78,
5.86,
6.45,
6.23,
6.43,
6.39,
6.46,
6.37,
8.31,
8.68,
7.8,
8.03,
18.02,
12.16,
9.17,
8.5,
8.65,
9.05,
7.95,
6.86,
6.81,
5.18,
5.14,
5.15,
5.32,
5.15,
5.97,
6.96,
6.77,
6.48,
6.5,
7.4,
7.73,
7.74,
7.24,
7.82,
9.54,
9.08,
7.59,
7.82,
8.66,
8.33,
7.71,
6.67,
6.43,
5.76,
4.19,
4.09,
3.74,
3.34,
3.47,
4.63,
4.56,
5.63,
6.55,
6.68,
8.22,
8.11,
8.3,
9.28,
24.71,
10.1,
9,
10.17,
8.78,
6.1,
6.28,
5.71,
5.78,
4.86,
4.64,
4.43,
4.97,
3.95,
3.86,
5.83,
6.36,
6.21,
6.25,
6.81,
7.69,
8.27,
8.73,
8.1,
7.85,
8.42,
8.99,
8.93,
8.22,
7.61,
6.41,
6.02,
5.86,
5.52,
3.87,
3.73,
3.82,
4.98,
6.44,
7.49,
7.16,
6.83,
7.5,
8.69,
13.03,
11.3,
28.35,
10.4,
67.18,
28.31,
7.81,
10.25,
10.1,
7.28,
7.18,
6.56,
5.9,
4.31,
5.26,
5.1,
5.17,
4.74,
7.47,
7.37,
7.04,
6.2,
5.58,
6.17,
6.2,
5.38,
6.22,
12.86,
30.56,
8.13,
13.48,
42.01,
6,
5.45,
6.69,
6.65,
6.51,
5.78,
4.22,
5.64,
6.25,
6.3,
7.55,
8.04,
9.28,
6.82,
6.18,
8.95,
5.14,
9.39,
7.96,
4.79,
7.11,
9.15,
15.52,
7.01,
10.66,
9.02,
6.36,
6.41,
6.5,
6.22,
5.64,
5.73,
5.56,
5.82,
7.66,
7.48,
6.23,
6.52,
6.5,
7.53,
6.69,
8.5,
7.35,
8.11,
9.96,
8.04,
7.12,
9.27,
8.87,
6.67,
7.17,
6.78,
5.78,
6.71,
5.37,
5.2,
5.75,
6.57,
6.96,
7.13,
7.56,
6.56,
6.61,
7.07,
8.38,
21.01,
7.27,
7.44,
6.86,
6.75,
6.33,
5.86,
6.27,
6.48,
7.68,
7.51,
7,
7.86,
8.21,
8.84,
9.36,
9.18,
9.25,
8.79,
9.12,
9.6,
6.83,
9.17,
10.13,
10.02,
9.14,
10.03,
10,
10.14,
9.84,
9.56,
8.51,
7.77,
7.37,
6.46,
6.7,
6.79,
7.26,
8.7,
9.33,
6.76,
6.76,
8.4,
7.52,
6.88,
6.63,
7.54,
7.18,
6.44,
7.77,
8.22,
81.3,
23.18,
46.16,
10.36,
10.12,
7.74,
8.27,
7.06,
6.67,
7.21,
6.76,
6.26,
5.98,
6.11,
8.25,
9.19,
8.31,
8.69,
6.22,
6.46,
6.19,
5.48,
6.54,
6.01,
5.96,
5.37,
5.61,
5.04,
6.14,
8.11,
9.15,
8.01,
6.76,
8.63,
7.77,
6.72,
7.79,
7.24,
7.26,
10.36,
9.2,
7.75,
8.56,
9.24,
9.09,
7.96,
7.08,
7.14,
8.8,
9.03,
9.32,
9.88,
9.69,
9.44,
8.28,
6.35,
6.35,
6.79,
6.99,
6.7,
6.83,
6.6,
6.73,
6.91,
6.67,
6.46,
7.14,
7.02,
7.72,
8.07,
7.41,
7.56,
6.69,
7.93,
8.4,
8.05,
9.29,
6.98,
8.96,
7.35,
6.74,
6.53,
6.2,
6.76,
6.59,
6.01,
7.48,
8.39,
7.31,
7.96,
7.78,
6.7,
7.13,
7.9,
9.08,
9.18,
9.25,
9.18,
8.9,
9.77,
9.2,
7.42,
8.5,
6.42,
6.14,
6.61,
5.24,
4.81,
4.5,
6.76,
8.09,
8.98,
9.17,
9,
10.16,
9.5,
10.64,
9.84,
14.38,
8.82,
8.7,
10.24,
9.82,
9.02,
9.9,
9.28,
9.45,
7.62,
6.87,
7.78,
6.41,
6,
5.08,
4.41,
4.91,
5.22,
6.03,
6.82,
7.42,
8.19,
8.33,
9.3,
8.91,
9.82,
8.92,
8.05,
9.2,
9.02,
8.1,
8.83,
9.05,
7.93,
7.31,
7.96,
6.72,
6.45,
6.48,
5.27,
5.29,
6.46,
6.71,
6.98,
8.31,
8.17,
13.1,
10.87,
16.76,
7.24,
7.57,
11.81,
15.23,
16.46,
52.25,
7.58,
8.38,
8.93,
8.83,
7.73,
7.06,
6.86,
6.93,
7,
8.86,
9.47,
8.1,
6.48,
7.12,
12.42,
11.08,
14.44,
20.77,
18.02,
20.25,
11.07,
10.73,
8.72,
10.01,
7.2,
6.95,
6.87,
6.75,
6.96,
5.58,
6.4,
6.2,
5.76,
6.71,
6.78,
6.71,
6.32,
6.55,
7.28,
8.37,
9.19,
9.76,
10.25,
10.47,
10.05,
9.42,
8.92,
10.33,
6.72,
6.5,
6.76,
6.75,
6.78,
6.86,
6.87,
6.8,
7.11,
7.05,
7.77,
6.97,
6.43,
8.4,
7.68,
9.34,
10.7,
10.64,
11.51,
11.6,
11.95,
10.23,
10.67,
10.42,
7.8,
6.68,
7.14,
6.94,
6.9,
9.07,
10.04,
10.27,
7.52,
6.82,
7.21,
6.59,
5.55,
6.67,
7.51,
7.09,
9.36,
8.49,
10.01,
11.56,
9.52,
7.6,
7.18,
8.3,
6.86,
6.46,
7.49,
8.49,
9.69,
10.96,
10.96,
10.84,
9.91,
6.92,
6.67,
6.41,
5.49,
6.44,
6.93,
8.51,
10.91,
12.94,
8.54,
10.55,
8.61,
10.32,
8.6,
7.3,
6.64,
5.99,
6.45,
6.43,
6.44,
5.94,
6.02,
6.44,
5.95,
6.24,
6.54,
5.64,
5.47,
6.75,
7.09,
7.78,
9.39,
8.98,
9.07,
10.12,
8.69,
8.75,
8.2,
7.92,
6.97,
6.56,
6.88,
6.68,
6.89,
6.87,
6.95,
7.19,
6.95,
6.9,
9.25,
7,
5.12,
5.59,
5.97,
7,
8.22,
8.47,
9.59,
7.98,
8.25,
8.35,
8.49,
7.05,
6.09,
5.52,
6.12,
6,
5.01,
5.22,
6.14,
6.86,
5.91,
6.51,
6.51,
6.01,
4.53,
5.75,
6.33,
5.35,
5.08,
4.94,
6.18,
5.17,
5.93,
5.96,
5.43,
6.28,
5.13,
6.04,
5.12,
5.03,
5.92,
4.96,
5.83,
5.94,
6.31,
6.83,
8.21,
7.22,
6.85,
7.34,
9.18,
5.62,
10.03,
27.86,
111.01,
116.93,
18.98,
10.53,
7.4,
7.68,
6.12,
7.58,
6.71,
5.99,
4,
2.95,
4.35,
4.4,
4.87,
8.04,
9.23,
6.81,
5.09,
6.82,
7.13,
9.49,
18.73,
35.23,
10.9,
20.98,
29.01,
10.57,
10.69,
9.43,
6.97,
6.68,
5.19,
4.58,
6.48,
6.03,
6.2,
6.1,
6.15,
6.52,
7.26,
7.23,
4.62,
5.47,
5.88,
6.77,
6.97,
9.1,
9.14,
9.26,
8.44,
7.55,
7.49,
7.67,
6.33,
5.39,
5.8,
5.41,
6.47,
5.81,
8.17,
7.07,
7.11,
6.87,
6.87,
7.3,
6.57,
6.8,
7.18,
7.31,
8.07,
8.15,
10.27,
17.1,
9.54,
6.96,
6.82,
6.82,
6.34,
6.34,
6.14,
4.85,
9.92,
9.21,
9.98,
10,
6.83,
7.3,
6.89,
6.72,
6.53,
6.72,
7.81,
8.16,
7.79,
8.49,
9.63,
10.83,
10.23,
10.77,
10.42,
12.09,
8.81,
10.16,
9.74,
8.99,
7.5,
6.93,
7.03,
7.68,
6.46,
6.16,
7.56,
8.21,
6.36,
6.82,
7.81,
8.82,
9.9,
8.44,
10.19,
9.41,
9.62,
10.2,
10.56,
8.77,
7.51,
8.97,
9.2,
9.09,
7.86,
7.07,
6.79,
7.36,
7.31,
7.4,
8.1,
8.7,
9.19,
11.17,
10.32,
8.96,
7.72,
8.34,
9.12,
10.06,
10.03,
11.44,
10.35,
8.82,
5.96,
6.59,
6.93,
8.2,
7.26,
6.84,
8.48,
8.31,
5.74,
9.32,
9.21,
8.65,
5.94,
8.58,
7.42,
7.1,
6.83,
7.06,
6,
7.03,
7.04,
6.91,
8.19,
7.72,
6.91,
6.71,
6.97,
6.12,
6.24,
8.04,
7.5,
7.08,
5.14,
6.94,
6.69,
6.7,
5.43,
7.7,
7.48,
8,
8.05,
9.35,
18.4,
10.88,
12.34,
13.92,
9.69,
9.71,
8.25,
6.57,
6.81,
7.31,
7.21,
6.66,
6.64,
6.77,
6.91,
7.98,
8.57,
9.43,
7.78,
8.98,
15.21,
20.14,
7.7,
7.81,
8.01,
10.08,
9.63,
8.05,
8.77,
8.63,
7.43,
6.14,
7.64,
8.82,
7.66,
7.22,
7.13,
6.65,
7.16,
10.56,
9.75,
9.13,
7.06,
6.28,
8.92,
7.77,
9.93,
9.96,
7.84,
10.06,
10.32,
9.95,
8.81,
8.18,
8.22,
7.24,
5.14,
6.17,
9.4,
7.34,
7.83,
7.77,
6.74,
6.11,
7.34,
6.8,
7.46,
7.43,
8.36,
8.07,
9.15,
6,
4.1,
4.13,
4.49,
6.47,
7.17,
7.31,
6.46,
6.17,
5.32,
5.83,
9.2,
9.15,
9.22,
9.16,
8.42,
8.25,
7.71,
6.43,
6.53,
6.81,
6.02,
5.07,
4.7,
4.45,
5.14,
6.53,
7.15,
8.48,
44.38,
13.73,
9.02,
10.13,
10.1,
8.24,
7.37,
7.26,
7.3,
8.67,
6.88,
8.22,
13.37,
10.26,
7.63,
7.55,
8.74,
7.7,
7.41,
7.34,
7.64,
7.42,
7.35,
6.82,
8.56,
5.98,
6.31,
7.08,
6.53,
6.66,
6.78,
5.83,
5.91,
8.05,
7.06,
6.58,
8.95,
7.53,
7.4,
7.89,
10.26,
9.5,
9.2,
9.99,
20.51,
10.26,
9.62,
7.68,
8.49,
7.75,
6.73,
6.97,
7.1,
6.69,
8.37,
7.11,
7,
6.55,
6.69,
7.24,
8.75,
9.93,
8.95,
8.92,
14.64,
9.18,
9.03,
8.67,
8.16,
8.73,
10.58,
9.04,
18.76,
9.16,
6.71,
6.62,
5.18,
4.98,
6.41,
5.17,
5.28,
4.88,
6.1,
7.33,
8.04,
8.34,
7.42,
7.17,
7.61,
6.9,
6.31,
5.64,
4.95,
6.75,
5.24,
5.51,
8.42,
9.79,
9.68,
9.81,
7.89,
5.94,
5.4,
5.51,
5.56,
5.54,
5.99,
8.14,
10.53,
9.28,
9.43,
9.11,
8.69,
9.29,
10.44,
7.42,
9.35,
7.31,
7.07,
7.29,
7.89,
7.78,
7.73,
10.79,
7.57,
7,
5.41,
5.95,
6.07,
4.99,
4.63,
5.45,
6.92,
6.32,
6.17,
6.89,
8.96,
6.34,
6.42,
6.44,
6.33,
6.41,
8.69,
19.16,
21.04,
6.82,
6.34,
6.37,
5.65,
5.48,
7.26,
5.34,
5.03,
4.59,
4.41,
4.24,
5.46,
5.08,
5.41,
5.8,
6.17,
6.25,
6.71,
6.49,
7.41,
7.84,
9.19,
8.91,
8.86,
8.01,
7.62,
5.75,
6.22,
5.43,
5.15,
6.97,
7.06,
4.7,
5.19,
6.8,
7.1,
9.15,
6.86,
7.08,
6.68,
6.9,
7.08,
8.52,
7.07,
6.82,
7.9,
7.18,
8.34,
7.11,
7.13,
6.3,
6.21,
7,
6.28,
5.79,
6.72,
6.21,
5.59,
6.56,
9.8,
10.02,
10.21,
9.77,
9.61,
9.06,
9.21,
10.58,
9.67,
9.35,
9.46,
8.44,
9.48,
8.34,
6.26,
5.82,
5.72,
9.21,
8.4,
6.95,
7.47,
7.31,
9.26,
8.87,
7.87,
10.01,
6.29,
6.01,
5.18,
5.27,
5.11,
4.77,
4.22,
3.99,
4.35,
4.84,
8.22,
5.71,
5.32,
7.36,
6.63,
6.86,
6.89,
5.73,
5.77,
5.87,
7.16,
7.96,
7.9,
5.72,
6.99,
7.66,
7.15,
7.89,
5.66,
5.14,
4.99,
5.03,
4.93,
6.9,
15.03,
7.76,
4.56,
5.39,
7.48,
6.55,
6.91,
6.63,
6.62,
6.56,
6.94,
7.02,
9.18,
9.34,
8.6,
9.33,
14.46,
7.85,
8.02,
9.03,
7.91,
9.04,
8.41,
8.45,
8.21,
6.91,
7.59,
7.28,
7.09,
6.79,
6.84,
6.84,
6.81,
6.89,
6.55,
5.89,
7.08,
6.59,
7.72,
9.12,
8.1,
7.13,
7.11,
8.08,
8.63,
8.25,
9.36,
10.34,
9.92,
7.94,
8.76,
7.94,
7.54,
7.34,
8.91,
7.75,
7.99,
8.48,
7.12,
6.83,
7.08,
6.86,
7.24,
7.1,
7.22,
7.25,
6.97,
7.56,
7.2,
7.57,
8.16,
8.38,
9.64,
8.62,
8.71,
7.88,
8.05,
7.72,
7.17,
7.79,
7.93,
7.29,
7.68,
7.69,
6.83,
7.38,
6.85,
7.4,
7.29,
6.07,
4.65,
4.75,
5.01,
5.62,
6.49,
6.81,
8.92,
7.2,
6.31,
7.49,
7.46,
6.78,
7.31,
7.26,
7.26,
7.07,
6.58,
7.36,
11.84,
10.25,
8.5,
7.99,
10.51,
13.6,
10.22,
11.27,
10.12,
9.85,
10,
9.46,
59.91,
7.46,
7.79,
9.9,
9.79,
7.83,
6.76,
6.53,
6.51,
6.26,
6.79,
8.38,
7.94,
11.64,
16.45,
7.29,
14.01,
16.23,
7.66,
6.25,
7.89,
7.66,
8.76,
11.95,
21.7,
9.44,
9.24,
9.46,
9.47,
7.3,
4.23,
2.99,
2.93,
3.41,
3.94,
6.61,
8.31,
16.22,
8.09,
10.72,
9.19,
8.02,
9.88,
6.79,
6.95,
6.73,
6.09,
7.59,
8.22,
6.41,
11.64,
9.71,
6.98,
4.45,
5.6,
4.97,
4.62,
4.11,
5.05,
12.92,
39.26,
9.74,
7.72,
7.25,
7.04,
6.53,
5.42,
5.96,
5.08,
5.04,
5.34,
5.83,
7.24,
6.09,
5.87,
6.26,
7.37,
6.54,
32.39,
8.57,
8.73,
7.72,
6.35,
8.34,
13.34,
11.82,
22.59,
7.55,
7.31,
7.42,
6.33,
6.31,
6.3,
6.31,
7.29,
20.16,
9.94,
10.34,
10.24,
8.99,
6.51,
6.66,
6.36,
9.04,
6.32,
6.34,
6.19,
6.06,
7.25,
8.37,
8.59,
7.38,
7.46,
6.91,
6.34,
6.31,
6.31,
6.09,
6.25,
7.55,
12.2,
8.89,
7.68,
6.86,
6.35,
6.94,
6.28,
5.32,
6.23,
6.17,
6.4,
6.4,
7.71,
8.34,
6.88,
7.57,
7.19,
7.16,
7.22,
6.53,
6.46,
6.22,
5.98,
5.87,
7.6,
6.96,
6.18,
6.14,
6.35,
6.12,
6.51,
4.63,
4.83,
3.88,
6.39,
6.57,
6.66,
10.25,
19.15,
5.29,
5.31,
5.91,
5.51,
6.53,
7.43,
6.19,
7.3,
6.55,
11.39,
10.09,
10.11,
8.64,
7.57,
5.4,
6.06,
3.7,
4.35,
3.92,
6.92,
8,
9.66,
20.75,
6.98,
8.03,
8.77,
6.74,
7.42,
7.08,
6.76,
6.25,
6.16,
8.32,
12.23,
8.97,
8.97,
7.25,
7.15,
4.99,
4.84,
4.1,
5.55,
6.73,
6.83,
6.53,
6.06,
8.48,
6.42,
288.3,
20.72,
16.4,
7.09,
6.74,
7.64,
7.43,
11.31,
7.69,
17,
15.8,
20.1,
20,
10.92,
9.49,
6.24,
5.36,
3.91,
3.38,
4.35,
6.11,
6.49,
11.7,
21.6,
10.21,
7.12,
8.08,
6.41,
6.53,
6.61,
6.58,
6.43,
8.39,
11.95,
8.29,
8.94,
9.98,
7.31,
5.17,
5.63,
6.32,
5.08,
8.62,
4.51,
3.6,
4.58,
5.73,
6.85,
11.85,
6.26,
7.47,
5.87,
5.62,
5.28,
3.98,
3.48,
6.32,
7.13,
5.01,
4.37,
3.79,
2.93,
3.74,
5.84,
3.2,
3.6,
2.54,
2.82,
2.53,
4.33,
5.32,
6.22,
4.75,
4.99,
6.06,
5.68,
5.69,
5.67,
6,
5.06,
5.81,
5.8,
3.25,
3.74,
5.86,
5.48,
5.09,
5.69,
5.25,
5.54,
5.7,
6.95,
8.64,
5.42,
6.36,
3.88,
3.49,
6.71,
8.32,
6.31,
6.35,
6.48,
6.3,
6.42,
5.62,
5.74,
6.49,
5.76,
5.74,
4.01,
2.58,
4.66,
2.56,
2.56,
2.14,
2.69,
2.45,
4.24,
7.46,
7.96,
7.3,
7.23,
7.13,
8.02,
7.68,
8,
8.2,
8.1,
8.76,
15.97,
15.09,
11.13,
9.03,
8.87,
6.66,
7.67,
11.39,
9.57,
10.42,
10.56,
8.45,
19.86,
252.98,
21.56,
6.74,
7.07,
11.97,
7.44,
6.85,
7.03,
7.41,
9.79,
8.29,
7.94,
9.31,
7.12,
8.2,
6.82,
5.12,
3.57,
3.28,
2.33,
2.83,
3.5,
4.69,
6.95,
7.12,
6.77,
6.69,
7.82,
7.52,
6.34,
6.3,
6.06,
5.82,
5.78,
6.64,
6.69,
5.78,
5.78,
7.51,
7.66,
6.58,
5.49,
4.4,
4.89,
5.4,
6.96,
8.01,
8.58,
8.75,
9.06,
8.28,
9.25,
9.13,
9.4,
7.56,
7.32,
7.16,
7.42,
6.9,
6.28,
6.43,
6.63,
7,
7.45,
6.59,
6.39,
6.58,
5.95,
5.75,
5.12,
4.02,
7.72,
7.93,
7.45,
8.54,
7.83,
7.14,
7.23,
7.55,
7.85,
6.2,
7.49,
8.01,
7.61,
6.18,
6.34,
5.9,
5.73,
5.53,
4.77,
3.57,
3.74,
3.91,
3.84,
4.1,
6.09,
6.68,
6.76,
6.4,
6.92,
6.79,
6.19,
4.69,
4.03,
3.97,
4.08,
5.56,
7.05,
7.02,
7.54,
6.58,
6.05,
5.19,
5.91,
3.9,
4.74,
5.23,
4.84,
5.8,
7.08,
8.09,
7.25,
6.57,
6.56,
7.62,
9.36,
5.96,
6.04,
5.94,
6.44,
11.51,
7.64,
6.37,
6.75,
6.54,
5.61,
4.28,
4.8,
3.51,
3.48,
3.27,
4.32,
5.42,
7.26,
8.2,
6.97,
7.77,
8.18,
7.97,
6.94,
7.04,
6.67,
6.34,
6.22,
7.94,
8.43,
9.28,
7.7,
7.81,
6.5,
5.27,
5.04,
4.29,
4.26,
3.86,
4.5,
4.99,
8.15,
9.53,
8.07,
7.9,
7.87,
8.26,
7.38,
6.65,
6.6,
6.64,
7.34,
7.18,
8.51,
8.46,
8.45,
8.06,
6.65,
6.05,
6.33,
5.08,
6.53,
6.07,
5.83,
9.71,
9.78,
9.25,
7.58,
9.65,
7.03,
9.84,
9.76,
9.39,
8.05,
8.28,
7.85,
9,
9.2,
9.21,
9.31,
7.5,
5.56,
5.72,
5.71,
3.29,
3.58,
3.59,
6.06,
7.34,
8.47,
9.33,
8.26,
8.67,
9.11,
9.65,
8.3,
9.55,
9.37,
8.66,
7.92,
12.02,
9.06,
8.01,
9.59,
8.11,
7.96,
5.62,
6.14,
5.16,
4.85,
4.6,
4.53,
4.3,
6.18,
6.37,
6.1,
6.2,
7.04,
6.73,
5.79,
6.59,
6.23,
6.12,
6.53,
7.68,
7.62,
7.1,
6.65,
7.05,
6.96,
6.16,
4.78,
3.78,
3.69,
3.78,
3.26,
3.93,
6.09,
5.13,
5.74,
5.59,
5.58,
5.23,
5.04,
4.68,
4.47,
5.32,
5.46,
6.72,
7.9,
6.48,
6.13,
5.9,
4.82,
4.34,
#REF!,
#REF!,
#REF!,
#REF!,
#REF!,
#REF!,
#REF!,
#REF!,
#REF!,
#REF!,
#REF!,
#REF!,
#REF!,
#REF!,
#REF!,
#REF!,
#REF!,
#REF!,
#REF!,
#REF!,
#REF!,
#REF!,
#REF!,
#REF!,
#REF!,
#REF!,
#REF!,
#REF!,
#REF!,
#REF!,
#REF!,
#REF!,
#REF!,
#REF!,
#REF!,
#REF!,
#REF!,
#REF!,
#REF!,
#REF!,
#REF!,
#REF!,
#REF!,
#REF!,
#REF!,
#REF!,
#REF!,
#REF!,
#REF!,
#REF!,
#REF!,
#REF!,
#REF!,
#REF!,
#REF!,
#REF!,
#REF!,
#REF!,
#REF!,
#REF!,
#REF!,
#REF!,
#REF!,
#REF!,
#REF!,
#REF!,
#REF!,
#REF!,
#REF!,
#REF!,
#REF!,
#REF!,
#REF!,
#REF!,
#REF!,
#REF!,
#REF!,
#REF!,
#REF!,
#REF!,
#REF!,
#REF!,
#REF!,
#REF!,
#REF!,
#REF!,
#REF!,
#REF!,
#REF!,
#REF!,
#REF!,
#REF!,
#REF!,
#REF!,
#REF!,
#REF!,
#REF!,
#REF!,
#REF!,
#REF!,
#REF!,
#REF!,
#REF!,
#REF!,
#REF!,
#REF!,
#REF!,
#REF!,
#REF!,
#REF!,
#REF!,
#REF!,
#REF!,
#REF!,
#REF!,
#REF!,
#REF!,
#REF!,
#REF!,
#REF!,
#REF!,
#REF!,
#REF!,
#REF!,
#REF!,
#REF!,
#REF!,
#REF!,
#REF!,
#REF!,
#REF!,
#REF!,
#REF!,
#REF!,
#REF!,
#REF!,
#REF!,
#REF!,
#REF!,
#REF!,
#REF!,
#REF!,
#REF!,
#REF!,
#REF!,
#REF!,
#REF!,
#REF!,
#REF!,
#REF!,
#REF!,
#REF!,
#REF!,
#REF!,
#REF!,
#REF!,
#REF!,
#REF!,
#REF!,
#REF!,
#REF!,
#REF!,
#REF!,
#REF!,
#REF!,
#REF!,
#REF!,
#REF!,
7.69,
6.61,
7.1,
6.3,
7.68,
9.89,
9.91,
9.05,
6.84,
6.67,
7.04,
6.72,
9.85,
6.86,
6.57,
6.42,
7.71,
6.66,
7.35,
6.77,
6.71,
7.3,
7.91,
7.15,
5.67,
3.88,
4.55,
4.62,
5.66,
6.28,
7.9,
9.08,
7.1,
7.19,
8.24,
7.96,
7.41,
6.29,
6.46,
5.99,
6.64,
7.93,
6.93,
5.39,
6.99,
8.69,
7.61,
3.87,
8.25,
5.79,
5.21,
5.45,
7.52,
10.94,
9.65,
8.42,
7.78,
6.56,
7.03,
6.75,
6.82,
6.69,
6.76,
6.69,
7.6,
6.77,
6.65,
6.68,
6.69,
6.82,
8.49,
6.77,
6.71,
4.96,
4.05,
3.39,
3.96,
5.51,
5.83,
6.18,
5.83,
5.3,
6.08,
6.13,
5.79,
5.99,
6.1,
5.9,
6.32,
7.07,
5.47,
4.87,
5.07,
4.97,
4.04,
3.85,
5.89,
3.87,
4.08,
4.07,
7.38,
7.69,
6.7,
6.04,
5.95,
5.97,
5.85,
6.13,
5.85,
5.67,
5.48,
5.63,
5.91,
7.09,
6.15,
6.64,
6.64,
7.1,
6.16,
6.38,
7.87,
5.78,
5.68,
6.11,
7.26,
6.79,
6.64,
6.07,
15.21,
8.24,
7.85,
6.75,
5.59,
5.46,
5.09,
4.83,
5.23,
7.37,
7,
6.16,
5.64,
6.27,
5.76,
8.24,
9.28,
4.63,
7.64,
6.8,
5.54,
6.01,
6.3,
6.18,
5.03,
6.63,
5.74,
5.49,
5.49,
5.38,
5.36,
5.7,
6.78,
15.63,
9.97,
7.33,
13.2,
5.95,
5.86,
5.18,
6.45,
4.17,
5.51,
6.3,
6.4,
6.28,
5.22,
6.06,
4.74,
5.43,
7.33,
7.8,
5.38,
5.11,
6.69,
6.95,
5.64,
4.43,
5.13,
6.05,
6.06,
6.49,
5.68,
4.62,
4.07,
2.54,
2.3,
2.86,
3.59,
5.27,
5.62,
8.62,
8.93,
9.28,
6.44,
6.78,
6.09,
6.48,
6.19,
6.69,
6.01,
9.56,
11.76,
7.69,
6.52,
6.5,
7.96,
5.38,
7.04,
3.56,
3.43,
3.62,
5.59,
7.7,
8.58,
5.41,
6.69,
7.52,
7.82,
8.08,
7.59,
6.83,
6.45,
6.19,
6.72,
8.58,
10.13,
7.19,
6.68,
8.01,
6.47,
5.8,
6.14,
4.66,
4.74,
4.13,
6.22,
7.11,
9.13,
49.01,
8.57,
7.56,
8.06,
6.41,
6.25,
5.96,
5.73,
6.05,
6.79,
9.37,
10.24,
9.77,
10.14,
9.71,
7.99,
6.11,
6.12,
3.15,
2.42,
2.17,
5.83,
7.41,
7.87,
9.5,
9.15,
7.67,
8.63,
10.23,
9.69,
8.11,
6.64,
5.94,
6.33,
7.26,
7.52,
7.83,
7.23,
7.66,
6.29,
5.14,
4.38,
3.44,
2.81,
3.9,
4.01,
3.47,
6.43,
6.81,
5.5,
7.2,
7.11,
8.07,
7.41,
6.79,
5.51,
4.38,
5.02,
7.25,
7.57,
6.93,
5.97,
7.03,
5.4,
4.48,
4.09,
5.71,
5.3,
5.2,
5.07,
3.84,
6.43,
5.55,
5.75,
6.44,
5.22,
3.74,
5.74,
3.89,
5.01,
5.21,
6.13,
8.08,
9.27,
5.64,
6.87,
6.64,
5.52,
5.55,
#REF!,
#REF!,
#REF!,
#REF!,
#REF!,
#REF!,
#REF!,
#REF!,
#REF!,
#REF!,
#REF!,
#REF!,
#REF!,
#REF!,
#REF!,
#REF!,
#REF!,
#REF!,
#REF!,
#REF!,
#REF!,
#REF!,
#REF!,
#REF!,
#REF!,
#REF!,
#REF!,
#REF!,
#REF!,
#REF!,
#REF!,
#REF!,
#REF!,
#REF!,
#REF!,
#REF!,
#REF!,
#REF!,
#REF!,
#REF!,
#REF!,
#REF!,
#REF!,
#REF!,
#REF!,
#REF!,
#REF!,
#REF!,
#REF!,
#REF!,
#REF!,
#REF!,
#REF!,
#REF!,
#REF!,
#REF!,
#REF!,
#REF!,
#REF!,
#REF!,
#REF!,
#REF!,
#REF!,
#REF!,
#REF!,
#REF!,
#REF!,
#REF!,
#REF!,
#REF!,
#REF!,
#REF!,
#REF!,
#REF!,
#REF!,
#REF!,
#REF!,
#REF!,
#REF!,
#REF!,
#REF!,
#REF!,
#REF!,
#REF!,
#REF!,
#REF!,
#REF!,
#REF!,
#REF!,
#REF!,
#REF!,
#REF!,
#REF!,
#REF!,
#REF!,
#REF!,
#REF!,
#REF!,
#REF!,
#REF!,
#REF!,
#REF!,
#REF!,
#REF!,
#REF!,
#REF!,
#REF!,
#REF!,
#REF!,
#REF!,
#REF!,
#REF!,
#REF!,
#REF!,
#REF!,
#REF!,
#REF!,
#REF!,
#REF!,
#REF!,
#REF!,
#REF!,
#REF!,
#REF!,
#REF!,
#REF!,
#REF!,
#REF!,
#REF!,
#REF!,
#REF!,
#REF!,
#REF!,
#REF!,
#REF!,
#REF!,
#REF!,
#REF!,
#REF!,
#REF!,
#REF!,
#REF!,
#REF!,
#REF!,
#REF!,
#REF!,
#REF!,
#REF!,
#REF!,
#REF!,
#REF!,
#REF!,
#REF!,
#REF!,
#REF!,
#REF!,
#REF!,
#REF!,
#REF!,
#REF!,
#REF!,
#REF!,
#REF!,
#REF!,
#REF!,
#REF!,
#REF!,
#REF!,
5.1,
2.92,
2.75,
3.13,
3.61,
5.38,
7.63,
7.37,
6.12,
5.86,
5.38,
5.77,
5.73,
5.74,
5.72,
5.96,
6.3,
6.21,
6.46,
6.18,
6.26,
6.46,
5.77,
4.69,
5.13,
4.26,
4.13,
3.76,
4.5,
5.83,
6.22,
6.82,
6.42,
6.54,
6.71,
6.84,
6.86,
6.34,
6.48,
6.4,
6.31,
6.51,
6.74,
6.43,
5.25,
5.48,
3.74,
3.67,
6.3,
5.69,
3.02,
2.7,
5.98,
6.43,
6.12,
6.55,
6.31,
6.87,
7.18,
7.1,
6.37,
5.31,
5.11,
5.33,
4.93,
6.04,
6.3,
6.27,
5.49,
6.09,
5.51,
4.26,
5.69,
3.49,
3.59,
4.42,
5.75,
6.69,
7.12,
6.99,
6.21,
5.95,
6.84,
8.01,
7.14,
6.88,
6.66,
6.71,
7.4,
7.46,
8.61,
7.43,
6.72,
7.19,
7.08,
5.84,
7.67,
5.74,
4.35,
5.73,
6.92,
8.83,
8.91,
7.01,
6.71,
6.79,
7.23,
8.22,
7.81,
7.31,
7.43,
6.85,
7.1,
7.5,
8.56,
9.96,
6.81,
6.77,
6.71,
6.97,
6.67,
6.78,
6.38,
6.3,
6.35,
6.5,
7.04,
6.96,
7.31,
8.47,
9.56,
10,
8.58,
8.87,
8.59,
7.92,
8.3,
11.45,
9.99,
8.92,
8.63,
7.43,
7.24,
6.54,
6.25,
5.75,
6.07,
6.07,
5.97,
6.09,
6.15,
5.92,
6.52,
6.6,
7.08,
7.65,
7.43,
7.53,
7.47,
6.75,
6.47,
7.84,
9.26,
8.76,
8.56,
7.7,
7.61,
7.37,
6.72,
5.87,
5.58,
6.09,
6.54,
7.74,
7.3,
7.94,
6.48,
6.62,
6.17,
6.58,
6.67,
6.83,
6.17,
6.42,
6.34,
5.58,
5.94,
6.76,
6.46,
7.05,
6.48,
6.82,
6.1,
5.78,
5.34,
4.14,
5.94,
6.95,
7.17,
6.89,
6.17,
6.4,
6.49,
8.01,
7.13,
5.62,
5.49,
5.84,
6.16,
7.47,
7.92,
6.46,
5.71,
5.98,
6.61,
6.16,
