MpAlias,csv.wholesale.ep.1_0_0
Location,Pella IA
Year,2019
MethodAlias,Unknown
Source,Unknown
Comment,
Header,Wholesale Electricity Price $/MWh
14.52,
14.81,
15.77,
16.04,
17.63,
18.04,
18.92,
18.9,
19.45,
20.75,
21.37,
22.61,
23.63,
25.42,
25.19,
26.17,
27.42,
33.59,
26.33,
33.7,
37.45,
23.3,
22.73,
23.7,
20.82,
20.04,
20.15,
19.91,
19.68,
19.89,
20.82,
22.09,
22.03,
21.49,
20.35,
19.78,
20.71,
20.22,
22.06,
22.24,
22.35,
25.36,
24.01,
17.63,
20.94,
19.76,
17.77,
19.36,
18.97,
17.54,
17.58,
17.62,
16.69,
18.69,
20.17,
18.55,
19.64,
19.73,
22.38,
22.52,
21.33,
20.6,
20.41,
20.2,
20,
19.77,
17.16,
17.1,
15.73,
15.79,
15.84,
14.88,
13.65,
14.53,
16.36,
18.69,
18.63,
19.81,
19.78,
21.93,
27.33,
24.51,
31.01,
23.94,
23.74,
22.7,
22.33,
21.74,
21.41,
21.71,
22.04,
21.32,
20.06,
19.54,
19.49,
18.12,
16.1,
17.51,
18.05,
16.76,
17.13,
17.9,
18.53,
19.15,
19.28,
19.7,
20.51,
21.49,
20.86,
20.34,
20.03,
19.52,
19.71,
20.92,
21.98,
21.24,
21.16,
20.74,
19.64,
20.24,
19.02,
18.25,
18.73,
18.4,
18.22,
17.8,
16.72,
17.79,
18.25,
18.14,
17.42,
17.11,
16.14,
15.68,
14.82,
15.06,
16.38,
17.45,
19.02,
18.06,
17.13,
15.9,
14.82,
13.41,
13.43,
13.13,
11.7,
12.43,
13.52,
16.02,
23.6,
21.07,
21.78,
21.52,
24.62,
22.97,
22.96,
25.88,
29.71,
25.16,
22.52,
26.66,
29.06,
28.82,
26.47,
20.47,
20.03,
19.25,
18.45,
17.32,
16.23,
15.24,
15.22,
16.52,
16.99,
19.86,
19.38,
19.21,
17.29,
16.79,
16.58,
16.92,
15.61,
15.68,
16.59,
18.1,
18.9,
18.04,
17.89,
17.26,
16.25,
16.42,
14.4,
14.73,
14.81,
14.81,
15.98,
17.23,
19.55,
11.72,
19.84,
20.5,
23.2,
26.14,
26.41,
25.84,
25.19,
24.68,
23.47,
27.76,
43.72,
38.32,
35.34,
29.26,
23.37,
22.98,
23.6,
21.98,
22.27,
22.54,
22.23,
22.16,
25.08,
51.13,
31.32,
25.48,
25.59,
23.74,
19.57,
19.59,
19.42,
19.07,
18.56,
17.71,
19.81,
19.77,
19.27,
18.32,
18.85,
19.34,
18.01,
18.28,
19.96,
19.63,
20.22,
18.89,
23.07,
49.56,
35.28,
31.45,
37.2,
26.94,
28.08,
26.05,
27,
26.31,
26.3,
33.9,
32.64,
38.5,
26.32,
26.12,
114.51,
21.9,
22.81,
22.69,
22.15,
21.92,
21.08,
19.83,
19.99,
20.48,
21.2,
21.92,
22.38,
22.54,
22.75,
28.09,
21.16,
20.92,
20.8,
22.2,
24.11,
22.75,
22.31,
21.96,
21.37,
20.56,
19.63,
19.9,
19.71,
19.46,
19.77,
20.1,
20.52,
21.62,
23.33,
24.31,
39.03,
25.01,
24.63,
24.34,
23.73,
23.77,
24.61,
24.28,
26.46,
33.91,
36.45,
23.77,
21.87,
20.73,
19.04,
17.43,
18.82,
19.29,
18.54,
20.14,
22.72,
61.72,
33.7,
45.59,
40.21,
29.93,
28,
27.14,
26.47,
25.82,
32.49,
27.5,
50.99,
34.34,
32.9,
29.49,
26.76,
23.68,
22.65,
21.68,
21.73,
21.69,
21.74,
22.17,
24.45,
30.6,
31.58,
34.29,
26.17,
26.89,
24.66,
23.45,
12.15,
20.73,
18.88,
16.89,
24.4,
18.28,
19.29,
19.35,
20.31,
20.4,
20.19,
19.83,
20.37,
20.38,
21.3,
22.52,
24.21,
26.83,
28.49,
28.03,
35.37,
30.1,
28.97,
26.58,
25.87,
26.06,
28.84,
41.61,
44.85,
39.48,
42.2,
35.27,
27.95,
25.57,
33.29,
24.21,
24.56,
24.42,
25.41,
25.42,
30.84,
43.86,
36.7,
36.72,
38.6,
34.97,
34.66,
34.85,
31.58,
29.99,
31.45,
35.03,
35.9,
35.51,
34.42,
31.48,
26.22,
24.18,
22.64,
23.22,
23.48,
23.9,
23.97,
24.83,
24.37,
34.34,
30.08,
28.99,
14.1,
15.44,
15.69,
21.18,
21.04,
18.47,
17.8,
20.16,
25.69,
17.81,
23.14,
20.06,
18.37,
16.98,
15.91,
17.06,
18.96,
18.59,
18.44,
18.25,
18.04,
19.5,
20.32,
18.26,
20.79,
24.83,
25.33,
24.01,
22.59,
23.23,
22.83,
29.04,
30.58,
27.13,
25.85,
33.14,
23.66,
23.28,
21.47,
20.94,
22.83,
22.66,
22.91,
22.15,
22.34,
23.53,
23.75,
26.36,
24.13,
24.45,
24.21,
23.48,
22.87,
22.4,
22.76,
24.36,
58.4,
26.34,
25.6,
24.6,
23.38,
21.59,
17.76,
12.75,
16.01,
13.02,
15.75,
10.41,
12.01,
7.64,
6,
-22.48,
-15.62,
-1.11,
14.19,
15.63,
12.61,
7.19,
-13.07,
-1.81,
-27.91,
-10.33,
1.89,
7.14,
3.92,
10.51,
16.9,
18.91,
20.94,
20.94,
21.38,
23.38,
56.02,
76.74,
54.83,
36.5,
47.63,
29.59,
27.68,
26.09,
30.16,
27.1,
26.71,
27.69,
39.47,
29.97,
28.28,
33.73,
33.75,
22.4,
20.13,
19.54,
20.2,
18.59,
19.26,
19.76,
19.64,
22.21,
25.5,
23.24,
24.45,
24.62,
24.2,
23.83,
23.1,
22.62,
22.14,
21.92,
23.88,
17.06,
-4.66,
7.4,
17.37,
13.85,
16.83,
14.82,
9.59,
-38.75,
-41.72,
-33.51,
-38.1,
-10.96,
8.29,
8.2,
9.38,
10.3,
13.49,
10.33,
10.13,
10.23,
9.43,
9.99,
19.8,
19.87,
18.67,
20.74,
21.93,
24.71,
24.23,
24.93,
26.93,
24.11,
23.27,
23.19,
13.8,
29.88,
31.59,
29.35,
32.29,
32.65,
26.42,
25.34,
23.88,
23.18,
23.65,
32.75,
62.7,
34.38,
30.38,
31.36,
30.22,
32.93,
27.9,
28.63,
27.36,
26.03,
24.95,
25.56,
15.8,
14.6,
22,
21.64,
19.32,
23.96,
22.23,
14.04,
18.65,
19.58,
18.21,
19.11,
18.82,
17.78,
17.16,
17.57,
17.34,
19.81,
21.04,
21.05,
21.32,
21.22,
21.42,
21.99,
24.41,
25.14,
42.17,
27.72,
28.96,
23.46,
21.7,
20.2,
19.12,
16.82,
16.51,
16.62,
17.75,
16.9,
18.16,
16.44,
16.66,
17.05,
17.88,
16.73,
16.79,
17,
16.86,
19.06,
18.62,
16.58,
14.13,
9.99,
8.85,
9.4,
9.12,
7.53,
4.61,
8.86,
11.22,
9.8,
10.64,
9.76,
8.78,
1.24,
2.97,
13.93,
15.86,
9.77,
7.12,
9.66,
10.04,
10.13,
6.05,
-6.71,
-2.13,
3.01,
-1.86,
11.65,
10.42,
11.91,
15.82,
15.84,
15.72,
16.2,
18.3,
18.95,
19.1,
18.99,
18.82,
19.16,
18.74,
28.56,
27.62,
26.58,
25.19,
106.49,
342.34,
474.02,
1713.33,
1815.44,
851.67,
72.55,
63.73,
54.12,
56.81,
37.9,
43.23,
68.74,
154.26,
97.05,
43.11,
71,
40.31,
46.44,
35.74,
44.19,
30.35,
25.35,
27.25,
29.43,
51.74,
155.87,
49.38,
56.79,
46.21,
57.73,
35.99,
27.45,
30.9,
30.99,
30.31,
61.64,
51.1,
46.09,
47.71,
46.37,
36.62,
23.78,
25.98,
26.51,
25.03,
25.93,
26.99,
22.4,
23.95,
26.81,
27.64,
47.29,
66.48,
23.18,
37.87,
21.71,
27.24,
20.04,
19.73,
17.24,
19.56,
19.97,
16.87,
20.7,
18,
15.74,
16.03,
16.47,
17.42,
19.1,
17.43,
19.05,
17.45,
19.23,
17.78,
17.66,
17.07,
16.71,
15.61,
15.84,
15.28,
15.19,
15.37,
14.96,
16.45,
15.45,
14.48,
14,
14.28,
13.51,
13.24,
13.39,
14.09,
14.1,
15.04,
15.97,
16.66,
18.18,
18.96,
20.56,
19.66,
19.64,
20.3,
20.38,
20.28,
19.9,
20.04,
20.54,
22.95,
21,
19.94,
19.14,
18.69,
17.68,
15.7,
14.77,
15.74,
16.07,
17.24,
18.79,
20.68,
22.18,
21.53,
21.65,
21.29,
20.97,
20.75,
20.86,
20.34,
19.89,
20.51,
21.81,
23.75,
23.12,
22.68,
21.33,
20.95,
20.51,
18.77,
18.51,
18.89,
19.78,
20.84,
21.63,
26.19,
38.97,
83.41,
45.74,
63.34,
38.33,
32.26,
26.15,
25.87,
23.75,
23.12,
32.44,
36.4,
59.03,
26.14,
24.01,
24.36,
23.94,
19.8,
21.35,
21.36,
20.69,
20.74,
21.63,
23.61,
25.06,
25.07,
25.73,
24.46,
25.64,
26.46,
26.64,
26.55,
25.24,
25.22,
26.01,
28.78,
47.79,
27.9,
25.63,
24.05,
22.36,
21.02,
20.66,
21.48,
21.27,
21.09,
22.59,
23.61,
23.72,
23.56,
24.38,
23.99,
24.22,
24.27,
22.26,
22.18,
21.32,
21.86,
22.78,
26.2,
23.58,
23.39,
22.76,
21.95,
20.7,
19.77,
19.64,
19.97,
20.25,
20.38,
20.79,
22.25,
23.49,
24.07,
24.45,
24.33,
27.25,
26.77,
24.89,
23.66,
23.05,
23.57,
24.27,
30.94,
50.42,
35.58,
26.31,
26.98,
25.13,
24.62,
23.4,
23.65,
22.93,
22.88,
22.86,
22.44,
22.04,
22.74,
24.05,
24.1,
20.85,
19.67,
18.64,
17.62,
16.65,
16.66,
18.63,
20.06,
22.71,
22.74,
21.38,
21.71,
22.45,
21.41,
21.81,
22.04,
21.18,
21.77,
21.63,
21.76,
21.35,
21.8,
22.91,
22.64,
23.63,
24.48,
25.06,
26.76,
25.47,
23.89,
23.82,
26.07,
26.11,
26.21,
25.28,
23.52,
23,
22.49,
22.16,
22.12,
21.99,
22.71,
22.35,
22.69,
26.67,
31.82,
27.76,
25.83,
23.62,
22.59,
24.42,
24.08,
23.83,
24.06,
24.12,
25.3,
26.87,
24.12,
23.4,
21.89,
21.86,
19.17,
18.15,
18.28,
18.03,
16.98,
13.04,
15.42,
17.86,
13.23,
14.07,
9.66,
11.9,
13.81,
13.27,
15.02,
11.07,
9.83,
9.36,
13.85,
14.7,
11.61,
12.69,
15.77,
16.94,
15.71,
14.94,
16.82,
17.84,
19.15,
20.93,
23.94,
53.43,
28.58,
28.26,
25.42,
22.51,
21.59,
19.88,
18.14,
18.31,
16.14,
15.02,
18.21,
17.54,
13.57,
12.39,
13.87,
14.13,
17.35,
17.2,
18.29,
19.34,
20.37,
12.57,
16.53,
52.35,
21.95,
21.62,
28.79,
20.55,
15.92,
13.97,
14.46,
14.73,
15.03,
12.06,
14.14,
13.76,
15.06,
15.43,
15.07,
13.41,
12.62,
12.09,
13.46,
12.65,
13.51,
14.24,
17.94,
19.57,
20.37,
21.89,
22.24,
23.11,
29.02,
23.3,
22.81,
22.57,
22.46,
22.76,
25.42,
23.26,
21.95,
23.55,
23.3,
23.89,
23.78,
21.94,
26.68,
24.67,
24.09,
26.57,
33.17,
22.46,
23.23,
31.36,
36.86,
28.82,
23.21,
22.51,
21.71,
21.18,
20.18,
18.82,
20.91,
20.86,
18.69,
20.1,
19.95,
19.92,
19.04,
18.79,
18.51,
18.83,
18.92,
17.39,
17.83,
19.06,
19.04,
19.93,
20.15,
20.27,
20.16,
20.66,
20.27,
19.3,
18.61,
19.41,
16.84,
21.47,
18.43,
18.81,
19.25,
18.99,
18.22,
18.19,
19.1,
19.1,
18.94,
19.42,
21.63,
26.95,
23.77,
25.02,
36,
30.64,
27.78,
25.77,
24.47,
23.46,
23.49,
24.54,
97.55,
48.04,
30.68,
30.73,
27,
24.46,
23.13,
22.81,
23.33,
23.25,
24.51,
24.16,
26.97,
92.51,
33.07,
36.15,
24.93,
32.35,
24.37,
23.89,
24.01,
24.05,
23.67,
23.93,
23.26,
15.43,
10.93,
13.72,
11.16,
8,
14,
14.65,
15.22,
13.74,
16.35,
15.84,
19.59,
23.28,
23.52,
26.23,
77.83,
25.11,
23.31,
19.47,
14.66,
14.2,
14.51,
13.75,
10.28,
10.25,
10.77,
11.94,
13.09,
14.16,
14.57,
16.37,
16.37,
16.1,
16.17,
17.7,
18.15,
21.75,
22.46,
22.55,
21.69,
22.72,
22.25,
22.22,
22.5,
22.59,
22.81,
23.57,
30.57,
34.63,
39.82,
29.05,
28.93,
23.83,
23.06,
20.52,
21.39,
22.1,
22.32,
20.66,
23.24,
27.98,
24.32,
24.14,
25.14,
25.78,
25.57,
26.27,
24.01,
22.82,
22.03,
22.39,
18.1,
14.86,
14.98,
17.85,
16.91,
19.71,
18.9,
19.34,
19.75,
19.93,
20.82,
21.54,
22.24,
22.92,
27.52,
30.12,
31.38,
35.07,
25.07,
23.29,
17.63,
17.27,
13.98,
20,
19.67,
20.65,
19.35,
16.95,
10.71,
14.84,
14.55,
15.36,
14.73,
0.85,
-3.33,
-3.36,
-6.17,
-7.73,
-19.02,
-20.77,
-6.41,
-5.08,
-5.17,
-5.94,
-6.13,
-6.07,
-6.03,
-6.02,
1.49,
4.09,
5.73,
6.03,
8.22,
15.07,
21.12,
20.06,
24.15,
30.42,
26.13,
24.57,
32.34,
85.76,
66.55,
96.39,
51.89,
33.77,
42.34,
39.66,
31.01,
27.8,
25.99,
25.35,
37.82,
57.71,
46.25,
42.73,
29.87,
24.89,
28.43,
24.31,
24.04,
23.78,
24.13,
22.06,
26.63,
43.15,
31.89,
27.08,
33.79,
42.06,
24.01,
23.61,
22.19,
22.49,
22.69,
25.89,
29.55,
48.15,
65.69,
59.06,
45.73,
49.07,
35.15,
30.74,
23.15,
22.06,
26.82,
20.15,
22.96,
25.14,
26.09,
29.17,
27.45,
25.12,
24.45,
19.69,
19.14,
18.13,
24.56,
25.56,
37.53,
43.56,
42.87,
27.78,
25.88,
23.57,
21.65,
21.69,
23.05,
25.33,
29.48,
25.29,
27.17,
46.68,
34.37,
31.22,
36.74,
36.5,
31.64,
45.09,
28.49,
26.59,
28.56,
34.75,
32.69,
48.61,
42.15,
42.09,
56.11,
105.53,
36.33,
27.82,
26.29,
28.21,
25.01,
22.62,
24.82,
26.95,
31.93,
29,
34.58,
51.29,
55.4,
32.61,
31.07,
25.78,
24.65,
25.32,
26.05,
25.31,
23.84,
21.48,
17.38,
17.27,
20.63,
18.89,
20.8,
19.3,
22.83,
25.88,
29.77,
25.6,
27.86,
28.69,
27.82,
25.41,
25.07,
24.96,
22.45,
22.54,
22.02,
21.64,
23.29,
24.66,
21.35,
12.85,
12.75,
14.01,
14.56,
14.9,
16.48,
16.69,
17.14,
16.9,
17.89,
18.45,
18.79,
20.92,
22.88,
22.49,
21.82,
18.56,
12.29,
15.78,
17.02,
16.08,
21.73,
21.9,
19.29,
16.61,
18.99,
17.32,
17.85,
18.38,
18.73,
19.1,
19.11,
20.31,
25,
41.19,
11.23,
27.71,
23.22,
23.38,
27.57,
19.14,
17.53,
14.03,
9.85,
11.79,
12.13,
30.87,
17.67,
12.63,
-4.52,
-12.65,
-38.7,
-46.74,
-40.83,
-46.51,
-44.74,
-40.16,
-40.02,
-6.02,
-21.55,
-17.77,
-19.49,
-18.68,
-22.81,
-33.26,
-8.97,
9.58,
9.24,
19.79,
23.23,
22.1,
21.63,
20.86,
15.44,
10.48,
2.28,
-0.54,
5.76,
9.76,
13.38,
28.87,
24.52,
48.96,
33.29,
32.66,
30.63,
29.57,
26.77,
25.37,
24.65,
24.22,
24.91,
59.1,
95.9,
67.13,
30.79,
28.82,
25.65,
23.08,
23.92,
38.26,
21.59,
21.84,
22.35,
23.55,
27.21,
38.61,
62.05,
29.36,
29.83,
27,
25.77,
24.84,
22.73,
22.66,
22.65,
23.41,
40.51,
31.53,
26.81,
23.77,
21.88,
20.41,
20.26,
22.55,
20.64,
21.12,
22.48,
22.04,
37.37,
39.36,
50.76,
39.67,
51.88,
31.98,
26.53,
24.54,
23.89,
23.6,
23.38,
23.54,
22.87,
23.47,
17.89,
7.47,
10,
10.43,
12.32,
12.33,
8.67,
-7.71,
7.49,
8.5,
10.54,
13.26,
14.19,
12.29,
16.75,
18.63,
22.68,
24.53,
23.24,
23.3,
23.49,
25.19,
25.36,
23.47,
17.5,
12.74,
12.84,
9.58,
-9.97,
-10.4,
-11.42,
-12.11,
-11.52,
-11.09,
-10.62,
-7.43,
9.12,
14.73,
19.14,
22.63,
22.07,
21.13,
20.68,
24.81,
29.36,
24.4,
32.68,
26.96,
27.13,
23.8,
22.37,
21.22,
20.58,
20.77,
21.11,
21.65,
22.81,
25.8,
28.73,
43.04,
33.45,
34.7,
40.11,
24.84,
25.7,
24.11,
22.74,
22.91,
22.05,
22.64,
23.12,
24.91,
22.6,
19.9,
14.93,
6.4,
7.73,
5.98,
5.65,
5.55,
7.39,
10.39,
2.45,
2.82,
2,
-4.01,
9.64,
6.62,
11.84,
14.82,
13.4,
13.09,
13.17,
14.3,
8.39,
14.59,
14.78,
12.48,
13.06,
8.88,
4.73,
4.85,
5.42,
9.18,
12.51,
20.1,
24.8,
20.26,
10.57,
11.69,
13.19,
16.31,
15.47,
14.92,
12.42,
16.84,
21.3,
15.57,
23.36,
12.71,
13.94,
13.86,
12.96,
13.24,
11.44,
9.41,
10.95,
8.22,
10.51,
16.37,
18.16,
18.04,
18.13,
19.34,
19.87,
20.17,
19.91,
18.7,
18.89,
16.31,
17.4,
16.93,
17.01,
15.99,
16.43,
16.83,
16.62,
17.58,
11.96,
11.16,
11.08,
11.35,
13.03,
15.74,
22.2,
18.68,
19.71,
21.96,
21.92,
20.44,
18.89,
17.36,
17.57,
17.79,
19.72,
20.05,
20.37,
39.74,
29.88,
37.65,
23.57,
22.63,
21.38,
21.95,
22.24,
24.08,
23.52,
27.25,
31.63,
50.96,
31.05,
29.33,
33.17,
24.48,
24.06,
23.18,
22.58,
21.78,
21.74,
21.73,
22.62,
33.3,
24.36,
24.07,
23.01,
23.28,
22.07,
23.21,
22.18,
22.65,
21.57,
23.56,
26.07,
28.33,
43.1,
25.65,
23.69,
23.8,
23.03,
21.82,
21.39,
21.52,
21.8,
22.51,
23.45,
42.33,
25.94,
23.13,
21.77,
21.59,
21.99,
22.2,
21.13,
22.35,
23.08,
27.58,
68.86,
39.62,
30.53,
42.4,
28.69,
25.63,
24.01,
23.41,
21.35,
21.57,
22.11,
23.28,
26.34,
35.12,
26.04,
22.77,
21.38,
20.05,
16.43,
19.05,
19.34,
15.49,
17.76,
27.1,
35.99,
22.72,
21.44,
23.33,
22.88,
22.1,
22.14,
21,
20.31,
20.31,
20.75,
21.64,
22.7,
24.6,
22.15,
20.73,
19.83,
19.52,
20.76,
19.52,
19.74,
20.18,
25.17,
27.19,
44.09,
25.62,
26.91,
22.87,
28.39,
23.27,
19.9,
18.8,
16.95,
15.95,
18.73,
19.58,
18.68,
20.93,
21.33,
22.58,
20.08,
19.64,
20.77,
21.02,
21.52,
19.93,
20.95,
24.63,
54.78,
31.9,
44.31,
38.58,
31.7,
28.56,
27.9,
22.41,
19.43,
21.4,
19.37,
19.27,
19.07,
22,
20.13,
18.62,
17.27,
18.14,
18.24,
18.86,
18.43,
18.44,
18.3,
21.33,
38.21,
34.73,
25.31,
26.22,
27.65,
26.73,
24.46,
24.59,
23.75,
22.92,
22.72,
23.07,
23.13,
27.14,
22.45,
21.33,
20.36,
18.21,
4.69,
17.71,
17.31,
17.74,
17.56,
19.88,
21.58,
15.31,
15.22,
17.52,
21.71,
20.5,
19.85,
20.73,
20.6,
19.19,
20.74,
19.29,
20.08,
20.17,
15.69,
14.6,
17.55,
17.63,
18.65,
18.88,
18.83,
18.82,
18.86,
19.53,
21.24,
21.56,
22.38,
23.09,
22.26,
22.02,
21.43,
21.22,
21.21,
20.08,
20.56,
22.25,
22.17,
23.19,
22.59,
20.15,
19.49,
19.63,
18.95,
19.23,
19.3,
19.57,
20.52,
23.91,
57.58,
30.83,
30.69,
34.92,
37.08,
36.17,
31.51,
27.97,
25.04,
28.3,
24.94,
27.28,
26.5,
45.45,
32.66,
33.89,
24.87,
24.07,
22.86,
22.81,
22.94,
23.41,
26.64,
30.84,
32.05,
30.75,
29.08,
30.43,
25.8,
23.84,
23.47,
22.64,
22.38,
22.26,
22.05,
22.11,
21.4,
22.16,
46.59,
24.25,
16.83,
12.09,
16.85,
16.08,
17.07,
17.3,
23.03,
29.07,
40.08,
23.28,
127.83,
117.6,
10.08,
9.16,
8.9,
11.57,
17.81,
20.46,
22.14,
24.22,
31.76,
31.71,
25.73,
19.83,
15.84,
15.58,
14.19,
14.47,
13.96,
14.54,
17.18,
20.88,
24.92,
23.63,
83.72,
53.64,
21.86,
22.44,
81,
72.4,
21.76,
21.82,
20.6,
21.34,
22.03,
23.5,
23.44,
21.37,
19.48,
19.21,
16.49,
17.71,
17.95,
18.24,
19.1,
21.88,
25.65,
27.41,
30.26,
27.22,
28.42,
26.56,
35.39,
27.94,
25.03,
24.2,
23.3,
23.2,
22.32,
22.97,
21.95,
20.1,
18.85,
23.17,
23,
19.84,
20.17,
18.54,
17.3,
18.91,
26.89,
40.17,
76.98,
84.65,
44.98,
32.78,
32.8,
30.35,
26.86,
27.53,
31.52,
31.42,
35.98,
40.63,
44.44,
28.55,
25.52,
25.49,
24.55,
25.55,
21.27,
22.32,
22.07,
22.5,
33.24,
47.03,
38.57,
33.04,
34.17,
32.32,
28.27,
25.98,
24.18,
24.89,
24.65,
28.88,
33.6,
35.12,
83.67,
93.58,
69.3,
63.41,
60.19,
48,
44.07,
44.43,
50.95,
33.97,
74.11,
49.14,
37.27,
38.56,
35.83,
35.26,
30.49,
28.69,
25.4,
23.89,
29.74,
32.68,
32.01,
68.59,
27.32,
26.28,
24.91,
23.65,
23.53,
25.24,
24.96,
25.73,
26.71,
27.18,
79.04,
33.45,
38.67,
27.97,
28.23,
24.74,
24.14,
23.58,
20.9,
20.16,
20.97,
21.1,
23.34,
86.51,
55.05,
24.83,
23.84,
22.54,
23.14,
24.39,
23.56,
23.72,
23.54,
25.21,
30.75,
28.93,
28.26,
70.36,
51.89,
37.72,
33.66,
27.99,
26.99,
26.02,
25.68,
25.1,
25.54,
56.38,
26.86,
24.35,
19.6,
19.3,
18.57,
18.93,
18.61,
18.9,
19.32,
24.5,
22.73,
23.07,
22.91,
22.61,
23.84,
20.89,
22.92,
23.83,
23.47,
30.23,
41.92,
31.75,
37.93,
32.32,
27.78,
39.91,
22.97,
23.38,
22.84,
25.6,
24.62,
25.99,
25.87,
32.74,
47.02,
60.93,
53.61,
66.32,
48.52,
31.56,
32.79,
33.87,
33.23,
26.74,
25.21,
25.89,
26.27,
25.66,
26.02,
22.52,
19.5,
18.12,
17.42,
17.01,
15.99,
19.57,
21.06,
21.31,
22.9,
23.74,
29.07,
31.4,
26.43,
24.78,
22.67,
23.27,
22.87,
24.69,
34.71,
29.66,
23.77,
22.92,
20.86,
19.69,
19.33,
19.27,
16.69,
17.11,
18.06,
18.41,
19.43,
21.76,
21.04,
22.23,
23.02,
40.66,
25.1,
23.45,
25.03,
23.13,
21.82,
23.95,
25.61,
21.97,
23.08,
24.54,
30.82,
25.72,
22.69,
22.13,
20.54,
20.56,
19.11,
17.7,
18.03,
20.72,
29.34,
29.26,
28.69,
34.78,
24.58,
21.25,
22.05,
23.98,
64.92,
87.44,
35.23,
28.91,
21.89,
24.13,
39.31,
21.92,
21.15,
20.88,
20.12,
19.27,
19,
20.29,
31.89,
27.91,
36.32,
46.9,
30.89,
30.8,
29.47,
27.69,
28.3,
28.56,
32.6,
35.13,
36.36,
25.44,
28.17,
24.99,
45.92,
19.07,
18.19,
16.23,
14.62,
14.84,
14.39,
14.61,
14.66,
15.57,
21.17,
21.75,
20.12,
19.44,
19.77,
19.69,
21.11,
21.57,
21.67,
20.19,
21.93,
42.35,
27.44,
24.64,
24.15,
18.6,
18.48,
16.85,
15.51,
14.14,
15.36,
16.61,
15.81,
18.88,
24.66,
24.84,
26.89,
25.89,
24.29,
21.59,
19.66,
17.54,
17.94,
19.4,
18.3,
19.23,
19.43,
19.73,
20.35,
18.16,
16.4,
16.94,
15.92,
18.48,
18.52,
19.76,
19.88,
22.43,
23.73,
24.99,
24.37,
23.3,
20.52,
18.78,
19.94,
19.56,
16.4,
16.79,
16.27,
16.01,
15.11,
22.47,
25.29,
21.53,
19.21,
19.61,
17.34,
17.13,
19.95,
19.41,
20.28,
21.7,
22.15,
25.47,
27.72,
27.58,
30.39,
29.76,
25.36,
24.62,
22.05,
23.12,
23.66,
27,
26.5,
44.24,
28.94,
27.57,
24.05,
22.85,
20.11,
19.5,
21.22,
22.43,
21.49,
22.19,
21.62,
22.62,
25.15,
23.75,
24.28,
25.11,
24.47,
24.74,
23.35,
23.27,
24.38,
24.82,
25.59,
31.69,
29.47,
26.5,
23.26,
21.72,
20.33,
18.44,
18.71,
18.56,
19.32,
23.4,
31,
27.62,
29.74,
25.75,
24.52,
23.17,
21.95,
21.41,
20.08,
20.39,
20.77,
22.5,
24.66,
25.76,
24.69,
21.38,
19.81,
18.64,
19.34,
19.32,
20.97,
26.16,
22.82,
90.75,
43.23,
25.86,
27.05,
28.61,
26.94,
27.67,
26.59,
26.57,
28,
28.13,
26.62,
43.32,
29.8,
27.55,
23.38,
19.39,
18.18,
17.34,
15.52,
15.77,
16.11,
16.72,
15.71,
15.21,
19.27,
22.24,
22.89,
23.2,
23.55,
23.18,
22.03,
22.17,
20,
16.96,
16.11,
14.88,
16.06,
16.62,
13.32,
13.47,
18.07,
17.22,
14.34,
15.37,
16.21,
14.2,
15.91,
23.36,
23,
23.22,
24.35,
23.71,
22.63,
21.27,
20.57,
19.21,
17.04,
15.3,
15.06,
15.57,
16.33,
23.78,
24.2,
21.32,
19.65,
16.88,
17.28,
15.75,
16.76,
17.63,
16.53,
18.5,
19.74,
21.03,
24.72,
30.15,
21.23,
21.81,
22.49,
21.15,
20.3,
20.77,
20.84,
21.78,
22.45,
24.8,
25.44,
23.97,
22.36,
20.22,
19.78,
17.81,
17.76,
16.93,
18.55,
19.16,
15.87,
17.47,
25.01,
23.19,
21.9,
22.7,
21.68,
21.16,
20.93,
21.64,
21.68,
22.11,
22.24,
22.06,
20.67,
19.35,
14.08,
11.79,
12.42,
12.02,
12.51,
11.72,
12.53,
11.86,
11.29,
14.82,
39.26,
19.71,
19.63,
19.46,
17.79,
15.01,
13.37,
12.64,
17.79,
20.36,
21.13,
20.84,
20.44,
20.41,
15.47,
12.24,
11,
10.23,
10.43,
11.23,
18.53,
26.8,
26.62,
35.06,
31.45,
31.56,
29.92,
25.57,
28.45,
30.74,
34.15,
48.29,
37.68,
34.84,
26.51,
25.81,
37.26,
22.91,
19.37,
19.02,
18.24,
18.06,
17.93,
18.55,
20.14,
23.61,
26.4,
29.1,
30.39,
29.23,
29.33,
32.96,
36.68,
71.93,
34.21,
39.22,
42.63,
39.86,
66.03,
75.38,
72.04,
28.36,
25.22,
23.34,
21.39,
21.54,
21.79,
21.22,
22.48,
23.41,
26.29,
26.72,
47.64,
26.45,
24.22,
29.07,
61.17,
61.39,
63.84,
44.86,
78.94,
55.37,
46.88,
36.82,
29.57,
25.83,
18.7,
19.28,
17.25,
17.25,
18.29,
19.08,
20.48,
22.86,
25.47,
22.25,
24.21,
23.58,
22.8,
21.81,
31.47,
21.04,
20.92,
23.76,
24.58,
20.17,
19.06,
21.35,
23.37,
18.84,
11.46,
12.57,
12.45,
10.89,
10.76,
11.6,
16.27,
17.24,
18.87,
16.63,
16.98,
19.34,
19.42,
19.28,
21.48,
22.32,
21.82,
22.34,
22.39,
22.64,
23.4,
26,
27.57,
29.6,
21.64,
21.11,
19.33,
18.34,
14.65,
14.17,
14.14,
17.18,
13.57,
13.72,
14.7,
15.43,
15.88,
14.97,
15.03,
14.56,
17.93,
18.85,
21.29,
22.6,
45.93,
23.95,
25.66,
33.12,
54.06,
24.28,
23.05,
23.08,
20.03,
19.41,
20.82,
64.1,
152.09,
26.09,
43.46,
23.36,
20.94,
15.32,
14.65,
16.52,
14.67,
15.48,
13.08,
16.04,
15.41,
18.51,
20.78,
25.91,
19,
17.7,
14.02,
15.94,
17.15,
20.2,
21.87,
27.02,
25.92,
27.78,
25.61,
24.89,
25.23,
28.59,
30.94,
41.15,
31.25,
30.62,
25.39,
24.93,
26.01,
35.48,
26.3,
27.9,
25.02,
32.77,
19.59,
19.39,
19.26,
21.88,
20.61,
24.4,
26.93,
36.79,
29.32,
36.83,
26.31,
46.78,
24.05,
24.47,
49.46,
27.55,
25.43,
33,
27.15,
24.96,
21.65,
23.79,
20.74,
20.48,
21.46,
20.38,
19.36,
19.62,
21.92,
29.89,
33.16,
28.09,
28.38,
29.96,
32.56,
34.78,
27.59,
30.56,
29.51,
30.99,
30.91,
40.12,
34.9,
33.89,
47.51,
25.55,
26.67,
22.78,
20.92,
20.41,
20.23,
19.74,
23.81,
27.3,
34.79,
26.32,
27.54,
27.15,
27.92,
26.15,
26.67,
26.38,
26.25,
27.55,
28.8,
25.08,
25.73,
26.89,
26.48,
22.78,
21.21,
19.64,
18.89,
17.62,
18.16,
18.1,
19.25,
20.95,
23.4,
27.99,
25.26,
27,
25.13,
24.37,
25.14,
24.81,
24.33,
27.45,
24.78,
23.17,
22.49,
23.57,
25.3,
23.79,
21.1,
20.84,
19.61,
19.88,
19.68,
19.44,
19.59,
20.32,
20.22,
21.23,
23.42,
24,
23.81,
24.03,
23.22,
23.13,
22.51,
21.83,
22.41,
22.69,
22.48,
22.41,
21.66,
19.99,
19.03,
18.58,
17.82,
17.13,
16.85,
14.89,
16.5,
18.18,
17.5,
19.09,
20.41,
20.24,
20.16,
20.32,
20.34,
20.22,
19.76,
20.51,
21.34,
24.09,
21.93,
21.49,
21.84,
19.99,
19.22,
16.18,
14.51,
13.58,
13.08,
11.76,
15.7,
19.43,
20.26,
21.72,
22.33,
23.26,
24.88,
23.75,
25.32,
24.95,
25.82,
28.11,
26.74,
28.71,
28.28,
23.82,
23.39,
19.64,
18.21,
14.71,
12.85,
13.92,
16.34,
15.48,
16.24,
18.63,
21.12,
22.01,
22.9,
25.06,
25.03,
25.71,
35.44,
25.58,
24.71,
25.34,
23.45,
22.67,
18.93,
21.57,
22.86,
18.21,
15.61,
13.58,
14.85,
12.7,
11.89,
11.94,
12.87,
13.53,
15.44,
16.31,
17.46,
18.96,
20.53,
20.01,
21.48,
20.95,
21.73,
18.75,
21.71,
22.67,
22.66,
21.55,
20.38,
19.87,
13.86,
19.02,
16.72,
10.06,
9.55,
7.76,
8.72,
9.94,
9.26,
13.77,
15.59,
17.27,
20.9,
28.09,
18.65,
16.25,
16.29,
18.01,
18.79,
21.29,
23.8,
37.61,
42.41,
24.13,
25.03,
21.69,
19.91,
20.67,
19.16,
19.49,
19.81,
21.53,
23.28,
26.15,
28.85,
27.68,
24.41,
23.42,
23.44,
23.1,
22.98,
24.09,
23.62,
23.62,
23.03,
23.43,
25.94,
21.89,
20.5,
20.41,
20.35,
18.93,
20.3,
19.65,
20.06,
20.6,
20.31,
21.71,
22.71,
23.16,
25.84,
22.88,
21.73,
21.69,
20.99,
19.69,
19.99,
20.41,
21.56,
21.06,
21.14,
20.54,
19.47,
18.47,
16.58,
17.04,
17.18,
19.13,
18.99,
19.79,
19.64,
20.49,
21.41,
21.69,
28.82,
21.1,
21.44,
22.26,
22.77,
25.19,
27.7,
33.1,
30.09,
27.35,
25.93,
24.11,
21.26,
20.3,
19.8,
19.11,
19.73,
19.1,
19.63,
21.5,
79.14,
27.8,
36.02,
25.68,
25.46,
25.72,
34.36,
28.91,
27.89,
27.11,
28.72,
31.85,
28.11,
24.95,
23.94,
21.13,
16.96,
14.01,
14.09,
12.95,
11.05,
10.97,
17.03,
18.39,
19.99,
21.25,
21.92,
24.01,
23.79,
25.04,
25.03,
25.72,
16.41,
18.98,
18.47,
21.1,
20.2,
21.17,
23.87,
21.06,
20.61,
19.54,
17.29,
17.83,
17.76,
18.24,
19.27,
20.84,
21.53,
22.87,
24.2,
27.81,
35.1,
27.54,
32,
47.23,
33.03,
35.3,
31.91,
28.3,
26.64,
26.83,
29.38,
21.08,
19.97,
16.46,
14.22,
12.55,
11.48,
12.87,
12.21,
14.86,
15.17,
19.05,
20.22,
21.88,
22.83,
24.66,
29.22,
406.77,
26.23,
25.46,
27.09,
30.15,
25.71,
24.4,
37.14,
38.85,
20.21,
19.77,
18.67,
18.45,
17.82,
16.45,
18.04,
19.9,
21.07,
21.58,
21.83,
22.46,
23.99,
22.94,
25.44,
23.98,
24,
30.93,
31.76,
27.09,
21.69,
21.23,
20.93,
19.64,
18.86,
17.42,
12.87,
11.33,
10.43,
10.45,
13.2,
12.15,
15.07,
19.68,
19.39,
22.97,
27.04,
23.07,
26.2,
24.95,
27.21,
26.28,
27.62,
21.62,
27.63,
24.88,
20.62,
21.12,
19.24,
19.27,
15.76,
12.41,
12.05,
14.33,
14.71,
16.06,
18.25,
16.61,
14.65,
17.18,
18.83,
19.26,
20.52,
20.4,
18.58,
18.27,
16.42,
17.85,
17.88,
18.51,
19.29,
17.9,
17.7,
16.35,
14.47,
16.12,
16.61,
17.3,
18.86,
19.5,
20.77,
20.8,
22.99,
23.74,
23.28,
23.07,
22.96,
23.83,
26.08,
25.89,
25.12,
25.25,
23.07,
23.21,
22.35,
19.97,
17.64,
17.51,
16.72,
15.74,
16.01,
15.38,
16.44,
17.62,
18.43,
19.02,
18.98,
18.61,
19.64,
19.08,
16.22,
10.53,
11.89,
11.91,
14.1,
14.62,
14.34,
13.65,
16.41,
13.62,
13.61,
12.12,
11.84,
10.31,
8.67,
8.57,
10.01,
13.82,
16.68,
18.1,
18.94,
19.62,
19.04,
19.09,
18.77,
20,
17.02,
21.36,
18.51,
19.5,
17.44,
17.08,
19.27,
14.01,
11.95,
10.8,
11.59,
11.97,
12.56,
11.31,
12.85,
17.17,
17.6,
20.15,
20.05,
20.28,
21.03,
21.26,
24.16,
24.19,
26.09,
24.2,
26.52,
21.78,
21.21,
23.19,
25.71,
21.29,
20.53,
19.05,
16.99,
17.02,
15.15,
12.71,
9.76,
10.53,
15.76,
16.7,
20.3,
14.12,
19.32,
23.76,
22.39,
25.42,
20.75,
21.67,
17.91,
18.35,
21.44,
25.98,
24.17,
21.43,
20.11,
17.44,
14.89,
14.02,
11.87,
10.04,
11.67,
10.38,
10.36,
16.21,
19.44,
20.23,
23.19,
23.88,
22.99,
20.15,
21.09,
20.31,
21.72,
23.2,
24.16,
23.75,
23.26,
21.19,
20.26,
19.58,
18,
17.55,
16.46,
15.5,
14.81,
15.76,
17.34,
20.46,
20.95,
21.9,
22.71,
23.14,
24.11,
24.35,
24.12,
24.58,
26.34,
25.78,
24.47,
23.56,
22.2,
19.85,
17.14,
15.7,
18.24,
16.89,
12.38,
10.1,
10.03,
10.82,
13.15,
16.19,
13.68,
16.84,
16.06,
17.06,
17.79,
23.04,
18.54,
21.87,
23.29,
24.46,
24,
22.79,
20.5,
18.54,
19.71,
16.28,
15.13,
14.86,
13.56,
11.66,
14.11,
16.53,
19.29,
20.96,
20.59,
12.35,
22.94,
18.96,
37.09,
39.73,
45.66,
22.09,
32.12,
19.53,
22.99,
23.8,
29.93,
22.52,
21.83,
19.04,
19.42,
19.61,
19.5,
19.9,
20.14,
20.7,
21.03,
22.39,
23.68,
24.3,
26.2,
25.48,
36.92,
49.36,
28.49,
35.49,
28.62,
26.17,
25.02,
24.99,
25.21,
23.1,
22.36,
20.34,
19.57,
19.15,
19.15,
18.83,
19.28,
19.72,
21.24,
22.98,
26.13,
25.07,
24.27,
25.08,
25.05,
25.61,
27.1,
32.13,
31.76,
34.69,
58.57,
29.36,
34.21,
23.65,
21.73,
20.66,
19.5,
18.55,
17.39,
17.08,
17.6,
19.12,
20.99,
21.17,
21.76,
22.98,
24.35,
23.77,
23.61,
25.89,
42.66,
25.45,
25.13,
26.28,
24.11,
24.67,
22.73,
21.37,
20.15,
17.99,
14.14,
11.49,
15.33,
16.87,
17.47,
17.76,
18.64,
19.4,
20.64,
21.07,
21.68,
22.37,
21.45,
17.39,
20.47,
26.69,
14.77,
19.32,
9.58,
10.8,
18.44,
18.28,
18.25,
16.2,
15.71,
16.55,
15.62,
15.16,
15.16,
15.17,
16.48,
18.14,
20.28,
20.39,
21.31,
21.23,
21.78,
21.81,
40.36,
26.92,
50.05,
34.64,
25.48,
23.31,
22.76,
21.43,
19.52,
18.13,
15.25,
14.37,
13.48,
13.46,
11.36,
15.44,
16.36,
16.64,
20.32,
20.65,
20.49,
15.21,
16.64,
19.9,
17.71,
15.86,
18.37,
17.83,
19.57,
18.59,
16.66,
15.99,
15.93,
14.8,
14.55,
10.49,
9.89,
9.78,
9.19,
11.52,
14.62,
17.59,
19.47,
19.55,
20.14,
21.42,
22.59,
21.64,
19.24,
16.74,
17.07,
17.58,
18.62,
20.77,
23.64,
19.83,
18.22,
14.01,
16.06,
16.39,
17.02,
15.59,
17.78,
19.81,
19.97,
20.99,
22.1,
24.36,
23.23,
25.3,
76.6,
130.86,
169.08,
173.28,
60.19,
31.12,
32.31,
27.7,
25.79,
24.01,
22.62,
21.32,
19.98,
19.3,
18.09,
18.47,
19.31,
19.96,
20.94,
22.21,
23.32,
26.74,
25.14,
26.25,
28.01,
40.01,
42.34,
49.99,
32.66,
43.71,
27.32,
27.25,
39.85,
23.37,
21.43,
19.66,
17.43,
17.19,
16.46,
16.59,
17.21,
18.15,
19.13,
20.95,
21.86,
23.52,
24.21,
24.38,
24.46,
30.05,
34.41,
33.94,
26.04,
25.68,
23.71,
21.79,
21.11,
13.86,
13.03,
12.69,
15.39,
15.57,
14.61,
14.45,
13.45,
13.75,
15.57,
20.11,
19.31,
20.15,
20.79,
21.11,
21.84,
23.01,
22.2,
29.54,
31.24,
26.88,
25.85,
21.64,
21.53,
20.3,
18.57,
17.75,
15.97,
16.39,
15.21,
14.68,
14.38,
14.16,
14.13,
16.77,
9.5,
20.33,
18.41,
17.85,
18.68,
16.4,
10.94,
8.58,
8.47,
9.75,
15.41,
12.06,
8.55,
17.34,
14.6,
15.03,
14.81,
13.58,
10.22,
11.86,
13.82,
16.83,
17.92,
19.39,
21.12,
19.79,
14.49,
15.19,
15.93,
15.64,
16.35,
18.06,
18.82,
23.65,
23.74,
24.1,
23.98,
21.75,
20.12,
18.17,
18.71,
15.39,
14.76,
14.81,
15.38,
16.68,
18.39,
19.86,
19.79,
20.83,
21.6,
21.75,
21.81,
21.18,
21.13,
35.87,
36.02,
40.62,
25.24,
22.63,
22.29,
20.84,
18.9,
18.54,
17.33,
17.44,
15.75,
15.61,
17.52,
18.17,
20.34,
20.18,
20.3,
22.36,
22.93,
20.46,
21.57,
23.73,
18.74,
23.2,
19.21,
20.53,
19.11,
20.35,
20.98,
20.33,
17.21,
16.22,
14.06,
13.89,
13.64,
14,
15.23,
18.57,
20.41,
21.33,
22.06,
31.18,
31.31,
38.59,
64.29,
36.26,
36.58,
27.77,
28.6,
30.02,
27.37,
28.21,
23.06,
19.81,
15.7,
10.88,
12.38,
11.07,
10.82,
11,
11.47,
12.29,
14.1,
13.61,
16.4,
16.75,
17.02,
16.93,
16,
16.19,
16.99,
21.41,
21.55,
22.69,
22.19,
21.26,
22.11,
21.34,
18.3,
16.14,
14.15,
13.24,
12.71,
14.3,
14.41,
14.74,
15.18,
18.87,
20.57,
20.46,
20.19,
20.46,
20.25,
16.28,
13.78,
15.38,
15.18,
18.24,
19.82,
18.52,
21.79,
20.83,
20.23,
19.28,
16.76,
18.19,
16.44,
14.39,
14.68,
14.49,
10.48,
16.44,
18.87,
19.45,
19.58,
20.07,
19.93,
18.33,
20.74,
19.37,
20.6,
21.25,
20.7,
21.58,
21.49,
21.07,
19.39,
18.1,
16.16,
17.1,
16.65,
16.21,
17.59,
19.36,
20.16,
21.23,
22.73,
23.43,
23.1,
23.74,
25.98,
26.91,
30.2,
25.22,
26.11,
25.44,
25.21,
25.81,
26.31,
23.15,
20.69,
19.81,
18.37,
17.97,
17.63,
17.08,
17.64,
19.01,
20.08,
20.99,
22.95,
23.9,
27.13,
27.23,
28.29,
37.43,
43.2,
40.11,
54.32,
40.6,
45.4,
37,
39.67,
23.58,
21.99,
20.83,
19.54,
18.61,
17.91,
17.33,
18.45,
19.53,
20,
20.86,
21.88,
24.04,
24.74,
29.18,
29.98,
44.59,
37.22,
34.02,
27.35,
26.55,
25.59,
23.74,
24.08,
21.72,
20.47,
19.85,
18.51,
17.91,
17.27,
17.06,
17.68,
18.53,
19.36,
20.22,
21.06,
21.24,
22.35,
22.7,
42.9,
23.83,
22.89,
22.53,
22.69,
22.95,
22.95,
22.44,
21.84,
19.77,
18.27,
14.05,
13.95,
13.82,
12.71,
13.22,
13.06,
14.65,
17.4,
18.84,
16.06,
20.8,
18.58,
17.22,
17.82,
18.79,
21.28,
21.44,
20.98,
19.6,
18.33,
18.15,
17.21,
17.72,
17.16,
17.16,
14.94,
14.94,
14.62,
14.38,
15.29,
14.67,
14.83,
16.62,
18.66,
18.65,
18.97,
18.63,
19.75,
19.86,
19.25,
20.89,
21.09,
21.94,
21.63,
20.16,
19.8,
18.33,
15.92,
13.96,
13.78,
12.29,
12,
11.38,
10.2,
2.24,
11.22,
14.87,
18.77,
19.34,
19.8,
20.19,
21,
21.54,
22.08,
21.96,
22.29,
21.97,
21.6,
20.41,
20.31,
20.24,
18.66,
16.49,
15.22,
14.47,
13.19,
10.81,
11.68,
15.5,
17.41,
18.13,
19.22,
20.49,
20.83,
21.08,
18.03,
17.98,
16.68,
18.84,
18.62,
19.21,
19.82,
20.93,
20.49,
19.63,
16.85,
12,
12.21,
10.04,
8.69,
4.26,
8.89,
10.42,
15.96,
18.39,
19.27,
20.08,
19.6,
18.49,
21.6,
20.64,
21.93,
33.34,
31.42,
19.63,
22.1,
23.5,
23.6,
21.44,
19.58,
18.27,
15.2,
15.74,
15.14,
15.16,
15.99,
17.8,
19.66,
20,
21.83,
21.5,
27.84,
23.59,
24.8,
25.74,
26.39,
26.74,
29.39,
29.6,
24.66,
24.05,
23.46,
23.41,
20.41,
18.93,
15.89,
16.07,
15.35,
15.24,
15.66,
17.98,
18.7,
20,
21.6,
27.69,
32.33,
32.77,
39.29,
45.35,
41.27,
35.4,
36.69,
31.2,
27.06,
22.36,
20.67,
20.4,
17.18,
12.48,
16.07,
15.42,
15.23,
15.16,
15.47,
16.66,
18.06,
20.28,
22.46,
21.09,
22.33,
20.57,
18.06,
19.33,
20.93,
26.6,
32.29,
27.68,
25.91,
24.29,
26.41,
21.32,
20.32,
19.63,
18.5,
17.71,
17.04,
15.68,
15.54,
16.1,
18.62,
20.54,
76.61,
35.59,
125.28,
41.67,
32,
28.61,
172.73,
35.03,
45.15,
58.33,
141.8,
39.5,
23.63,
22.97,
21.1,
16.55,
13.36,
15.24,
14.58,
13.96,
13.93,
14.1,
15.73,
18.79,
19.81,
21.04,
24.86,
25.43,
23.73,
23.6,
24.45,
29.6,
27.26,
26.62,
26.63,
24.64,
23.48,
13.26,
12.98,
15.57,
13.19,
10.77,
12.15,
14.02,
15.18,
18.25,
18.1,
18.38,
21.21,
22.3,
22.98,
24.41,
31.49,
43.39,
32.58,
45.47,
51.67,
37.78,
27.77,
24.77,
33.28,
25.32,
22.53,
19.83,
17.44,
17.71,
17.17,
16.86,
17.92,
19.25,
19.84,
20.71,
21.92,
23,
24.95,
25.47,
77.95,
33.61,
33.25,
36.53,
33.54,
28.33,
25.15,
24.24,
23.45,
23.3,
21.89,
21.05,
20.14,
18.99,
17.98,
17.85,
18.43,
19.12,
19.17,
21.55,
22.89,
24.46,
30.7,
30.08,
42.4,
39.82,
30.99,
37.23,
31.38,
30.05,
25.08,
23.27,
22.51,
21.42,
20.51,
19.6,
18.39,
18.06,
17.29,
15.45,
14.72,
14.65,
17.59,
19.18,
20.04,
25.11,
26.27,
32.27,
28.02,
26.26,
26.89,
29.92,
50.35,
25.68,
26.37,
30.52,
23.48,
21.39,
20.95,
19.98,
19.33,
18.38,
16.65,
16.51,
17.44,
17.98,
19.2,
19.89,
20.85,
18.64,
20.17,
22.08,
22.35,
25.98,
25.84,
29.04,
33.32,
24.67,
22.1,
18.55,
21.75,
21.61,
20.05,
19.42,
18.75,
17.76,
16.36,
15.54,
15.45,
15.48,
16.06,
18.12,
18.59,
18.92,
21.86,
20.05,
39.79,
22.83,
24.91,
24.72,
25.06,
24.3,
24.19,
22.42,
22.11,
21.13,
19.58,
18.97,
18.38,
17.51,
16.25,
15.52,
14.85,
13.94,
14.58,
17.41,
19.52,
20.14,
20.91,
22.04,
26.06,
25.93,
36.78,
34.74,
49.34,
33.64,
26.46,
24.68,
23.61,
21.87,
19.75,
18.66,
16.74,
15.77,
14.83,
14.25,
14.91,
16.25,
17.98,
19.92,
21.15,
21.98,
23.12,
32.33,
57.72,
27.07,
32.76,
60.48,
78.44,
27.15,
27.44,
23.79,
21.06,
19.76,
15.43,
16.88,
16.39,
15.84,
15.24,
13.99,
14.51,
14.81,
15.1,
17.58,
18.43,
19.04,
21.56,
25.67,
24.17,
34.75,
134.49,
109.14,
280.65,
84.82,
69.03,
38.78,
73.1,
29.96,
21.81,
20.67,
19.9,
19.21,
18.76,
18.59,
18.75,
19.03,
18.49,
18.61,
18.8,
31.92,
21.88,
22.71,
26.2,
18.22,
21.51,
27.54,
34.8,
28.34,
27.85,
23.2,
26.13,
51.27,
18.9,
17.63,
17.9,
17.22,
16.12,
16.51,
16.34,
17.8,
18.51,
23.25,
22.46,
23.68,
23.68,
25.07,
25.99,
32.93,
35.87,
46.14,
35.93,
28.06,
26.89,
25.27,
25.15,
23.15,
21.23,
20.15,
18.65,
17.79,
16.91,
16.68,
17.29,
18.45,
19.2,
21.58,
21.79,
22.94,
25.78,
26.61,
25.98,
52.33,
28.52,
40.34,
46.13,
28.08,
27.66,
30.36,
27.27,
23.67,
22.58,
21.59,
20.11,
19.21,
17.93,
16.89,
16.55,
15.97,
16.93,
19.27,
20.13,
26.12,
18.51,
31.52,
25.23,
31.62,
36.32,
114.6,
50.61,
41.91,
40.52,
46.99,
58.4,
29.33,
22.33,
21.15,
19.54,
19.15,
18.67,
17.66,
16.06,
16.25,
17.78,
19.95,
21.49,
112.86,
24.75,
24.76,
28.87,
27.05,
42.39,
47.25,
53.1,
38.99,
37.26,
26.49,
35.43,
23.83,
21.57,
19.52,
18.08,
16.95,
15.94,
16.26,
17.39,
18.58,
16.43,
19.61,
29.54,
21.63,
21.86,
23.21,
32.92,
26.63,
26.07,
26.25,
17.18,
23.38,
20.52,
23.49,
24.78,
24.12,
19.18,
19.42,
19.47,
18.96,
18.64,
18.68,
19.41,
20.03,
19.42,
21.72,
21.79,
22.24,
24.16,
27.28,
29.96,
89.35,
45.2,
43.08,
46.81,
125.07,
64.83,
46.68,
26.95,
27.15,
24.98,
23.21,
19.99,
19.38,
19.08,
18.76,
18.69,
18.86,
20.04,
22.42,
22.26,
22.62,
25.29,
101.06,
29.29,
30.52,
38.7,
32.73,
30.69,
34.8,
38.55,
34.18,
31.32,
22.52,
18.76,
15.61,
16.83,
16.27,
16.38,
15.64,
15.9,
16.87,
16.81,
18.8,
19.62,
21.35,
22.35,
23.04,
78.83,
324.47,
347.08,
173.99,
244.02,
270.7,
223.81,
146.46,
35.34,
24.38,
20.65,
20.18,
18.06,
17.97,
17.59,
17.98,
16.78,
18.91,
19.89,
20.36,
22.14,
22.4,
23.06,
23.76,
23.72,
39.98,
81.33,
136.31,
182.86,
237.15,
211.37,
214.76,
40.61,
23.25,
22.59,
21.19,
20.35,
19.52,
18.77,
17.92,
17.06,
16.39,
16.08,
16.76,
19.85,
20.1,
26.33,
34.14,
30.34,
30.85,
22.2,
19.63,
22.81,
19.64,
19.7,
21.03,
19.61,
20.22,
20.23,
19.29,
18.51,
18.49,
17.42,
17.12,
16.38,
16.47,
17.4,
19.02,
19.69,
21.37,
21.98,
23.56,
25.61,
22.8,
22.55,
23.46,
25.9,
26.44,
23.86,
23.15,
21.79,
21.01,
19.6,
16.69,
17.69,
15.66,
15.01,
14.75,
16.16,
16.94,
17.6,
19.36,
20.37,
20.69,
20.41,
20.81,
20.94,
21.68,
22.24,
22.29,
23.02,
22.66,
22.5,
22.32,
21.46,
20.79,
19.23,
17.56,
16.21,
15.53,
14.61,
14.12,
15.2,
16.37,
18.31,
18.86,
20.18,
20.85,
21.26,
21.68,
22.2,
25.21,
24.57,
27.23,
25.6,
25.7,
29.84,
22.61,
22.58,
21.56,
20.14,
17.76,
16.61,
15.83,
15.42,
15.23,
16.34,
17.41,
19.11,
19.3,
22.1,
21.37,
24.13,
33.17,
29.62,
36.74,
29.8,
31.37,
32.78,
21.83,
25.43,
18.82,
19.14,
17.11,
18.62,
17.87,
15.51,
13.8,
12.11,
12.6,
13,
15.96,
20.47,
20.67,
20.85,
29.61,
21.69,
21.48,
20.41,
9.99,
20.7,
28.23,
24.94,
18.41,
11.47,
22.4,
16.84,
24.18,
17.7,
25.52,
15.54,
14.66,
13.46,
12.76,
14.23,
15.15,
13.68,
14.04,
26.18,
19.63,
19.72,
19.44,
31.46,
23.55,
24.57,
28.2,
41.51,
26.04,
23.07,
22.9,
21.31,
16.77,
17.86,
17.55,
14.66,
15.19,
14.27,
13.97,
13.43,
14.02,
15.71,
18.7,
26.86,
25.72,
22.7,
23.62,
25.49,
27.55,
29.73,
34.75,
59.19,
47.61,
39.39,
26.59,
24.85,
22.24,
20.07,
18.59,
17.02,
16.3,
15.08,
14.26,
14.41,
13.83,
14.97,
25.16,
23.66,
23.81,
31.88,
25.32,
27.64,
26.68,
22.33,
24.42,
34.98,
75.21,
27.38,
32.69,
47.88,
20.32,
17.07,
16.18,
15.85,
16.45,
15.87,
17.55,
19,
21.71,
26.98,
32.42,
24.61,
28.85,
36.63,
26.96,
25.52,
27.7,
25.56,
22.64,
22.92,
23.23,
23.77,
25.13,
32.11,
23.09,
20.13,
19.2,
19.56,
18.17,
17.87,
17.49,
18.3,
20.06,
20.04,
23.86,
24.43,
28.66,
51.95,
87.75,
29.24,
32.67,
229.79,
34.08,
32.41,
39.96,
76.81,
156.13,
26.97,
136.36,
19.89,
19.57,
18.08,
17.93,
16.93,
16.22,
8.21,
17.65,
21.63,
20.18,
20.87,
20.79,
22.7,
22.5,
23.83,
82.62,
24.08,
26.89,
36.87,
25.95,
26.8,
23.84,
22.86,
21.69,
20.42,
19.32,
17.23,
15.96,
15.54,
15.13,
15.38,
17.07,
18.18,
18.59,
21.02,
20.69,
21.12,
22.13,
22.93,
25.53,
32.69,
57.93,
86.24,
34.84,
30.11,
26.55,
22.98,
21.35,
20.28,
18.21,
17.97,
16.39,
16.06,
15.81,
16.2,
18.07,
17.5,
18.78,
20.28,
20.14,
21.87,
23.46,
24.29,
29.46,
38.6,
93.52,
30.81,
25.54,
24.17,
24.02,
23.42,
21.89,
20.62,
19.76,
17.78,
17.36,
17.03,
16.54,
16.58,
16.9,
18.28,
18.62,
20.44,
22.59,
25.66,
36.01,
27.88,
26.53,
31.09,
49.45,
43.16,
45.33,
38.96,
24.58,
26.32,
67.63,
19.9,
18.22,
17.17,
16.57,
15.46,
15,
14.9,
14.91,
15.41,
17.78,
19.47,
19.18,
21.12,
22.06,
23.13,
24.95,
26.86,
30.95,
39.51,
50.76,
30.04,
27.17,
26.3,
23.07,
19.2,
16.43,
17.79,
18.39,
18.71,
16.63,
17.52,
19.34,
17.36,
18.17,
19.97,
21.49,
22.02,
24.48,
25.38,
29.06,
50.25,
45.92,
31.12,
25.08,
21,
20.77,
20.1,
18.79,
18.67,
18.12,
17.78,
17.76,
15.05,
15.47,
16.65,
16.16,
17.74,
17.68,
20.67,
21.04,
21.88,
23.25,
24.61,
27.41,
27.01,
32.83,
32.95,
35.24,
25.48,
24.3,
23.68,
22.03,
19.83,
19.18,
15.86,
15.37,
14.93,
15.06,
15.46,
16.69,
16.98,
19.26,
20.84,
23.6,
22.44,
23.71,
33.11,
25.7,
26.8,
31.89,
50.43,
28.62,
26.15,
24.31,
23.71,
21.28,
20.19,
18.56,
17.65,
16.6,
16.07,
15.28,
16.37,
17.59,
17.42,
18.59,
20.44,
23.58,
31.56,
23.4,
24.63,
28.54,
26.49,
27,
26.24,
23.9,
24.11,
23.75,
22.93,
21.06,
19.67,
18.3,
16.9,
16.45,
15.42,
15.35,
16,
17.84,
18.66,
19.22,
19.86,
21,
22.07,
23.19,
24.25,
26.79,
51.11,
38.5,
38.04,
30.4,
25.09,
22.4,
22.62,
20.04,
19.03,
16.93,
15.4,
14.83,
13.91,
13.2,
13.3,
13.8,
14.79,
17.24,
18.88,
19.46,
20.48,
24.43,
21.96,
23.57,
23.32,
24.57,
39.86,
30.2,
26.65,
22.52,
22.75,
21.13,
20.68,
18.89,
17.79,
17.1,
14.88,
14.64,
14.26,
15.28,
15.56,
16.87,
18.53,
18.96,
20.22,
21.86,
21.73,
23.04,
23.84,
26.06,
29.52,
30.53,
29.46,
28.85,
24.55,
22.24,
20.16,
19.22,
17.94,
16.76,
16.07,
16.6,
17.18,
17.34,
18.94,
19.7,
19.88,
21.42,
40.65,
28.96,
44.57,
43.82,
194.1,
63.34,
79.48,
52.05,
91.25,
34.09,
46.6,
24.47,
22.86,
21.99,
20.28,
19.59,
19.1,
18.64,
18.85,
20.3,
21.12,
29.22,
21.78,
30.63,
46.22,
29.66,
24.55,
58.53,
44.06,
109,
98.65,
72.63,
67.05,
52.76,
51.39,
39.94,
21.41,
17.86,
21.68,
21.87,
19.31,
18.55,
19.4,
16.67,
17.7,
18.72,
20.14,
20.54,
33.56,
35.41,
55.31,
148.08,
49.56,
70.34,
105.49,
50.61,
44.23,
33.85,
24.52,
22.22,
21,
19.84,
18.91,
17.26,
16.47,
19.64,
18.56,
20.5,
20.55,
20.78,
22.24,
23.19,
26.23,
26.08,
26.31,
29.09,
27.09,
29.1,
36.65,
43.58,
38.09,
26.16,
26.02,
31.69,
28.93,
25.32,
20.69,
17.88,
16.65,
16.55,
17.61,
24.16,
26.03,
23.35,
20.99,
27.29,
21.21,
21.66,
23.36,
26.76,
43.1,
51.5,
32.75,
25.61,
23.86,
23.36,
22.75,
20.21,
18.59,
17.71,
16.77,
15.41,
13.68,
12.76,
12.18,
13.1,
13.65,
15.78,
18.76,
19.24,
19.88,
20.99,
23.07,
22.08,
23.51,
24.52,
26.93,
23.11,
26.11,
22.32,
14.18,
13.17,
14.33,
13.63,
13.43,
13.38,
13.26,
12.79,
12.45,
12.39,
13.57,
18.95,
24.28,
26.1,
19.28,
20.88,
19.84,
28.23,
32,
25.84,
22.03,
25.17,
23.93,
21.78,
21.4,
20.06,
18.85,
16.71,
18.74,
20.21,
18.59,
18.52,
20.3,
25.28,
23.17,
18.77,
29.05,
22.25,
23.6,
23.49,
24.01,
28.49,
48.59,
62.37,
33.84,
30.53,
26,
23.28,
22.51,
18.08,
9.99,
18.28,
17.28,
15.99,
14.2,
13.35,
14.16,
14.88,
18.71,
16.7,
21.5,
26.61,
32.54,
38.66,
26.14,
22.17,
22.87,
23.79,
65.25,
24.01,
23.3,
22.66,
22.11,
20.58,
18.12,
15.94,
17.57,
16.56,
15.4,
14.82,
19.29,
20.15,
19.99,
20.22,
21.29,
23.08,
23.6,
32.36,
29.31,
33.02,
41.52,
37.02,
27.62,
28.18,
24.83,
27.09,
25.87,
21.46,
20.86,
20.2,
20.33,
19.3,
18.06,
17.62,
18.71,
19.73,
20.25,
20.82,
21.4,
22.48,
22.91,
23.65,
27.98,
34.97,
27.04,
30.02,
28.89,
26.99,
24.44,
23.7,
22.46,
19.91,
19.03,
16.99,
14.88,
13.34,
12.14,
12.33,
12.99,
15.59,
18.09,
17.96,
19.76,
20.53,
20.58,
20.51,
20.64,
20.64,
20.98,
21.48,
21.59,
21.1,
20.34,
19.68,
18.4,
12.42,
12.35,
7.29,
11.75,
8.47,
4.8,
11.09,
11.22,
12.2,
13.61,
14.95,
17.49,
17.9,
18.13,
3.69,
11.71,
17.2,
12,
19.87,
21.97,
21.72,
18.96,
9.51,
10.79,
13.42,
14.53,
15.36,
10.37,
9.69,
9.6,
9.62,
9.62,
10.88,
12.04,
12.11,
16.47,
17.06,
16.05,
17.38,
18.05,
17.67,
16.35,
17.75,
18.75,
18.9,
17.54,
18.27,
19.3,
17.98,
16.27,
16.65,
14.11,
14.52,
14.3,
14.79,
15.5,
19.27,
20.39,
20.2,
20.54,
35.24,
22.26,
23.19,
23.14,
22.77,
22.43,
21.48,
21.65,
21.5,
21.74,
22.37,
21.26,
18.6,
20.44,
16.6,
14.79,
13.56,
13.72,
13.21,
14.16,
18.15,
18.87,
19.58,
28.02,
31.39,
22.78,
31.95,
35.99,
32.87,
22.96,
22.78,
20.4,
22.75,
23.83,
24.13,
22.84,
14.28,
17.16,
11.74,
12.6,
15.85,
13.22,
13.73,
14.27,
17.09,
17.66,
16.85,
18.55,
20.08,
20.36,
21.47,
23.04,
20.48,
29.09,
53.74,
31.23,
28.01,
26.71,
23.4,
24.2,
20.32,
19.1,
17.03,
15.48,
13.08,
11.89,
11.46,
11.81,
12.39,
16.17,
16.78,
17.47,
15.84,
15.35,
15.64,
24.96,
26.9,
32.09,
46.13,
105.04,
27.97,
30.32,
25.9,
23.14,
20.02,
18.56,
17.77,
16.45,
15.32,
15.04,
16.02,
16.87,
20.15,
19.66,
19.51,
20.27,
21.02,
22.48,
22.49,
30.2,
34.26,
31.95,
29.91,
25.63,
23.29,
21.69,
20.97,
20.7,
19.6,
18.44,
13.39,
15.94,
16.7,
15.11,
14.68,
14.22,
14.27,
14.25,
15.1,
17.75,
16.22,
17.58,
17.92,
18.39,
18.07,
12.57,
15.08,
16.29,
19.67,
19.98,
14.82,
15.88,
15.84,
11.11,
6.44,
14.03,
14.46,
13.9,
13.81,
13.47,
13.19,
13.92,
14.59,
16.86,
15.97,
17.23,
18.81,
17.06,
20.11,
17.96,
18.56,
17.7,
20.73,
21.27,
19.87,
19.14,
18.54,
17.79,
16.12,
15.08,
14.68,
13.57,
13.2,
12.73,
13.45,
13.67,
14.09,
17.28,
19.54,
19.2,
21.26,
33,
23.63,
26.98,
21.28,
20.2,
19.79,
15.76,
15.01,
11.45,
11.36,
14.53,
11.44,
10.27,
10.01,
9.65,
10.61,
10.54,
13.89,
18.66,
19.19,
19.56,
20.78,
22.3,
22.95,
22.33,
26.95,
30.66,
27.71,
56.96,
26.76,
27.64,
20.76,
18.67,
18.01,
17.93,
18.3,
17.59,
16.52,
15.51,
16.07,
17.07,
19.05,
19.1,
19.43,
20.65,
53.52,
27.35,
22.74,
23.7,
27.48,
27.6,
72.48,
48.49,
25.11,
23.87,
23.02,
22.29,
20,
18.48,
16.62,
14.99,
14.51,
13.35,
12.85,
12.26,
14.82,
13.98,
12.16,
13.56,
15.55,
12.61,
12.35,
16.15,
17.98,
19.88,
33.73,
27.79,
25.63,
24.82,
24.71,
23.81,
20.65,
19.22,
17.53,
15.41,
14.12,
13.56,
16.93,
20.68,
27.85,
33.26,
34.87,
43.15,
72.51,
20.6,
22.47,
23.52,
23.47,
25.49,
26.62,
25.86,
24.18,
23.36,
23.08,
21.71,
20.49,
19.48,
19.05,
18.4,
17.5,
17.21,
16.56,
15.46,
16.3,
17.63,
18.06,
18.91,
20.01,
20.73,
21.87,
22.68,
24.98,
25.31,
39.21,
17.94,
22.13,
20.56,
19.44,
19.63,
11.61,
16.18,
15.13,
16.45,
15.44,
15.07,
13.86,
14.36,
14.45,
15.39,
17.38,
17.63,
19.06,
18.08,
21.72,
17.58,
20.35,
19.12,
20.58,
18.76,
16.73,
14.35,
17.94,
20.43,
19.33,
13.86,
16.51,
17.92,
16.55,
16.37,
16.61,
17.64,
18.62,
19.23,
19.03,
19.33,
20.63,
22.23,
27.55,
21.25,
34.35,
30.84,
94.41,
27.1,
20.74,
19.09,
19.74,
23.16,
20.28,
13.56,
15.08,
14.29,
14.84,
13.39,
13.62,
16.1,
21.35,
20.32,
20.01,
19.64,
20.35,
21.19,
21.99,
22.29,
25.31,
37.1,
56.42,
33.2,
37.78,
511.04,
20.45,
20.93,
18.19,
16.73,
13.7,
17.19,
15.17,
14.96,
15.49,
15.54,
16.08,
24.38,
19.09,
19.17,
17.1,
22.69,
22.57,
37.99,
25.3,
19.99,
29.29,
38.77,
105.36,
30.38,
19.65,
22.78,
19.1,
13.8,
8.15,
12.74,
14.22,
13.01,
13.33,
11.67,
17.74,
13.64,
18.15,
14.52,
14.82,
9.65,
11.24,
15.98,
53.52,
59.59,
31.21,
21.92,
29.59,
25.97,
24.28,
23.41,
4.64,
-12.25,
10.63,
-9.15,
-17.04,
-20.64,
-18.05,
1.63,
11.66,
13.69,
15.55,
6.31,
12.56,
-0.38,
0.64,
4.24,
4.09,
7.62,
16.46,
19.94,
20.27,
21.36,
21.51,
21.56,
20.7,
13.87,
14.67,
17.08,
15.63,
9.65,
13.5,
13.83,
0.53,
0.06,
11.01,
14.42,
18.62,
18.06,
18.69,
20.1,
17.92,
14.91,
14.85,
16.24,
21.26,
20.77,
20.61,
19.99,
19.13,
18.41,
17.54,
16.93,
16.22,
14.67,
14.36,
14.48,
14.78,
15.94,
16.87,
18.26,
19.43,
21.08,
22.03,
23.13,
25.07,
26.25,
154.48,
53.52,
65.65,
27.24,
28.76,
23.71,
21.96,
16.46,
17.02,
15.74,
14.73,
12.74,
13.45,
17.75,
17.82,
16.33,
17.92,
16.68,
20.97,
21.33,
22.3,
24.51,
27.37,
27.65,
25.55,
24.46,
23.84,
21.92,
20.06,
17.74,
15.86,
15.49,
17.98,
14.72,
11.95,
11.38,
11.23,
13.37,
17.12,
17.19,
18.82,
21.02,
25.29,
27.27,
27.46,
26.21,
26.35,
30.96,
27.66,
28.2,
30.32,
30.6,
26.64,
20.18,
19.08,
16.21,
15.6,
14.63,
13.86,
11.09,
10.77,
11.43,
13.96,
17.35,
17.65,
18.63,
18.3,
21.58,
22.35,
22.31,
22.96,
24.3,
22.76,
26.43,
28.39,
25.75,
24.11,
21.67,
20.2,
18.99,
18.72,
18.38,
17.7,
17.28,
17.23,
18.15,
19.12,
20.72,
21.4,
21.62,
22.63,
23.28,
23.65,
24.72,
26.69,
28.32,
31.16,
30.38,
29.03,
26.56,
25.9,
23.02,
17.92,
19.51,
17.99,
16.49,
15.78,
16.23,
16.97,
16.16,
20.29,
21.92,
21.41,
22.53,
24.21,
24.8,
36.94,
29.53,
62.3,
49.2,
57.55,
63.01,
45.46,
32.37,
25.23,
23.03,
25.66,
21.73,
20.38,
16.56,
16.05,
18.43,
16.81,
16.1,
18.78,
19.05,
18.53,
19.85,
18.95,
25.14,
18.75,
26.22,
23.56,
26.85,
29.75,
28.15,
24.8,
23.78,
23.75,
22.75,
20.7,
20.73,
20.2,
20.2,
19.18,
19.18,
19.12,
18.2,
18.7,
18.67,
18.59,
19.66,
21.72,
24.16,
32.82,
27.31,
54.95,
27.54,
28.49,
35.68,
35.02,
36.52,
104.99,
24.73,
23.71,
22.08,
19.45,
17.62,
17.19,
14.99,
13.69,
13.91,
15.52,
109.62,
21.81,
22.18,
23.77,
31.69,
29.48,
34.08,
48.89,
42.05,
44.12,
28.17,
27.62,
25.46,
25.92,
18.91,
13.8,
10.67,
8.37,
7.79,
8.99,
9.41,
9.3,
8.66,
7.49,
8.71,
10.58,
11.16,
15.84,
16.12,
15.71,
15.88,
13.89,
15.61,
13.95,
13.25,
16.61,
14.96,
13.85,
16.19,
13.58,
14.49,
14.1,
12.81,
12.33,
11.03,
9.39,
9.05,
11.39,
18.43,
16.24,
15.53,
17.98,
16.56,
16.53,
14.57,
14.25,
14.2,
11.79,
16.32,
14.52,
12.4,
13.88,
13.01,
11.84,
10.33,
9.4,
5.31,
1.93,
-0.99,
2.98,
10.93,
15.3,
17.8,
19.79,
21.21,
24.28,
26.55,
23.69,
19.81,
19.07,
17.46,
18.75,
17.34,
13.97,
13.56,
12.17,
10.45,
9.18,
6.54,
6.35,
8.99,
10.03,
10.49,
10.44,
12.55,
17.53,
18.28,
19.35,
20.18,
21.55,
22.56,
24.07,
29.74,
38.46,
25.16,
37.16,
31.4,
27.06,
21.95,
20.54,
14.2,
14.59,
14.76,
16.18,
16.31,
13.97,
15.43,
15.23,
13.76,
15.41,
16.73,
17.03,
17.48,
19.27,
19.93,
20.06,
21.75,
17.14,
14.41,
13.94,
15.11,
15.64,
13.55,
14.27,
13.85,
11.53,
13.03,
13.02,
11.45,
10.8,
11.5,
10.19,
11.43,
12.08,
12.26,
13.79,
15.46,
16.2,
16.11,
13.73,
18.74,
14.73,
13.18,
17.72,
19.13,
20.44,
18.56,
15.63,
16.87,
13.81,
14.8,
12.16,
11.74,
10.36,
10.72,
9.69,
10.62,
12.77,
11.39,
12.16,
14.63,
16.5,
15.89,
13.53,
14.23,
16.55,
18.4,
18.6,
19.44,
17.51,
18.72,
22.63,
19.04,
16.85,
16.41,
15.71,
16.21,
15.68,
14.21,
14.69,
15.56,
17.7,
21.15,
19.9,
21.16,
29.33,
28.89,
24.7,
55.15,
57.98,
192.38,
203.24,
52.14,
26.02,
20.64,
27.36,
26.05,
23.91,
21.13,
19.65,
13.58,
8.37,
9.28,
11.95,
14.86,
14.19,
16.42,
20.45,
20.26,
22.32,
22.23,
32.46,
74.51,
46.33,
21.59,
43.3,
43.01,
27.14,
29.21,
25.02,
21.58,
19.1,
18.62,
13.91,
12.84,
11.68,
9.92,
9.49,
9.49,
11.29,
16.87,
18.44,
18.54,
17.65,
19.61,
18.22,
19.2,
17.78,
17.42,
17.07,
20.31,
20.26,
21.43,
21.77,
20.77,
19.12,
18.05,
15.07,
15.31,
14.82,
14,
14.31,
15.95,
18.84,
20.2,
20.49,
20.68,
20.67,
21.25,
21.38,
21.59,
21.87,
23.73,
22.12,
18.4,
17.55,
17.71,
15.25,
13.26,
15.07,
10.12,
9.19,
9.27,
9.38,
9.44,
9.13,
8.8,
9.06,
11.03,
14.24,
16.88,
14.1,
12.39,
13.94,
13.83,
12.41,
12.78,
12.52,
10.79,
9.17,
9.17,
19.22,
18.35,
16.86,
15.11,
12.7,
13.94,
10.73,
9.59,
9.49,
9.63,
14.85,
15.41,
13.6,
16.53,
16.16,
14.19,
12.77,
12.24,
11.2,
7.36,
8.26,
8.55,
11.99,
21.38,
21.35,
13.9,
9.54,
9.45,
9.63,
9.76,
9.85,
10.4,
12.79,
15.58,
17.55,
22.25,
20.96,
44.39,
75.56,
28.54,
25.65,
23.67,
23.47,
22.99,
24.07,
24.98,
57.13,
29.28,
23.53,
19.06,
14.37,
9.66,
4.68,
0.53,
1.24,
1.13,
1.18,
1.98,
4.45,
5.09,
6.93,
5.27,
18.18,
20.41,
7.27,
6.19,
9.1,
8.44,
9.78,
10.86,
14.96,
19.54,
16.56,
10.08,
4.31,
4.4,
0.44,
0.58,
3.2,
2.31,
2.71,
4.99,
10.88,
23.97,
22.31,
22.61,
30.69,
27.02,
28.66,
30.39,
36.51,
37.3,
29.28,
37.75,
36.66,
25.5,
22.6,
23.08,
24.43,
25.39,
22.9,
21.39,
15.63,
15.17,
16.04,
17.28,
110.6,
21.69,
22.01,
22.66,
22.11,
31.72,
32.6,
22.49,
21.34,
15.78,
7.79,
13.13,
14.04,
15.63,
9.56,
12.92,
24.04,
13.97,
4.94,
0.75,
2.47,
3.54,
4.09,
2.39,
2.09,
17.51,
22.59,
22.44,
9.39,
11.83,
7.58,
10.47,
7.67,
7.16,
3.9,
4.2,
5.43,
22.09,
21.62,
19.03,
18.02,
15.79,
4.67,
0.78,
0.96,
1.84,
0.29,
-0.54,
1.42,
-3.82,
1.69,
3.94,
14.43,
6.82,
-0.44,
-1.8,
-2.38,
-1.22,
-5.98,
-3.15,
6.98,
25.08,
20.73,
19.43,
20.59,
17.93,
19,
13.43,
12.58,
12.4,
12.24,
12.27,
12.48,
15.61,
16.67,
18.38,
18.08,
17.03,
14.01,
14.99,
14.09,
17.32,
18.46,
18.36,
20.65,
215.59,
29.23,
23.16,
21.89,
21.29,
19.62,
20.5,
45.72,
19.21,
24.93,
19.29,
24.57,
152.06,
34.85,
60.05,
60.23,
54.7,
43.92,
28.24,
27.07,
24.28,
18.16,
17.54,
18.63,
18.4,
13.23,
10.42,
6.1,
4.59,
4.21,
4.79,
4.43,
7.1,
7.04,
6.83,
8.64,
13.99,
13.52,
13.02,
13.58,
10.1,
9.73,
8.09,
7.59,
28.24,
6.28,
6.64,
7.58,
14.53,
19.45,
18.96,
18.81,
17.41,
15.22,
13.8,
13.87,
13.47,
14.62,
16.02,
18.36,
21.16,
22.12,
21.57,
21.6,
27.4,
22.22,
22.09,
21.74,
22.2,
21.27,
26.81,
22.38,
33.08,
22.05,
21.35,
20.78,
19.54,
18.18,
17.54,
16.6,
16.39,
16.49,
17.83,
37.05,
21.87,
21.69,
21.24,
22.16,
22.94,
22.05,
20.98,
19.1,
16.73,
16.93,
16.3,
16.18,
16.27,
4.34,
5,
3.39,
2.16,
0.5,
0.85,
0.86,
1.38,
1.85,
2.19,
2.88,
10.98,
5.41,
6.15,
5.08,
4.79,
4.76,
4.48,
5,
5.14,
5.59,
6.26,
6.73,
6.6,
7.78,
14.49,
13.26,
15.01,
16.8,
13.2,
11.47,
13.59,
16.89,
17.11,
18.03,
19.26,
19.88,
21.05,
22.62,
23.93,
21.33,
21.21,
21.12,
20.81,
20.74,
24.01,
32.1,
35.58,
21.99,
21.11,
21.86,
19.33,
19.03,
13.41,
19.06,
17.92,
16.65,
13.53,
15.14,
17.03,
15.55,
15.89,
18.92,
16.99,
17.04,
12.87,
11.01,
12.04,
10.7,
17.7,
17.61,
13.71,
16.1,
15.57,
16.42,
12.07,
1.97,
4.7,
-1.48,
-4.47,
16.84,
15.88,
16.81,
20.11,
18.83,
18.67,
19.72,
21.87,
26.63,
21.51,
22.15,
26.54,
27.19,
38.4,
31.64,
51.93,
30.41,
-0.82,
-4.38,
6.56,
2.15,
1.51,
1.61,
-30.07,
-38.21,
-39.52,
-29.16,
1.34,
5.74,
-14.56,
8.56,
8.91,
13.05,
12.17,
11.73,
12.38,
12.09,
10.47,
10.93,
29.48,
21.87,
20.21,
18.25,
17.84,
10.12,
6.83,
17.17,
18.44,
19.07,
32.34,
42.75,
33.25,
25.7,
21.43,
22.65,
21.33,
20.78,
20.46,
19.67,
18.93,
18.51,
19.4,
24.5,
40.46,
21.06,
20.06,
19.52,
17.33,
16.15,
13.83,
16.98,
17.4,
16.66,
15.53,
36.17,
49.49,
20.81,
30.53,
37.24,
26.27,
33.18,
22.78,
21.67,
21.93,
21.68,
21.34,
36.35,
61.82,
27.06,
22.86,
21.73,
20.49,
18.87,
19.9,
19.17,
18.29,
18.33,
19.5,
23.43,
27.97,
22.62,
22.84,
26.76,
35.53,
23.85,
22.46,
22.6,
21.98,
21.67,
20.82,
21.07,
19.44,
17.16,
16.3,
15.06,
13.35,
11.99,
15.36,
14.23,
13.1,
13.36,
13.93,
13.95,
17.99,
18.32,
21.12,
22.02,
21.34,
19.57,
19.18,
19.96,
21,
19.85,
20.04,
20.27,
20.95,
20.22,
18.88,
17.67,
16.19,
14.72,
12.44,
12.02,
10.72,
9.77,
9.96,
10.73,
12.75,
15.84,
17.82,
16.25,
15.44,
16.98,
17.95,
17.23,
16.31,
15.57,
17.48,
18.6,
21.08,
20.48,
21.47,
18.5,
16.27,
14.98,
13.74,
13.95,
14.2,
14.57,
16.37,
29.72,
22.26,
22.78,
22.61,
24.44,
23.06,
21.74,
21.64,
21.12,
21.06,
22.19,
23.1,
23.2,
25.8,
23.23,
22.38,
21.19,
19.97,
18.49,
17.44,
17.79,
17.52,
17.5,
18.51,
20.18,
28.19,
24.05,
23.51,
24.74,
26.51,
29.23,
25.44,
25.27,
23.65,
23.78,
24.03,
25.1,
77.91,
24.82,
23.61,
21.74,
19.97,
19.37,
18.51,
14.47,
16.37,
17.07,
19.55,
19.82,
23.4,
26.6,
46.43,
33.68,
34.47,
46.17,
32.72,
32.67,
30.93,
25.12,
24.74,
29,
41.4,
28.23,
32.09,
23.04,
21.66,
20.77,
19.74,
19,
17.32,
17.58,
18.88,
21.23,
25.16,
33.15,
31.32,
29.33,
27.21,
24.32,
22.36,
21.22,
20.99,
20.81,
21.03,
23.42,
26.12,
23.41,
0.92,
-5.19,
4.17,
25.46,
26.78,
-15.91,
-20.92,
-4.64,
14.77,
21.15,
7.62,
26.86,
27.63,
26.95,
26.15,
23.79,
22.4,
20.92,
20.39,
20.4,
21.29,
22.72,
23.94,
21.73,
19.76,
15.62,
14.99,
0.61,
6.08,
8.34,
9.78,
9.58,
9.54,
3.06,
12.87,
15.91,
18.47,
19.74,
17.23,
17.66,
16.75,
16.11,
16.73,
17.28,
20.41,
35.95,
26.4,
28.72,
28.33,
24.33,
21.37,
20.49,
17.11,
15.1,
11.41,
15.31,
19.9,
18.95,
18.7,
18.75,
24,
22.47,
23,
21.47,
20.16,
19.12,
18.98,
19.29,
20.57,
22.64,
27.49,
24.6,
23.25,
21.5,
19.58,
18.71,
16.08,
13.97,
9.98,
10.22,
11.62,
14.56,
15.45,
24.32,
22.76,
22.65,
21.52,
20.6,
17.88,
17.65,
17.77,
18.65,
17.75,
19.55,
23.6,
23.33,
22.2,
21.89,
19.68,
19.46,
18.57,
18.34,
18.41,
18.6,
18.53,
19.95,
22.12,
28.04,
39.38,
26.45,
27.83,
26.75,
26.12,
26.37,
25.85,
24.89,
26.1,
26.3,
37.93,
34.2,
32.65,
27.59,
24.04,
21.08,
19.89,
18.47,
17.01,
17.76,
15.8,
16.47,
19.79,
59.6,
21.2,
21.56,
21.68,
20.93,
20.75,
16.18,
17.23,
14.76,
18.13,
14.07,
8.51,
7.74,
19.22,
17.86,
15.65,
17.9,
17.87,
17.57,
17.73,
17.64,
18.55,
19.05,
21.63,
28.27,
26.99,
471.67,
193.3,
224.49,
259.33,
173.93,
161.37,
42.66,
28.3,
30.49,
46.23,
42.63,
44.08,
45.58,
28.69,
24.11,
23.65,
22.98,
20.39,
20.53,
5.71,
11.16,
20.51,
26.85,
23.9,
21.21,
6.67,
13.38,
13.71,
5.35,
2.47,
5.56,
12.21,
16.52,
23.04,
32.41,
28.27,
28.16,
27.07,
13.85,
2.98,
8.97,
11.53,
9.1,
10.2,
3.35,
16.32,
15.63,
16.04,
18.79,
22.53,
22.71,
21.24,
21.21,
20.37,
19.95,
20.01,
22.46,
23.75,
22.29,
20.64,
19.46,
17.56,
15.28,
14.17,
13.23,
12.54,
15.78,
13.81,
17.23,
16.22,
15,
14.27,
16.11,
16.08,
18.85,
19.12,
19.32,
18.61,
17.45,
15.12,
13.09,
13.72,
12.31,
12.05,
12.42,
11.11,
11.12,
9.53,
8.92,
10.15,
10.45,
10.47,
10.36,
7.59,
11.33,
12.43,
12.55,
12.76,
12.51,
16.2,
16.38,
16.71,
14.81,
10.49,
18.56,
22.82,
21.54,
20.15,
19.04,
19.95,
19.51,
18.87,
18.73,
18.85,
19.4,
19.6,
20.1,
22.88,
29.27,
27.56,
25.91,
25.42,
24.29,
23.74,
25.13,
21.89,
18.37,
16.83,
19.87,
20.33,
7.8,
2.59,
-0.93,
-0.22,
3.8,
8.48,
5.53,
1.09,
4.02,
8.67,
9.66,
16.68,
344.34,
15,
26.44,
27.46,
31.94,
26.2,
24.79,
26.6,
26.29,
42.85,
32.86,
29.43,
31.45,
26.7,
26.75,
24.48,
21.95,
20.05,
20.14,
19.84,
19.35,
19.52,
19.45,
21.34,
23.41,
24.58,
25.06,
27.56,
28.95,
19.88,
18.64,
20.49,
20.15,
19.33,
23.15,
22.22,
20.78,
20.66,
16.93,
8.69,
15.19,
16.05,
15.57,
16.17,
15.79,
16.44,
17.53,
18.52,
22.42,
24.61,
23.54,
23.35,
23,
21.77,
21.31,
20.69,
19.7,
18.97,
15.59,
19.3,
17.67,
16.92,
16.87,
18.07,
18.39,
17.4,
15.63,
14.12,
14.28,
14.72,
15.24,
14.88,
16.84,
14.91,
19.91,
14.51,
11.72,
12.46,
11.21,
11.29,
11.93,
11.6,
12.57,
21.02,
17.42,
17.01,
20.13,
20.08,
18.94,
18.46,
19.28,
19.52,
19.86,
20.23,
20.21,
20.45,
20.91,
22.32,
22.16,
22.6,
22.41,
21.23,
19.25,
19.61,
19,
19.26,
20.87,
23.44,
23.4,
24.27,
23.14,
22.23,
21.28,
20.46,
19.81,
19.67,
19.4,
19.74,
19.76,
18.31,
22.79,
22.89,
18.11,
19.94,
19.72,
22.74,
18.9,
19.04,
18.7,
18.22,
18.96,
23.91,
19.15,
19.39,
18.43,
19.87,
20.54,
22.21,
19.01,
19.61,
18.81,
17.65,
18.24,
20.73,
21.67,
19.19,
16.81,
19.71,
19.79,
19.51,
15.91,
18.18,
19.04,
21.4,
23.18,
25.31,
38.84,
23.88,
22.39,
21.51,
20.85,
19.89,
22.52,
21.13,
17.19,
14.98,
14.9,
17.16,
17.68,
22.22,
16,
19.5,
21.62,
27.22,
24.86,
26.26,
28.15,
23.97,
25.59,
33.99,
30.58,
29.28,
30.41,
28.89,
25.98,
23.53,
22.54,
17.54,
14.89,
15.17,
15.02,
15.66,
19.86,
18.91,
18.79,
21.1,
21.19,
20.62,
20.84,
20.8,
21.42,
21.73,
21.9,
21.35,
22.17,
25.14,
31.85,
30.73,
23.13,
18,
17.69,
17.85,
17.66,
18.01,
18.58,
20.55,
22.82,
22.78,
23.51,
23.54,
24.25,
22.74,
21.41,
20.91,
20.29,
21.06,
26.57,
21.67,
21.28,
14.84,
17.14,
18.79,
18.85,
22.18,
18.47,
14.93,
18.22,
17.08,
17.63,
16.36,
18.72,
18.56,
16.49,
20.87,
18.92,
20.63,
15.96,
17.13,
17.96,
16.55,
16.26,
20.72,
13.74,
13.54,
12.57,
9.59,
8.84,
7.87,
9.42,
8.91,
9.3,
8.05,
13.48,
14.67,
14.49,
17.1,
20.04,
19.81,
19.5,
19.12,
18.35,
17.9,
17.75,
18.43,
19.54,
20.77,
19.97,
19.58,
19.23,
18.92,
17.9,
16.89,
16.9,
16.19,
20.15,
20.81,
21.3,
21.8,
20,
16.31,
16.68,
17.6,
16.67,
18.14,
18.96,
20.69,
18.38,
17.48,
17.06,
17.73,
17.64,
18.03,
18.04,
17.03,
17.08,
16.31,
16.23,
16.49,
16.04,
16.03,
14.87,
12.34,
17.87,
16.46,
15.16,
16.48,
17.98,
18.01,
17.32,
13.67,
4.19,
9.01,
12.43,
15.02,
13.81,
18.69,
19.37,
17.95,
17.92,
12.99,
12.02,
12.04,
11.51,
9.55,
9.12,
9,
11.59,
13.74,
14.23,
15.36,
15.34,
14.96,
14.34,
14.08,
16.09,
16.61,
26.46,
23.53,
20.14,
19.02,
18.88,
18.19,
17.03,
15.89,
15.3,
16.43,
17.05,
17.07,
17.63,
18.7,
19.34,
20.52,
21.54,
23.08,
33.31,
22.11,
19.6,
19.37,
19.29,
19.61,
20.41,
20.94,
20.42,
19.99,
19.76,
19.93,
19.17,
18.36,
17.25,
17.49,
17.82,
18.4,
19.83,
21.02,
21.43,
22.7,
39.85,
38.94,
25.62,
21.95,
21.37,
21.02,
21.04,
18.14,
17.09,
18.68,
18.69,
21.99,
20.1,
18.59,
17.13,
14.84,
13.53,
15.21,
14.54,
14.97,
12.65,
14.82,
15.1,
15.93,
15.42,
14.44,
12.03,
11.91,
11.59,
12.26,
12,
12.76,
13.47,
14.3,
15.79,
17.99,
18.87,
18.56,
18.08,
16.71,
16.23,
14.15,
11.48,
10.58,
11.71,
11.76,
11.19,
10.74,
10.8,
11.93,
12.46,
12.81,
13.08,
12.54,
12.7,
11.73,
10.86,
11.01,
10.82,
10.44,
9.65,
10.35,
12.08,
15.47,
16.91,
16.62,
16.14,
17.27,
18.02,
20.19,
22.16,
23.89,
24.14,
23.71,
24.53,
37.39,
22.34,
21.46,
21.01,
20.74,
15.84,
23.48,
14.11,
16,
36.54,
21.57,
10.8,
10.36,
10.27,
5.49,
4.17,
2.23,
6.9,
9.79,
18.39,
20.24,
17.21,
18.77,
18.38,
16.74,
12.27,
13.68,
13.52,
14.27,
12.21,
11.91,
14.22,
14.13,
12.35,
10.31,
8.79,
5.13,
8.99,
8.97,
9.57,
9.9,
10.19,
13.6,
25.63,
52.97,
25.38,
18.11,
18.27,
18.04,
17.32,
16.97,
16.6,
17.37,
17.14,
21.53,
35.86,
24.21,
20.21,
19.91,
18.92,
17.83,
17.17,
16.96,
17.44,
17.5,
13.02,
14.11,
17.23,
23.72,
27.9,
21.5,
16.71,
17.25,
16.04,
16.55,
16.61,
16.09,
8.92,
20.13,
14.63,
13.37,
13.84,
30.93,
45.36,
28.29,
28.17,
28.61,
25.96,
22.11,
17.62,
25.86,
32.77,
34.78,
37.87,
33.5,
30.1,
20.58,
20.44,
20.17,
20.31,
20.88,
28.39,
22.15,
18.21,
15.74,
16.65,
17.19,
14.56,
12.38,
12.09,
11.1,
10.44,
10.51,
10.11,
10.1,
11.1,
8.24,
10.82,
14.32,
11.27,
12.89,
14.14,
12.68,
10.66,
25.67,
37.2,
37.1,
34.86,
29.63,
24.32,
12.47,
9.71,
8.6,
9.62,
9.54,
9.79,
10.22,
12.76,
17.85,
18.68,
18.25,
18.42,
18.87,
19.22,
19.66,
19.7,
19.66,
19.97,
21.28,
30.55,
25.22,
24.12,
29.44,
21.2,
20.08,
19.1,
18.17,
17.88,
17,
17.71,
17.73,
18.13,
17.83,
15.27,
14.25,
13.72,
25.95,
24.32,
32.07,
26.94,
21.62,
24.1,
24.31,
32.05,
42.37,
34.6,
36.14,
39.91,
36,
34.21,
20.07,
16.77,
17.19,
16.3,
17.29,
18.31,
19.63,
21.5,
21.05,
20.31,
21.76,
17.46,
25.37,
28.02,
30.39,
29.93,
33.71,
55.2,
43.97,
24.55,
23.1,
22.32,
21.46,
16.59,
19.21,
14.9,
17.76,
18.61,
21.85,
17.1,
20.45,
21.62,
16.86,
27.67,
33.87,
24.65,
22.88,
17.26,
19.53,
19.19,
19.9,
23.27,
24.4,
19.93,
16.92,
27.49,
45.08,
37.48,
21.16,
23.85,
19.16,
15.98,
23.54,
28.69,
29.62,
149.28,
76.98,
73.22,
94.06,
49.13,
38.69,
30.48,
32.02,
32.64,
31.36,
53.44,
22.55,
22.7,
27.34,
22.56,
21.68,
19.91,
20.08,
19.27,
19.11,
19.2,
19.9,
21.32,
21.6,
24.99,
33.96,
24.24,
24.09,
115.83,
23.23,
22.07,
21.24,
19.44,
19.95,
22.67,
25.65,
19.64,
18.31,
14.27,
17.75,
15.93,
18.93,
16.33,
17.72,
14.98,
13.82,
12.05,
12.84,
19.8,
22.33,
22.54,
19.12,
18.3,
17.99,
17.39,
17.46,
17.43,
18.16,
20.48,
19.94,
18.88,
18.41,
18.49,
18.35,
17.76,
17.78,
17.46,
18.22,
17.72,
18.61,
18.47,
19.08,
19.81,
20.71,
21.07,
21.35,
20.9,
21.19,
20.8,
21.76,
21.66,
29.59,
35.48,
30.07,
27.36,
25.74,
23.32,
21.29,
20.64,
20.19,
19.74,
19.19,
19.24,
19.99,
21.9,
31.42,
23.12,
39.45,
27.6,
27.46,
27.94,
25.72,
24.75,
23.62,
23.44,
23.35,
56.97,
26.11,
24.1,
23.57,
23.75,
21.79,
20.02,
18.47,
18.12,
17.82,
17.9,
18.33,
19.09,
31.29,
22.29,
45.84,
24.3,
23.76,
24.43,
22.92,
21.75,
21.18,
20.61,
20.65,
21.98,
22.49,
18.99,
21.66,
19.44,
17.99,
18.61,
23.02,
20.55,
19.33,
19.75,
19.93,
21.15,
22.45,
86.91,
24.14,
24.63,
22.95,
21.14,
15.14,
17.13,
16.86,
14.47,
34.19,
38.12,
50.73,
50.09,
46.31,
33.75,
38.97,
30.81,
26.81,
27.87,
25.02,
25.67,
29.62,
22.82,
27.19,
37.27,
33.18,
29.28,
32.49,
30.34,
32.26,
26.46,
28.02,
23.79,
13.67,
20.79,
45.32,
44.25,
46.13,
44.16,
46.92,
41.98,
43.16,
42.42,
42.68,
42.45,
42.11,
41.48,
45.62,
85.74,
72.95,
47.15,
43.91,
22.11,
19.37,
19.28,
26.41,
19.03,
13.06,
34.17,
34.56,
20.08,
20.68,
24.05,
22.76,
24.51,
22.08,
20.23,
26.11,
17.5,
17.97,
16.3,
16.37,
16.22,
21.01,
20.87,
18,
15.36,
15.68,
15.81,
14.49,
16.04,
14.65,
34.61,
48.27,
47.17,
47.32,
46.79,
46.07,
45.69,
42.14,
41.94,
45.15,
41.84,
42.59,
42.2,
42.2,
45.93,
64.93,
49.97,
43.81,
21.62,
22.19,
17.55,
23.53,
30.05,
38.26,
43.26,
46.95,
43.76,
45.23,
47.12,
44.66,
43.31,
33.05,
39.54,
35.72,
37.46,
29.74,
35.94,
28.6,
33.06,
23.35,
20.09,
20.15,
20.43,
20.4,
20.24,
19.83,
19.62,
18.06,
13.89,
18.33,
13.83,
13.49,
11.68,
10.07,
9.71,
9.75,
9.89,
8.69,
8.89,
9.1,
10.06,
10.51,
12.47,
18.39,
17.76,
16.5,
17.79,
18.33,
17.73,
17.52,
17.63,
17.46,
19.08,
18.45,
17.47,
16.84,
16.19,
14.63,
14.29,
14.42,
13.15,
12.66,
12.42,
12.81,
13.45,
14.32,
16.45,
16.77,
17.01,
16.88,
17.05,
16.42,
15.69,
14.94,
14.42,
15.09,
16.77,
16.93,
16.39,
15.84,
16.29,
14.99,
13.92,
13.45,
12.79,
12.72,
12.81,
13.35,
14.71,
16.52,
18.26,
18.96,
19.21,
19.47,
19.9,
20.03,
19.72,
19.5,
19.41,
19.3,
19.96,
25,
19.68,
19.07,
18.3,
17.09,
15.84,
15.49,
14.58,
14.54,
14.68,
14.8,
16.2,
18.5,
18.57,
20.02,
20.17,
20.68,
21.48,
20.65,
20.58,
20.63,
20.18,
19.87,
20.72,
21.28,
5.26,
11.91,
12.22,
12.13,
11.89,
13.24,
12.16,
10.71,
12.33,
13.63,
13.84,
13.1,
13.28,
14.13,
17.46,
18.52,
18.79,
18.35,
18.46,
18.05,
17.58,
17.76,
20.77,
18.89,
18.31,
17.91,
16.63,
15.95,
14.7,
14.05,
13.27,
14.07,
12.43,
11.96,
12.02,
12.05,
13.22,
16.67,
18.12,
16.99,
15.43,
14.51,
17.42,
16.79,
15.13,
13.43,
16.92,
20.27,
18.31,
16.47,
16.79,
14.46,
16.29,
14.77,
14.38,
13.82,
15.04,
15.05,
17.29,
19.39,
19.8,
18.44,
18.2,
19.47,
16.22,
21.08,
19.36,
20.21,
16.42,
17.57,
18.6,
26.91,
22.74,
22.17,
22.58,
21.15,
21.35,
17.99,
18.82,
18.38,
17.87,
18.57,
21.87,
21.57,
23.24,
23.29,
21.17,
21.85,
19.98,
20.46,
19.43,
18.48,
18.05,
17.43,
20,
21.11,
19.29,
18.91,
18.3,
16.46,
12.54,
