MpAlias,csv.spinprices.1_0_0
Location,MISO
Year,2019
MethodAlias,miso.spin.rtmcp.1_0_0
Source,https://www.misoenergy.org/markets-and-operations/real-time--market-data/market-reports/#nt=%2FMarketReportType%3AHistorical%20MCP%2FMarketReportName%3AASM%20Weekly%20Real-Time%20ExPost%205-Min%20MCPs%20(xls)&t=100&p=0&s=MarketReportPublished&sd=desc
Comment,
Header,Spinning Reserves Price $/MW/hr
0.647738095,
0.607142857,
0.28702381,
0.184880952,
0.18,
0.3375,
0.995,
0.9425,
0.359761905,
0.699166667,
0.970833333,
1.450833333,
2.08,
2.545,
2.544166667,
2.818333333,
4.100833333,
8.84,
3.265,
6.871666667,
13.89333333,
1.661666667,
1.255833333,
2.024166667,
0.814166667,
0.18,
0.1825,
0.231666667,
0.2675,
0.9375,
1.9,
2.1825,
1.149166667,
1.1425,
0.954166667,
0.841666667,
1.199166667,
1.150833333,
1.793333333,
1.960833333,
2.243333333,
3.9925,
4.133333333,
3.096666667,
2.134166667,
1.25702381,
1.079166667,
0.975,
0.4175,
0.301666667,
0.430833333,
0.32,
0.469166667,
1.040833333,
1.75,
1.8775,
1.9875,
1.76,
2.161666667,
2.2475,
1.594642857,
1.346666667,
1.266666667,
1.3,
1.235,
1.31,
1.0025,
1.258333333,
1.0575,
0.78,
0.528333333,
0.41,
0.310833333,
0.284166667,
0.303333333,
0.315,
0.56,
0.995,
1.718333333,
2.508333333,
4.8125,
3.465,
9.565,
2.99,
2.754166667,
2.201666667,
1.983333333,
1.76,
1.523333333,
1.770833333,
2.056666667,
1.554166667,
0.833333333,
1.110952381,
0.72,
0.521666667,
0.598928571,
0.869880952,
0.906547619,
0.864404762,
0.885238095,
0.84202381,
0.889404762,
0.865238095,
1.031666667,
0.987261905,
1.184166667,
1.405714286,
0.615833333,
0.416666667,
0.376666667,
0.32,
0.359166667,
2.5825,
2.775833333,
1.561666667,
0.832261905,
1.171190476,
0.547380952,
0.488928571,
0.480952381,
0.491547619,
0.488095238,
0.339285714,
0.349880952,
0.50202381,
0.782380952,
0.382142857,
0.86797619,
0.87547619,
0.861309524,
0.771190476,
0.421785714,
0.323333333,
0.247142857,
0.230833333,
0.18,
2.246666667,
2.4925,
0.628571429,
0.72547619,
0.809404762,
0.779166667,
0.738333333,
0.631904762,
0.81547619,
0.74952381,
0.331071429,
0.418095238,
0.826071429,
2.079880952,
2.033452381,
1.836904762,
1.878690476,
2.00202381,
1.23,
1.194642857,
1.515833333,
2.294166667,
1.844166667,
2.211666667,
2.6975,
3.160833333,
3.543333333,
2.4225,
0.691190476,
0.423928571,
0.495833333,
0.36952381,
0.3075,
0.305,
0.2225,
0.32,
0.7575,
1.200833333,
2.264285714,
1.135714286,
1.29797619,
1.423571429,
1.41047619,
1.12797619,
1.17952381,
0.949880952,
1.0375,
1.244761905,
1.7225,
1.81952381,
0.983452381,
0.869404762,
0.635714286,
0.648690476,
0.430952381,
0.266547619,
0.215,
0.261666667,
0.32,
0.273333333,
0.723333333,
2.016666667,
2.579880952,
2.8975,
2.274166667,
1.7975,
1.773333333,
1.786666667,
2.051666667,
2.299166667,
2.141666667,
2.091666667,
2.568333333,
6.816666667,
6.176666667,
3.430833333,
5.69,
2.463333333,
2.1225,
2.125833333,
1.033333333,
0.996666667,
1.1525,
1.186666667,
1.403333333,
3.195,
24.6025,
5.468333333,
2.575833333,
3.023333333,
2.869166667,
1.889166667,
1.491666667,
1.26,
0.9325,
0.971666667,
0.685,
2.113333333,
0.928333333,
0.948333333,
0.701666667,
0.345,
0.18,
0.191666667,
0.175,
0.2125,
0.3425,
0.7125,
1.378333333,
2.681666667,
20.12166667,
4.953333333,
2.650833333,
5.970833333,
3.265833333,
4.0775,
2.863333333,
2.914166667,
2.805833333,
2.665833333,
2.295833333,
2.925833333,
5.054166667,
3.324166667,
3.473333333,
3.439166667,
1.254166667,
1.368333333,
1.5675,
1.384166667,
1.165,
0.820833333,
0.261666667,
0.7025,
0.92,
1.598333333,
1.1525,
1.6975,
2.715833333,
2.525,
1.713333333,
0.819166667,
0.833333333,
1.154166667,
2.756666667,
3.294166667,
2.516666667,
2.561666667,
2.003333333,
1.688333333,
1.235833333,
0.763333333,
1.1125,
0.415833333,
0.265833333,
0.32,
0.368333333,
0.573333333,
1.263333333,
2.595,
2.539166667,
8.634166667,
2.815833333,
2.430833333,
2.7325,
2.761666667,
2.770833333,
2.821666667,
2.54,
2.4775,
2.503333333,
5.089166667,
2.275,
1.030833333,
0.375833333,
0.3275,
0.308333333,
0.355833333,
0.478333333,
0.485,
1.25,
2.290833333,
16.095,
7.8325,
16.90083333,
7.303333333,
5.6,
4.550833333,
3.09,
3.376666667,
2.765,
3.389166667,
2.985,
8.686666667,
4.304166667,
5.101666667,
5.17,
4.954166667,
1.974166667,
1.0975,
0.859166667,
0.843333333,
0.729166667,
0.689166667,
1.43,
2.610833333,
6.348333333,
6.434166667,
9.6675,
2.99,
3.355833333,
3.0175,
2.960833333,
2.624166667,
1.669166667,
2.233333333,
2.569166667,
2.825833333,
2.875833333,
2.594166667,
1.5325,
0.678809524,
0.545357143,
0.390714286,
0.321666667,
0.5575,
0.6675,
1.053333333,
2.4,
3.605,
3.109166667,
3.18,
3.100833333,
8.8675,
3.889166667,
3.995833333,
2.905,
2.6275,
2.555,
3.4475,
13.13083333,
7.895833333,
8.458333333,
10.11916667,
5.575833333,
2.986666667,
2.7025,
2.5625,
1.84,
1.994166667,
2.009166667,
2.536666667,
2.760833333,
4.190833333,
11.89416667,
4.585833333,
5.520833333,
7.1575,
3.900833333,
4.595,
4.365,
4.016666667,
3.2925,
3.9675,
6.215833333,
3.59,
3.260833333,
4.790833333,
5.02,
2.99,
2.1775,
1.82,
1.900833333,
1.935,
2.0975,
2.168333333,
2.808333333,
2.7425,
7.08,
3.351666667,
5.131666667,
3.0025,
3,
2.785833333,
2.900833333,
2.915833333,
2.533333333,
2.651666667,
3.593333333,
6.336666667,
1.785,
2.400833333,
2.7225,
2.066904762,
1.315833333,
0.752142857,
0.769166667,
0.699166667,
0.4525,
0.32,
0.345,
0.680833333,
0.71,
0.726666667,
0.830833333,
1.425833333,
2.52,
2.6525,
2.4,
1.775,
2.335,
2.281666667,
6.601666667,
6.596666667,
2.768214286,
1.202261905,
2.191071429,
2.030238095,
1.8325,
0.66702381,
0.306785714,
0.598809524,
0.399285714,
0.48797619,
0.23297619,
0.449166667,
1.0525,
0.910833333,
2.095,
1.336666667,
2.3175,
1.3075,
0.855833333,
0.638333333,
0.470833333,
0.6475,
2.631666667,
16.60583333,
2.665833333,
2.704166667,
1.734166667,
1.316666667,
0.363333333,
0.246666667,
0.18,
0.18,
0.18,
0.18,
0.299166667,
0.353333333,
1.983333333,
0.7825,
0.623333333,
1.815833333,
1.483333333,
1.21,
0.8625,
0.651666667,
0.47,
0.486666667,
0.88,
1.341666667,
1.7875,
2.061666667,
1.049166667,
0.644166667,
0.433333333,
0.5275,
0.239166667,
0.499166667,
0.854166667,
0.853333333,
2.135833333,
5.668333333,
15.17916667,
5.1825,
2.603333333,
5.4175,
2.586666667,
2.7625,
2.204166667,
2.949166667,
2.436666667,
2.639166667,
1.074166667,
1.200833333,
1.383333333,
2.165,
3.8,
2.8025,
1.480833333,
0.45,
0.321666667,
0.190833333,
0.216666667,
0.248333333,
0.775,
1.0075,
1.606666667,
1.8275,
1.485833333,
2.1475,
2.1225,
1.7125,
1.578333333,
1.485,
1.165833333,
1.125,
1.025833333,
2.164166667,
1.845238095,
1.230357143,
1.433452381,
1.44047619,
0.688095238,
0.54702381,
0.524761905,
0.685595238,
0.794880952,
0.86297619,
0.9375,
1.201904762,
1.195238095,
1.109047619,
1.204642857,
1.00952381,
0.95,
0.770357143,
0.31,
0.325833333,
0.258333333,
0.261666667,
0.505,
0.834166667,
1.274642857,
0.948690476,
1.070714286,
0.9675,
2.102857143,
2.2125,
2.324166667,
2.786666667,
1.553333333,
1.579166667,
2.5125,
2.1675,
5.559166667,
2.395,
2.555,
3.8325,
6.073333333,
2.786666667,
2.2925,
1.314166667,
1.309166667,
0.911666667,
2.910833333,
2.92,
5.01,
2.849166667,
3.5075,
2.973333333,
5.896666667,
2.928333333,
2.906666667,
2.915,
2.761666667,
2.1475,
1.855,
2.435833333,
2.421309524,
2.831666667,
2.843333333,
2.539166667,
2.820833333,
1.745,
1.110833333,
0.566666667,
0.561666667,
0.685,
1.9425,
2.830833333,
1.563333333,
1.353333333,
1.569166667,
1.3575,
0.705,
0.569166667,
0.465833333,
0.558333333,
0.4025,
0.491666667,
0.631666667,
1.938333333,
2.416666667,
3.51,
3.625833333,
2.800833333,
2.135833333,
1.1075,
0.335,
0.32,
0.309166667,
0.32,
1.628333333,
2.825833333,
1.506666667,
2.67,
1.8325,
1.624166667,
0.865,
0.474166667,
0.344166667,
0.334166667,
0.314166667,
0.466666667,
0.848333333,
1.998333333,
1.816428571,
0.775238095,
0.737142857,
0.685833333,
0.724166667,
0.6375,
0.63,
0.755,
0.649166667,
0.815,
1.0775,
1.945,
2.791666667,
2.459166667,
2.634166667,
1.841666667,
0.604166667,
0.395833333,
0.25,
0.215833333,
0.2,
0.249166667,
0.631666667,
1.135833333,
1.568333333,
1.931666667,
0.750833333,
0.559166667,
0.495833333,
0.485,
0.453333333,
0.429166667,
0.406666667,
0.473333333,
0.79,
2.175,
2.8225,
2.770833333,
2.8375,
2.825,
2.715833333,
2.699166667,
2.589166667,
2.805,
2.835,
2.589166667,
2.909166667,
3.6425,
3.348333333,
357.7591667,
178.3433333,
3.659166667,
0.595833333,
0.325833333,
0.5325,
0.663333333,
0.369166667,
0.414166667,
0.639166667,
3.225,
1.450833333,
0.609166667,
1.49,
0.650833333,
0.7775,
0.486666667,
0.359166667,
0.349166667,
0.346666667,
0.374166667,
0.616666667,
0.515833333,
5.213333333,
1.2625,
0.834166667,
0.365833333,
1.078333333,
0.576666667,
0.369166667,
0.371666667,
0.401666667,
0.4725,
0.621666667,
0.725833333,
0.468333333,
1.391666667,
2.445,
2.075833333,
0.420833333,
0.338333333,
0.266666667,
0.29,
0.253333333,
0.3125,
0.524166667,
0.595833333,
0.518333333,
0.3875,
2.768333333,
2.428333333,
1.690833333,
1.491666667,
0.473333333,
0.241666667,
0.2,
0.2025,
0.233333333,
0.610833333,
0.67,
0.38,
0.685833333,
0.466666667,
0.376666667,
0.311666667,
0.353333333,
0.280833333,
0.309166667,
0.314166667,
0.273333333,
0.928333333,
0.794166667,
0.805833333,
0.956666667,
0.9925,
0.7975,
0.379166667,
0.455,
0.304166667,
0.315,
0.314166667,
1.589166667,
2.545,
1.179166667,
0.811666667,
0.3975,
0.353333333,
0.241071429,
0.322261905,
0.3,
0.7,
0.385,
0.225833333,
0.189166667,
0.2625,
0.436666667,
0.805833333,
0.985833333,
0.925833333,
0.874166667,
1.181666667,
0.975833333,
0.92,
0.629166667,
0.546666667,
1.905833333,
2.708333333,
1.480833333,
0.860833333,
0.609166667,
0.5225,
0.32,
0.1775,
0.103333333,
0.220833333,
0.240833333,
0.326666667,
0.991666667,
1.825,
2.013333333,
0.731666667,
0.720833333,
0.536666667,
0.569166667,
0.3275,
0.451666667,
0.454166667,
0.401666667,
0.649166667,
1.038333333,
1.808333333,
1.669285714,
1.335357143,
0.8275,
0.686309524,
0.690833333,
0.475,
0.310833333,
0.316666667,
0.3275,
0.516666667,
1.261666667,
0.793333333,
2.536666667,
2.578333333,
2.496666667,
3.016666667,
2.153333333,
1.2825,
1.703333333,
2.148333333,
1.968333333,
2.5925,
1.885,
0.708333333,
0.9375,
1,
1.1525,
0.8875,
1.358333333,
0.495833333,
0.849166667,
1.049166667,
0.811666667,
0.46,
1.835833333,
2.658333333,
2.951666667,
2.044166667,
2.7625,
2.3675,
2.784166667,
2.756666667,
2.785,
2.801666667,
2.673333333,
2.685833333,
3.386666667,
4.778333333,
21.5675,
4.8075,
2.9225,
2.543333333,
1.459166667,
0.943333333,
0.784166667,
0.605,
0.836666667,
0.783333333,
1.400833333,
2.749166667,
2.829166667,
2.1175,
2.685,
2.7975,
2.844166667,
2.764166667,
2.025833333,
1.464166667,
1.685,
2.1475,
2.650833333,
3.750833333,
2.858333333,
2.6875,
2.6175,
2.150833333,
1.355833333,
0.445833333,
0.491666667,
0.314166667,
0.433333333,
0.695,
1.709166667,
2.655,
2.630833333,
2.176666667,
1.958333333,
2.1475,
2.610833333,
2.776666667,
2.495833333,
2.073333333,
1.45,
1.720833333,
2.026666667,
3.378333333,
6.909166667,
9.853333333,
2.588333333,
3.4,
2.659166667,
0.959166667,
0.755,
0.3175,
0.2075,
0.791666667,
0.275833333,
0.919166667,
2.109166667,
2.423333333,
2.505,
2.514166667,
2.524166667,
1.441666667,
0.7875,
0.356666667,
0.465,
0.3475,
1.923333333,
2.263333333,
2.290833333,
2.549166667,
1.34,
0.905,
1.305,
0.434166667,
0.463333333,
0.744166667,
0.499166667,
0.498333333,
0.311666667,
0.6575,
0.706666667,
1.1,
1.9325,
1.970833333,
1.780833333,
2.028333333,
2.3375,
2.550833333,
2.193333333,
1,
2.044166667,
2.726666667,
2.5075,
2.826666667,
2.404166667,
1.565,
1.3125,
1.151666667,
0.679166667,
0.675833333,
0.935833333,
1.365,
2.328333333,
2.371666667,
2.945833333,
2.813333333,
2.843333333,
2.6925,
2.756666667,
2.4775,
2.849166667,
2.305,
2.8025,
2.821666667,
2.82,
2.539166667,
2.780833333,
2.998333333,
2.701666667,
1.928333333,
2.371666667,
1.029166667,
0.863333333,
0.816666667,
0.81,
0.815,
1.588333333,
1.571666667,
1.425833333,
1.141666667,
0.901666667,
1.331666667,
1.93,
2.415,
1.0475,
0.51,
0.465,
0.556666667,
0.913333333,
1.218333333,
1.666666667,
2.021666667,
0.773333333,
0.641666667,
0.43,
0.338333333,
0.205,
0.279166667,
0.2975,
0.31,
1.601666667,
2.485,
9.014166667,
2.728333333,
2.910833333,
2.246666667,
1.440833333,
1.4625,
1.163333333,
0.859166667,
0.305,
0.2325,
0.161666667,
0.266666667,
0.526666667,
0.826666667,
1.525833333,
0.625,
0.423333333,
0.406666667,
0.32,
0.589166667,
0.405833333,
0.723333333,
1.475833333,
2.504166667,
5.223333333,
2.191666667,
2.2425,
1.575833333,
0.9425,
0.253333333,
0.25,
0.3175,
0.365,
0.275,
0.179166667,
0.676666667,
0.785833333,
0.754166667,
0.72,
0.3625,
0.325833333,
0.364166667,
0.25,
0.256666667,
0.256666667,
0.423333333,
0.9075,
2.048333333,
1.724166667,
1.205,
1.351666667,
1.949166667,
2.345833333,
2.739166667,
2.414166667,
2.078333333,
1.541666667,
1.371666667,
1.58,
2.191666667,
1.844166667,
1.089166667,
1.309166667,
1.6025,
1.626666667,
1.536666667,
0.698333333,
0.839166667,
0.826666667,
0.82,
0.918333333,
1.959166667,
1.0275,
1.7,
2.645,
2.951666667,
2.570833333,
2.020833333,
1.728333333,
1.310833333,
0.774166667,
0.705833333,
1.186666667,
2.233333333,
1.670833333,
1.0275,
1.004166667,
0.610833333,
0.476666667,
0.748333333,
0.669166667,
0.734166667,
0.8075,
0.703333333,
0.599166667,
0.736666667,
0.775833333,
0.8175,
1.199166667,
1.331666667,
0.851666667,
1.035,
1.2225,
1.335,
1.153333333,
1.193333333,
1.53,
2.424166667,
1.758333333,
1.633333333,
1.25,
0.6875,
0.371666667,
0.72,
0.525,
0.738333333,
0.6925,
0.759166667,
1.163333333,
2.89,
4.385833333,
2.5325,
2.633333333,
5.865833333,
7.1425,
4.895,
3.258333333,
2.7725,
2.003333333,
2.263333333,
2.806666667,
21.34,
16.7725,
1.620833333,
5.5775,
4.190833333,
2.316666667,
0.991666667,
1.21,
1.538333333,
1.4775,
2.019166667,
2.09,
2.860833333,
51.53,
2.7975,
7.4325,
2.585833333,
9.828333333,
2.819166667,
2.784166667,
2.749166667,
2.83,
2.7925,
2.881666667,
2.079166667,
2.185,
1.813333333,
1.259166667,
0.5625,
0.5525,
0.3475,
0.221666667,
0.25,
0.253333333,
0.270833333,
1.366666667,
2.415833333,
2.520833333,
2.6675,
4.170833333,
8.2675,
3.164166667,
2.903333333,
2.4725,
1.5725,
0.814166667,
0.909166667,
1.0175,
0.969166667,
2.571666667,
2.141666667,
1.275,
0.7375,
0.584166667,
0.179166667,
0.178333333,
0.175,
0.176666667,
0.18,
0.374166667,
1.859166667,
2.706666667,
1.785,
1.808333333,
1.938333333,
1.710833333,
1.405,
1.243333333,
1.371666667,
1.389166667,
1.5775,
2.298333333,
5.940833333,
2.446666667,
8.450833333,
5.148333333,
6.720833333,
2.271666667,
1.734166667,
0.356666667,
1.199166667,
1.443333333,
1.589166667,
1.589166667,
2.671666667,
4.899166667,
1.865,
2.461666667,
2.744166667,
2.685833333,
3.4775,
4.034166667,
2.824166667,
2.728333333,
1.8,
2.700833333,
2.5,
3.413333333,
1.4825,
1.756666667,
1.79,
1.199166667,
0.821666667,
1.4075,
1.560833333,
1.476666667,
1.369166667,
1.374166667,
2.384166667,
2.600833333,
4.431666667,
5.509166667,
6.646666667,
9.991666667,
2.100833333,
2.524166667,
1.3825,
1.150833333,
0.978333333,
2.745,
2.903333333,
2.596666667,
1.739166667,
1.855833333,
1.992380952,
1.419642857,
0.832857143,
0.587261905,
0.289166667,
0.2325,
0.18,
0.179166667,
0.221666667,
0.341666667,
0.707261905,
0.812142857,
0.798452381,
0.584166667,
0.581666667,
0.8275,
0.363333333,
0.3225,
0.345,
2.356666667,
3.763333333,
2.771666667,
2.934166667,
2.8675,
2.755,
2.501666667,
1.951666667,
2.016666667,
2.693333333,
3.594166667,
2.900833333,
2.854166667,
2.115,
46.34083333,
21.2575,
10.95083333,
2.240833333,
1,
1,
1,
1,
1,
0.981666667,
1,
2.425,
8.689166667,
4.706666667,
9.129166667,
5.698333333,
2.3325,
1.7075,
0.320833333,
0.3175,
0.334166667,
0.461666667,
0.390833333,
1.529166667,
8.340833333,
6.6025,
1.7725,
3.866666667,
3.9725,
2.665,
2.640833333,
1.1875,
1.353333333,
1.473333333,
3.734166667,
4.645833333,
16.79833333,
17.26083333,
5.105833333,
2.5975,
2.529166667,
2.289166667,
2.326666667,
1.495833333,
0.619166667,
0.816666667,
1.055833333,
2.208333333,
2.899166667,
2.95,
5.391666667,
4.31,
2.783333333,
2.635833333,
1.076666667,
0.939166667,
0.3025,
2.519166667,
2.961666667,
5.510833333,
12.8275,
13.1875,
3.359166667,
3.116666667,
1.825833333,
0.331666667,
0.266666667,
0.401666667,
0.9375,
1.940833333,
1.491666667,
1.5,
2.684166667,
1.711666667,
1.46,
2.6025,
2.785,
2.8575,
3.548333333,
2.801666667,
2.573333333,
2.8425,
2.928333333,
2.440833333,
3.5725,
4.181666667,
3.785833333,
4.579166667,
2.974166667,
2.600833333,
2.488333333,
2.270833333,
1.6125,
2.120833333,
1.395,
0.7225,
2.445833333,
2.204166667,
2.235,
2.856666667,
4.078333333,
5.985,
2.244166667,
2.139166667,
2.723333333,
2.110833333,
2.389166667,
2.409166667,
2.783333333,
2.631666667,
1.889166667,
1.214166667,
0.848333333,
1.031666667,
0.885833333,
1.224166667,
0.54,
0.824166667,
1.1375,
2.421666667,
2.089166667,
2.205,
3.050833333,
1.978333333,
1.219166667,
0.916666667,
0.965833333,
0.458333333,
0.25,
0.25,
1.178333333,
1.318333333,
0.535833333,
0.405833333,
0.25,
0.3575,
0.2775,
0.195,
0.193333333,
0.198333333,
0.2,
0.2,
0.18,
0.195833333,
0.2275,
0.264166667,
0.359166667,
0.680833333,
0.52,
0.446666667,
0.255833333,
0.25,
0.25,
0.25,
1.155,
1.018333333,
0.626666667,
1.17,
0.926666667,
0.398333333,
0.25,
0.334166667,
0.32,
0.2975,
0.2925,
0.513333333,
1.934166667,
1.5025,
2.333333333,
0.839166667,
0.5,
0.506666667,
0.705,
0.9225,
0.685833333,
0.471666667,
0.261666667,
0.356666667,
0.335,
0.513333333,
5.3,
1.701666667,
2.445,
1.933333333,
0.768333333,
0.593333333,
0.598333333,
0.809166667,
0.9175,
1.213333333,
2.615,
3.551666667,
7.5375,
2.548333333,
2.501666667,
2.869166667,
1.143333333,
0.938333333,
0.56,
0.485,
0.3,
0.355,
0.745,
1.529166667,
3.634166667,
3.058333333,
3.0725,
3.0175,
2.208333333,
0.950833333,
1.259166667,
1.995,
2.335,
2.831666667,
11.86583333,
4.905,
23.40666667,
1.436666667,
1.625,
2.965,
2.926666667,
2.810833333,
1.76,
1.289166667,
0.800833333,
0.960833333,
1.99,
1.52,
4.116666667,
2.81,
2.748333333,
2.740833333,
1.555833333,
0.833333333,
0.558333333,
0.465833333,
0.49,
0.885833333,
2.348333333,
2.6325,
3.0075,
18.83083333,
2.723333333,
2.923333333,
3.153333333,
2.858333333,
2.7725,
1.323333333,
1.235,
1.540833333,
1.624166667,
3.393333333,
3.015833333,
2.918333333,
2.780833333,
1.234166667,
0.5025,
0.831666667,
0.479166667,
0.564166667,
0.743333333,
1.070833333,
2.184166667,
4.288333333,
4.4375,
3.8975,
3.395833333,
3.795,
3.68,
3.280833333,
2.9525,
2.788333333,
2.385833333,
2.4925,
2.5175,
2.085833333,
2.928333333,
2.458333333,
1.0075,
0.6925,
0.576666667,
0.944166667,
0.97,
0.9975,
0.98,
0.815833333,
0.765833333,
1.22,
1.183333333,
1.093333333,
1.843333333,
2.0425,
2.554166667,
3.125,
3.709166667,
3.3475,
2.833333333,
2.5175,
4.411666667,
4.4575,
2.710833333,
2.663928571,
2.336190476,
2.281666667,
1.911071429,
1.3825,
1.1075,
1.059166667,
1.125,
1.153333333,
1.371666667,
1.503333333,
0.769166667,
0.89,
1.794166667,
2.604166667,
2.94,
2.9975,
2.904166667,
2.775,
2.955833333,
5.555,
4.936666667,
12.19083333,
2.950833333,
2.9975,
2.284166667,
2.455,
2.0475,
1.683333333,
1.4975,
1.106666667,
1.033333333,
1.148333333,
2.093333333,
2.688333333,
3.439166667,
2.083333333,
2.563333333,
6.801666667,
2.281666667,
2.260833333,
2.729166667,
2.095833333,
2.733333333,
2.090833333,
2.334166667,
2.344166667,
3.080833333,
2.568333333,
1.153333333,
0.455,
0.311666667,
0.416666667,
0.3175,
0.7025,
0.855833333,
0.9775,
2.91,
2.984166667,
2.991666667,
2.689166667,
2.675833333,
2.755833333,
2.826666667,
2.7975,
2.619166667,
2.7075,
1.595,
2.225,
2.103333333,
2.506666667,
2.803928571,
2.7475,
1.330833333,
0.556428571,
0.356666667,
0.315,
0.32,
0.29,
0.305,
0.409166667,
2.3225,
3.189166667,
3.304166667,
2.2625,
2.045,
2.825833333,
2.955,
2.894166667,
2.529285714,
1.249404762,
1.275833333,
0.980714286,
1.069404762,
0.814285714,
1.347738095,
1.143571429,
1.066666667,
0.904166667,
0.51702381,
0.798095238,
0.676190476,
0.654404762,
0.556785714,
0.308928571,
1.591666667,
2.433333333,
2.775,
1.505,
2.386666667,
2.398214286,
2.241666667,
2.138928571,
2.101428571,
1.900595238,
2.382857143,
1.821785714,
1.882857143,
1.349285714,
1.478214286,
1.540119048,
1.112261905,
0.930238095,
0.578333333,
0.750714286,
0.674642857,
0.345357143,
0.244642857,
0.205,
2.770833333,
2.800833333,
2.578452381,
2.064761905,
2.318214286,
2.562261905,
2.526785714,
2.739166667,
2.581666667,
2.502380952,
1.535833333,
1.55797619,
2.2675,
2.189761905,
5.196666667,
3.705,
4.5925,
2.885,
2.5225,
2.119166667,
1.961666667,
2.105833333,
2.256666667,
1.824166667,
2.575833333,
2.964166667,
6.031666667,
2.876666667,
2.849166667,
3.940833333,
2.51,
2.7025,
2.3275,
1.708333333,
1.270833333,
1.3925,
2.076666667,
2.495833333,
2.854166667,
2.876666667,
2.8025,
2.381666667,
2.395833333,
1.646666667,
1.9775,
1.240833333,
1.8175,
0.626666667,
2.078333333,
2.753333333,
3.538333333,
6.155833333,
2.949166667,
2.819166667,
2.7575,
2.268333333,
1.820833333,
1.115,
0.950833333,
1.163333333,
2.4575,
2.780833333,
3.151666667,
3.043333333,
2.035,
1.040833333,
0.940833333,
0.961666667,
1.3275,
0.7125,
1.628333333,
1.896666667,
4.0825,
17.54,
5.250833333,
2.0375,
3.304166667,
2.873333333,
2.774166667,
2.580833333,
2.436666667,
1.270833333,
1.201666667,
1.785833333,
1.989166667,
2.711666667,
3.4375,
2.9225,
2.2125,
1.2975,
0.445,
0.558333333,
0.379166667,
0.4375,
0.72,
1.418333333,
3.431666667,
4.675833333,
2.191666667,
1.2625,
1.985833333,
2.325833333,
1.935833333,
2.2625,
1.585,
1.194166667,
1.249166667,
1.168333333,
1.4375,
1.865833333,
2.749166667,
2.091666667,
1.326666667,
0.550833333,
0.3325,
0.881666667,
0.418333333,
0.761666667,
0.7175,
1.68797619,
2.463333333,
3.913333333,
2.968333333,
3.3,
1.56,
2.609166667,
2.3425,
1.6025,
0.5375,
0.923333333,
0.67,
1.5725,
1.455,
1.541666667,
2.4925,
2.928333333,
2.4525,
0.876666667,
0.679166667,
0.936666667,
1.069166667,
0.776666667,
0.661666667,
0.906666667,
2.7775,
8.829166667,
5.1025,
4.36,
4.608333333,
3.405,
3.7825,
3.865,
3.075,
2.975,
2.6575,
2.006666667,
1.316666667,
2.074166667,
2.51,
2.385833333,
0.829166667,
0.245,
0.18,
0.18,
0.18,
0.173333333,
0.233333333,
0.723333333,
2.318333333,
3.820833333,
3.87,
2.639166667,
2.864166667,
3.67,
3.3475,
2.538333333,
2.6375,
2.91,
2.868333333,
2.424166667,
2.7675,
2.475,
3.185833333,
2.489166667,
1.693333333,
0.729166667,
0.656666667,
0.674166667,
0.4025,
0.37,
0.3725,
0.330833333,
0.18,
0.651666667,
0.331666667,
0.476666667,
0.428333333,
1.724166667,
1.471666667,
1.31,
2.305,
2.238333333,
0.611666667,
2.4275,
2.828333333,
2.633333333,
1.355833333,
0.403333333,
0.503333333,
0.713333333,
0.640833333,
1,
0.8425,
0.8375,
0.563333333,
0.448333333,
0.848333333,
1.7725,
2.156666667,
2.4575,
2.73,
2.568333333,
2.779166667,
2.6575,
2.796666667,
2.749166667,
2.263333333,
2.649166667,
3.2475,
3.114166667,
2.994166667,
3.2475,
2.59,
2.115833333,
1.834166667,
1.0575,
1.218333333,
1.0675,
1.490833333,
1.9375,
3.185833333,
24.67833333,
4.999166667,
4.626666667,
4.5,
6.183333333,
7.133333333,
4.076666667,
3.629166667,
1.811666667,
3.024166667,
1.714166667,
2.005833333,
2.576666667,
5.156666667,
4.3175,
4.4725,
2.6875,
1.88,
0.798333333,
0.605833333,
0.7975,
1.5,
2.58,
3.36,
2.75,
2.539166667,
1.0775,
2.859166667,
1.05,
2.0475,
2.256666667,
1.165833333,
0.931666667,
0.745833333,
0.599166667,
0.846666667,
0.753333333,
1.644166667,
1.4975,
0.5575,
0.344166667,
0.294166667,
0.580833333,
0.705,
1.160833333,
0.8825,
1.610833333,
2.68,
2.868333333,
2.67,
0.655,
0.796666667,
0.703333333,
0.783333333,
0.745833333,
1.218333333,
0.331666667,
0.710833333,
1.0325,
1.396666667,
2.753333333,
4.915,
3.656666667,
2.0025,
1.1375,
0.969166667,
1.090833333,
1.0975,
0.786666667,
0.664166667,
0.898333333,
1.8025,
2.514166667,
2.665833333,
0.853333333,
1.348333333,
1.69,
1.494166667,
1.770833333,
1.826666667,
1.3875,
1.479166667,
1.251666667,
1.3425,
1.148333333,
1.986666667,
1.789166667,
1.556666667,
0.6425,
0.605,
0.254166667,
0.29,
0.29,
0.285833333,
0.315,
1.929166667,
2.6575,
3.103333333,
1.675,
1.91,
2.620833333,
2.316666667,
4.225,
3.580833333,
2.1725,
1.385,
1.355,
1.3475,
0.765,
1.614166667,
1.470833333,
0.894166667,
0.515,
0.938333333,
1.67,
0.651666667,
0.5075,
0.4625,
0.535,
1.1525,
1.220833333,
2.221666667,
2.435833333,
2.44,
2.0625,
1.61,
0.99,
1.149166667,
0.898333333,
1.08,
1.446666667,
3.318333333,
3.166666667,
2.898333333,
2.906666667,
2.415833333,
1.915833333,
1.9375,
1.4525,
1.405833333,
1.008333333,
1.224166667,
0.9,
2.516666667,
2.66,
4.06,
7.048333333,
5.155833333,
7.734166667,
3.625833333,
3.750833333,
2.295,
1.584166667,
2.651666667,
1.988333333,
5.393333333,
8.5075,
5.485833333,
2.923333333,
4.928333333,
3.488333333,
2.918333333,
3.5475,
3.5875,
3.188333333,
3.2725,
3.996666667,
1.354166667,
12.46583333,
10.68333333,
2.300833333,
3.011666667,
2.796666667,
2.283333333,
2.5875,
2.845833333,
2.795833333,
2.600833333,
2.821666667,
3.094166667,
3.04,
14.69166667,
1.275,
0.925,
2.0575,
0.931666667,
1.389166667,
1.295,
1.186666667,
1.478333333,
1.383333333,
2.566666667,
21.50583333,
3.3375,
4.725,
3.019166667,
3.008333333,
2.554166667,
1.925,
1.733333333,
0.6025,
0.235,
0.34,
0.414166667,
0.9325,
5.879166667,
21.98833333,
2.733333333,
1.546666667,
0.948333333,
0.790833333,
1.276666667,
1.185,
2.125,
2.145833333,
2.8725,
4.33,
3.641666667,
2.4625,
2.9325,
2.805,
2.5375,
2.728333333,
3.445833333,
3.273333333,
2.943333333,
2.944166667,
2.914166667,
2.713333333,
8.481666667,
4.1,
2.955833333,
1.386666667,
1.240833333,
0.706666667,
0.6775,
0.661666667,
0.483333333,
0.86,
2.8825,
2.870833333,
3.094166667,
2.539166667,
2.61,
1.735833333,
1.818333333,
2.1225,
2.784166667,
2.793333333,
2.908333333,
4.535833333,
2.955,
4.646666667,
3.883333333,
3.820833333,
6.066666667,
2.395833333,
2.299166667,
1.779166667,
1.988333333,
1.990833333,
2.018333333,
2.8,
4.15,
10.40583333,
28.11083333,
12.58583333,
15.81166667,
12.23,
3.379166667,
3.848333333,
5.761666667,
7.6925,
3.8525,
2.840833333,
3.204166667,
3.26,
3.11,
3.943333333,
2.72,
1.129166667,
1.265,
2.369166667,
2.145833333,
1.9075,
1.731666667,
2.101666667,
2.285,
2.843333333,
2.886666667,
3.931666667,
7.830833333,
5.688333333,
4.324166667,
2.9425,
2.945,
2.8975,
3.351666667,
4.430833333,
8.888333333,
4.144166667,
2.864166667,
2.618333333,
1.178333333,
1.7225,
1.781666667,
0.56,
0.49,
0.588333333,
1.284166667,
0.669166667,
1.859166667,
1.456666667,
2.543333333,
2.480833333,
3.426666667,
3,
2.873333333,
2.8625,
2.699166667,
2.8525,
2.240833333,
2.72,
2.966666667,
2.968333333,
3.0575,
3.415833333,
2.920833333,
2.345833333,
2.055833333,
0.769166667,
0.793928571,
0.682857143,
0.307380952,
0.287380952,
2.516904762,
3.123452381,
3.206309524,
2.942738095,
3.75,
2.833809524,
2.440952381,
2.588333333,
1.656666667,
2.141666667,
3.732261905,
1.471666667,
1.415238095,
1.66202381,
2.962380952,
4.111666667,
2.468452381,
2.181904762,
1.753095238,
1.531547619,
1.416071429,
1.285357143,
1.337738095,
2.276190476,
3.871428571,
3.64,
4.328333333,
2.891904762,
3.383095238,
3.775,
3.532857143,
3.975714286,
4.369166667,
4.059761905,
4.336666667,
4.664166667,
2.880595238,
3.569166667,
1.958333333,
5.4575,
1.309166667,
0.8525,
0.469166667,
0.6175,
0.524166667,
0.3125,
0.3,
0.768333333,
2.8875,
2.925,
2.9925,
2.6325,
2.694166667,
2.840833333,
2.824166667,
2.826666667,
2.981666667,
2.365,
1.365,
2.175,
13.5725,
7.156666667,
3.17,
6.2525,
2.143333333,
1.571666667,
1.155833333,
0.538333333,
0.685,
0.395,
0.32,
0.36,
1.61,
3.29,
3.0975,
3.503333333,
3.255833333,
3.305833333,
2.9425,
2.391666667,
1.606666667,
1.676666667,
2.060595238,
1.720119048,
2.386666667,
2.645833333,
2.315,
2.636666667,
2.043809524,
1.533333333,
1.540833333,
0.498333333,
0.623333333,
0.755833333,
0.7375,
0.670833333,
2.878333333,
2.839166667,
3.101666667,
2.873333333,
2.633333333,
2.3725,
1.5725,
1.4375,
1.406666667,
1.063333333,
0.704166667,
0.964166667,
1.101666667,
0.916666667,
2.0575,
2.646666667,
1.983333333,
1.3475,
1.2275,
1.545833333,
1.2325,
0.611666667,
0.499166667,
0.345,
1.764166667,
1.886666667,
2.3975,
3.020833333,
3.210833333,
4.78,
6.455833333,
2.536666667,
2.325,
1.346666667,
1.4725,
1.666666667,
5.795833333,
4.0525,
14.5475,
3.944166667,
2.78,
1.8475,
1.985,
0.62,
0.758333333,
0.571666667,
0.663333333,
0.415,
0.995,
0.71,
0.933333333,
2.4125,
2.388333333,
2.17,
2.7875,
2.155,
2.156666667,
1.438333333,
1.378333333,
1.874166667,
3.161666667,
2.855,
2.756666667,
3.518333333,
2.340833333,
0.875,
0.486666667,
0.5025,
0.849166667,
0.440833333,
0.475833333,
0.9875,
3.420833333,
4.879166667,
3.689166667,
2.438333333,
2.104166667,
2.368333333,
2.805,
2.199166667,
1.543333333,
0.801666667,
1.05,
1.253333333,
1.980833333,
2.7375,
3.085,
3.516666667,
0.855,
1.170833333,
0.680833333,
0.6025,
0.5,
0.6725,
1.328333333,
0.898333333,
3.300833333,
5.515833333,
3.330833333,
2.709166667,
4.126666667,
3.878333333,
4.405833333,
4.094166667,
3.544166667,
3.936666667,
3.8175,
3.339166667,
3.859166667,
6.845833333,
3.403333333,
2.6875,
1.323333333,
0.374166667,
0.403333333,
0.289166667,
0.294166667,
0.29,
0.295,
0.3,
2.2625,
2.495,
2.844166667,
1.3725,
1.13,
1.446666667,
1.62,
1.255,
1.274166667,
0.8375,
1.120833333,
1.029166667,
1.348333333,
1.886666667,
1.339166667,
1.16,
1.5525,
1.83,
1.253333333,
0.591666667,
0.3125,
0.748333333,
0.443333333,
0.54,
3.3775,
3.248333333,
3.37,
2.799166667,
2.533333333,
2.365,
1.438333333,
1.139166667,
0.869166667,
0.9275,
0.37,
0.649166667,
0.936666667,
0.7875,
2.1025,
2.416666667,
0.896666667,
1.300833333,
0.653333333,
0.325833333,
0.18,
0.2,
0.225833333,
0.189166667,
1.514166667,
2.449166667,
2.3575,
2.290833333,
2.4125,
1.515,
1.696666667,
2.459166667,
1.585833333,
1.435,
1.655,
1.768333333,
1.939166667,
2.1575,
2.715,
2.828333333,
2.754166667,
2.164166667,
0.873333333,
1.834166667,
1.335,
1.0375,
0.615833333,
0.814166667,
1.585,
0.840833333,
0.910833333,
2.79,
2.753333333,
2.510833333,
2.683333333,
2.531666667,
2.541666667,
2.33,
2.575833333,
2.641666667,
3.194166667,
3.4325,
2.663333333,
2.736666667,
2.35,
1.575,
0.803333333,
1.059166667,
0.853333333,
0.3325,
0.408333333,
0.2925,
1.2625,
1.346666667,
1.8275,
2.7325,
1.9925,
2.243333333,
2.040833333,
2.448333333,
1.620833333,
1.201666667,
1.409404762,
2.316190476,
3.206666667,
3.458333333,
2.87,
2.906428571,
2.3425,
1.002857143,
0.3975,
0.317619048,
0.29,
0.245,
0.295,
0.983333333,
4.954166667,
4.695833333,
13.05,
6.610833333,
4.043333333,
5.299166667,
2.489166667,
3.476666667,
6.641666667,
7.91,
14.39333333,
15.0025,
13.835,
4.7925,
3.463333333,
15.96916667,
4.651666667,
2.358333333,
2.034166667,
1.2775,
1.149166667,
0.878333333,
0.919166667,
1.256666667,
3.871666667,
5.575,
7.1625,
5.326666667,
3.803333333,
3.5925,
6.633333333,
8.189166667,
34.07416667,
6.764166667,
9.586666667,
12.45916667,
7.0025,
23.91333333,
34.43166667,
38.58083333,
6.25,
3.6775,
2.8575,
1.786666667,
1.779166667,
1.956666667,
1.814166667,
2.345,
3.209166667,
4.336666667,
4.716666667,
18.76833333,
2.8875,
1.651666667,
2.993333333,
7.176666667,
8.116666667,
15.5875,
7.613333333,
19.575,
8.98,
6.911666667,
3.774166667,
3.898333333,
3.8525,
2.091666667,
2.425,
1.519166667,
1.285,
1.711666667,
1.775833333,
2.268333333,
3.845,
6.485,
2.940833333,
3.27,
3.066666667,
3.010833333,
2.555833333,
3.32,
2.855833333,
3.015833333,
1.974166667,
1.669166667,
1.910833333,
1.811666667,
1.5625,
2.001666667,
1.269166667,
1.07,
0.323333333,
0.314166667,
0.274166667,
0.235,
0.255833333,
0.2,
1.3475,
2.831666667,
2.8775,
2.44,
2.380833333,
2.336666667,
2.494166667,
2.788333333,
2.665833333,
2.784166667,
2.7425,
2.576666667,
2.78,
3.040833333,
2.7175,
2.97,
2.615833333,
2.341666667,
2.480833333,
1.8675,
1.231666667,
1.15,
1.2125,
1.105,
2.080833333,
1.736666667,
1.491666667,
2.791666667,
2.586666667,
2.839166667,
2.825,
2.728333333,
2.636666667,
2.645833333,
2.196666667,
2.775833333,
4.424166667,
14.79231156,
3.035833333,
3.05,
2.414166667,
12.18166667,
2.81,
2.706666667,
2.536666667,
1.618333333,
1.220833333,
1.3625,
1.8875,
2.386666667,
2.1975,
2.9575,
2.844166667,
2.724166667,
1.495,
1.208333333,
2.098333333,
1.325,
2.030833333,
2.419761905,
2.858452381,
2.971666667,
2.866666667,
2.488333333,
1.761666667,
1.5025,
0.855,
0.640833333,
0.529166667,
0.890833333,
1.360833333,
1.946666667,
3.376666667,
3.115833333,
3.993333333,
2.084166667,
2.396666667,
2.128333333,
4.055,
8.3225,
7.045,
7.815833333,
6.475,
2.453333333,
2.09,
2.844166667,
4.2375,
3.0525,
5.134166667,
2.473333333,
0.568333333,
0.430833333,
0.29,
0.29,
1.105,
0.725833333,
3.1575,
4.960833333,
14.3875,
4.811666667,
12.72916667,
3.7025,
24.495,
3.185,
3.746666667,
21.48083333,
6.423333333,
8.521428571,
8.631309524,
4.008333333,
2.893333333,
4.233214286,
3.457261905,
1.670714286,
1.725,
1.903333333,
1.5925,
1.3375,
1.506666667,
2.356666667,
6.410833333,
9.266666667,
5.655,
3.735,
5.886666667,
5.595833333,
8.403333333,
2.940833333,
4.996666667,
5.618333333,
6.603333333,
5.944166667,
13.245,
9.499166667,
4.725,
20.46833333,
3.068333333,
3.0025,
2.438333333,
1.450833333,
1.299166667,
1.1975,
0.773333333,
2.0775,
2.976666667,
6.588333333,
3.483333333,
3.120833333,
2.770833333,
2.9325,
2.209166667,
2.475833333,
2.354166667,
2.263333333,
3.563333333,
4.3975,
2.196666667,
2.494166667,
3.244166667,
3.070833333,
1.656666667,
1.1475,
0.87,
1.111666667,
0.544166667,
0.886666667,
0.915833333,
0.879166667,
2.776666667,
2.825,
4.433333333,
2.901666667,
2.985,
2.845833333,
2.571666667,
2.819166667,
2.841666667,
2.841666667,
3.075833333,
2.983333333,
2.506666667,
1.895,
1.75,
3.3075,
3.044166667,
1.823333333,
1.951666667,
1.580833333,
1.3225,
1.22,
1.22,
1.143333333,
1.451666667,
2.115833333,
1.623333333,
2.895,
2.950833333,
2.905,
2.9325,
2.8725,
2.214166667,
1.680833333,
2.319166667,
2.47,
2.931666667,
2.805833333,
2.105833333,
1.585833333,
1.030833333,
0.804166667,
1.295833333,
1.130833333,
0.9575,
0.701666667,
0.189166667,
0.493333333,
0.965,
1.063333333,
0.946666667,
1.241666667,
1.091666667,
1.058333333,
1.326666667,
1.169166667,
1.185,
1.119642857,
1.355119048,
1.99,
4.255,
2.944166667,
1.4725,
1.778333333,
0.863333333,
0.824166667,
0.536666667,
0.215,
0.18,
0.18,
0.196666667,
0.476666667,
2.013333333,
2.721666667,
2.831666667,
2.789166667,
2.875,
3.126666667,
2.79,
2.860833333,
2.531666667,
3.075,
4.079166667,
3.149166667,
3.554166667,
5.485833333,
1.901666667,
2.340833333,
1.305952381,
0.855238095,
0.7225,
0.476666667,
0.274166667,
0.783333333,
0.625,
0.891666667,
2.269166667,
2.709166667,
2.894166667,
2.400833333,
2.941666667,
3.145833333,
3.728333333,
12.3875,
2.515833333,
1.835,
2.706666667,
2.87,
2.4125,
2.0125,
2.785,
3.641666667,
1.8625,
1.318333333,
0.86,
0.984166667,
1.13,
0.614166667,
0.67,
0.9025,
2.819166667,
2.625,
2.8875,
1.818333333,
1.773333333,
1.789166667,
2.561666667,
2.164166667,
2.2125,
2.37,
2.223333333,
1.7525,
2.759166667,
1.505,
2.0625,
2.619166667,
1.755,
1.4675,
1.335,
1.015,
0.7325,
0.570833333,
0.7075,
0.343333333,
2.636666667,
2.811666667,
2.801666667,
0.596666667,
1.1,
1.246666667,
3.564166667,
0.955,
1.198333333,
1.415,
1.23,
0.980833333,
2.135,
2.6875,
3.65,
11.78166667,
2.0675,
1.32,
1.368333333,
0.680833333,
0.980833333,
0.690833333,
0.7575,
0.518333333,
2.45,
2.993333333,
3.4025,
2.769166667,
2.991666667,
2.866666667,
2.760833333,
2.76,
2.675,
2.7925,
2.889166667,
2.8075,
2.4275,
1.3575,
1.360833333,
2.314166667,
1.19,
0.795833333,
1.185,
1.396666667,
1.15,
1.18,
1.033333333,
0.838333333,
1.166666667,
1.146666667,
1.671666667,
2.583333333,
2.8825,
2.433333333,
2.691666667,
1.541666667,
1.34,
1.195,
1.125,
1.15,
2.773333333,
2.768333333,
1.158333333,
1.315,
1.489166667,
1.075833333,
0.841666667,
0.5075,
0.960833333,
0.659166667,
0.5275,
0.295,
0.389166667,
0.614166667,
0.949166667,
1.199166667,
1.326666667,
1.226666667,
1.34297619,
1.416785714,
2.754166667,
2.685,
3.16,
3.515833333,
13.81083333,
8.699166667,
3.208333333,
3.2475,
2.745833333,
1.479166667,
1.0725,
0.5775,
0.315,
0.329166667,
0.3,
0.310833333,
2.544166667,
3.456666667,
4.084166667,
3.390833333,
2.695,
2.875,
2.925,
4.679166667,
3.255833333,
2.91,
3.269166667,
4.779166667,
7.178333333,
6.279166667,
3.5625,
3.064166667,
2.719166667,
2.133333333,
1.153333333,
1.116666667,
0.965833333,
0.813333333,
1,
1.534166667,
2.595,
2.91,
2.998333333,
2.958333333,
3.154166667,
3.173333333,
4.193333333,
3.921666667,
4.02,
4.610833333,
4.811666667,
6.64,
8.875833333,
3.080833333,
2.964166667,
3.420833333,
1.813333333,
1.795,
1.4525,
0.691666667,
0.8225,
0.778333333,
0.831666667,
0.873333333,
2.630833333,
2.92,
2.985833333,
2.969166667,
4.18,
9.713333333,
4.558333333,
3.996666667,
5.313333333,
5.581666667,
9.138214286,
9.118809524,
5.519166667,
4.3775,
4.925833333,
2.958333333,
1.075119048,
1.179166667,
0.926666667,
0.921666667,
0.460833333,
0.335833333,
0.57,
0.415,
1.9225,
2.025,
2.513333333,
1.7375,
2.533333333,
2.933333333,
3.264166667,
5.995,
11.42333333,
28.38583333,
2.676666667,
2.347619048,
2.4075,
1.725833333,
1.594166667,
1.8375,
4.396666667,
1.74,
2.1575,
1.146666667,
1.15,
0.995833333,
0.826666667,
0.8275,
2.3425,
2.915,
2.971666667,
2.725833333,
2.65,
2.940833333,
2.92,
3.089166667,
2.2675,
2.2725,
2.559166667,
3.7475,
3.0525,
1.945,
1.584166667,
1.4775,
1.691666667,
1.414166667,
1.1,
1.334166667,
1.1975,
0.845833333,
0.840833333,
0.485,
0.5025,
1.0175,
1.535,
1.893333333,
2.735,
2.994166667,
2.805,
2.5825,
1.811666667,
2.577142857,
2.848333333,
3.801666667,
3.45,
2.928333333,
2.559166667,
2.764166667,
0.959166667,
1.37,
1.8375,
1.743333333,
1.554166667,
1.2125,
1.024166667,
0.7525,
1.0475,
1.23,
1.5,
1.913333333,
2.298333333,
2.473333333,
2.305,
2.611666667,
2.364166667,
1.8675,
2.349166667,
2.5325,
2.983333333,
2.763928571,
1.742857143,
1.399761905,
0.870833333,
0.5975,
0.689166667,
0.674166667,
0.824166667,
1,
1.095833333,
1.420833333,
2.381666667,
2.839166667,
2.669166667,
1.7375,
2.735,
2.94,
2.908333333,
2.735833333,
2.958333333,
3.96,
3.438333333,
3.336666667,
3.863333333,
2.8825,
2.930833333,
2.756666667,
2.001785714,
1.517619048,
1.69547619,
1.564166667,
0.918333333,
0.849166667,
0.766666667,
1.141666667,
2.0825,
2.898333333,
2.945833333,
2.356666667,
2.5075,
2.4975,
2.511071429,
2.135119048,
1.995714286,
1.655595238,
2.157738095,
1.794285714,
1.678333333,
1.765,
1.885238095,
1.713809524,
1.286666667,
0.401547619,
0.339761905,
0.473333333,
0.400238095,
0.449166667,
0.236785714,
0.29,
1.101666667,
2.328333333,
2.368333333,
1.473333333,
1.804166667,
1.859285714,
1.719761905,
1.621904762,
1.998333333,
1.995119048,
2.362857143,
2.387738095,
2.481547619,
1.975595238,
1.513571429,
2.296190476,
1.879047619,
1.285833333,
1.205238095,
1.075952381,
0.826904762,
0.2575,
0.245,
0.23,
0.641666667,
1.541666667,
2.428333333,
1.460833333,
1.4875,
1.5,
1.471666667,
1.96,
2.2,
2.5,
1.5775,
2.8925,
1.598095238,
2.278333333,
2.745,
4.3525,
2.146666667,
1.835,
1.49,
1.2225,
1.104166667,
0.4875,
0.2925,
0.235,
1.139166667,
1.8525,
2.155,
1.480833333,
1.775,
2.640833333,
3.750833333,
2.341666667,
3.778333333,
4.491666667,
8.35,
3.95,
4.794166667,
3.255833333,
3.311666667,
3.17,
2.403333333,
1.7625,
1.130833333,
0.915,
0.9575,
0.7575,
0.7025,
0.295,
0.29,
0.32,
0.335,
0.863333333,
1.436666667,
2.264166667,
2.28,
2.3075,
2.185,
1.154880952,
2.376666667,
2.416428571,
3.065,
2.938333333,
2.573333333,
2.735,
1.749166667,
1.56,
1.481666667,
1.401666667,
0.823333333,
0.4575,
0.29,
0.216666667,
0.356666667,
1.023333333,
1.7375,
2.433333333,
2.491666667,
2.786666667,
2.794166667,
2.86,
2.838333333,
2.7525,
2.703333333,
3.1675,
3.821666667,
3.013333333,
2.533333333,
1.996666667,
1.65702381,
1.126309524,
1.061785714,
0.907738095,
0.68,
0.372619048,
0.335,
0.29,
0.954166667,
1.001666667,
1.328333333,
1.286666667,
1.4025,
1.509761905,
1.581785714,
1.68047619,
2.084880952,
2.00202381,
2.244166667,
2.470833333,
2.625833333,
2.805,
1.4075,
2.151666667,
1.536904762,
1.407619048,
0.6,
0.635,
0.913333333,
0.3,
0.29,
0.2675,
0.970833333,
1.926666667,
2.485833333,
1.9975,
1.689166667,
2.0025,
1.805,
2.128333333,
3.688333333,
4.516666667,
2.329166667,
2.221904762,
1.59952381,
2.05,
2.091666667,
2.8175,
2.206666667,
2.429166667,
1.458333333,
1.241666667,
0.910833333,
1.175833333,
0.958333333,
0.761666667,
2.315,
2.454166667,
2.756666667,
2.656666667,
2.656666667,
2.1325,
2.2875,
7.066666667,
6.81,
1.955833333,
2.865833333,
1.5275,
1.020833333,
2.504166667,
3.0775,
3.52,
2.874166667,
2.788333333,
1.83,
0.723333333,
0.473333333,
0.32,
0.2925,
0.814166667,
1.636666667,
1.810833333,
2.568333333,
2.736666667,
1.981666667,
1,
1,
0.95,
1.488333333,
2.095833333,
3.609166667,
2.846666667,
5.185833333,
22.275,
4.9075,
9.7,
2.2375,
1.214166667,
0.981666667,
0.2975,
0.29,
0.2125,
0.18,
0.170833333,
0.723333333,
0.901666667,
1.2375,
1.071666667,
1.041666667,
1.9575,
1.8775,
2.1275,
2.290833333,
9.648333333,
2.383333333,
2.185833333,
2.544166667,
2.204166667,
2.748333333,
2.269166667,
2.0575,
1.075,
0.548333333,
0.290357143,
0.18,
0.18,
0.241666667,
0.284166667,
0.284166667,
0.679166667,
0.923333333,
1.405,
2.164166667,
2.638333333,
2.646666667,
1.98,
2.438333333,
2.741666667,
8.2125,
2.9925,
10.31166667,
2.710357143,
2.575833333,
2.216666667,
1.755238095,
1.63452381,
1.3075,
1.320119048,
1.740833333,
1.428333333,
0.55,
0.295833333,
0.26,
0.535833333,
0.691666667,
1.5075,
1.484166667,
2.410833333,
2.440833333,
2.745833333,
2.478214286,
8.63547619,
5.676071429,
10.42630952,
12.8275,
5.3425,
2.848333333,
2.776666667,
2.094166667,
1.449642857,
1.14797619,
0.81202381,
0.529285714,
0.248333333,
0.181428571,
0.180833333,
1.2325,
1.745833333,
2.3475,
1.498333333,
2.286666667,
2.2475,
2.675833333,
1.891547619,
1.474404762,
1.341785714,
1.514166667,
1.83202381,
1.895357143,
1.948214286,
1.975119048,
2.35952381,
1.693809524,
1.74202381,
0.794761905,
0.678095238,
0.67452381,
0.3625,
0.213333333,
0.182738095,
0.4925,
0.71,
1.165,
0.418333333,
0.7,
0.693333333,
1.2275,
1.914166667,
1.619642857,
1.383809524,
4.082142857,
1.503452381,
1.284047619,
1.923690476,
2.092619048,
2.578333333,
1.442380952,
1.678095238,
1.353333333,
1.388333333,
0.701666667,
0.734166667,
0.465833333,
0.7525,
2.666666667,
2.625833333,
2.3625,
1.285833333,
2.664166667,
1.2275,
1.21,
2.888333333,
2.980833333,
3.04,
3.153333333,
4.015833333,
3.275,
4.015833333,
3.811666667,
3.584166667,
2.7775,
2.551666667,
2.258333333,
1.105833333,
0.875,
0.349166667,
0.313333333,
0.4025,
2.61,
2.765833333,
2.763333333,
2.454166667,
2.560833333,
2.684166667,
2.826666667,
2.573333333,
8.809166667,
13.98083333,
21.72,
3.599166667,
14.77166667,
3.335,
3.09,
15.71916667,
2.4275,
1.599166667,
1.370833333,
0.504166667,
0.326666667,
0.254166667,
0.22,
0.29,
1.27,
1.901666667,
2.5225,
1.424166667,
1.675833333,
1.7625,
2.1325,
2.113333333,
3.845,
2.8125,
2.971666667,
2.378333333,
2.8825,
2.361666667,
1.555,
1.438333333,
0.768333333,
0.745,
0.271666667,
0.361071429,
0.18,
0.18,
0.18,
0.125,
0.141666667,
0.18,
0.464166667,
0.97,
0.8825,
1.165833333,
1.598333333,
2.265833333,
2.412738095,
2.290833333,
2.937142857,
3.927380952,
4.535833333,
5.295833333,
2.039166667,
2.029047619,
1.34,
1.403452381,
0.553571429,
0.705595238,
0.925833333,
0.3475,
0.210833333,
0.18,
0.18,
0.18,
0.216666667,
0.616666667,
0.8125,
0.827380952,
1.018571429,
1.45,
0.804404762,
0.794285714,
0.746309524,
0.718214286,
2.283809524,
2.474047619,
0.829285714,
1.329761905,
1.197738095,
0.793928571,
0.497857143,
0.322142857,
0.160714286,
0.265238095,
0.181309524,
0.18,
1.2325,
0.8375,
1.3775,
0.6275,
0.97,
0.357142857,
0.559880952,
0.189166667,
0.285,
0.564166667,
1.317261905,
1.434047619,
2.329404762,
1.895833333,
2.625,
2.533333333,
1.854166667,
1.54,
1.018333333,
0.463333333,
0.253333333,
0.2075,
0.18,
0.1775,
0.514166667,
1.300833333,
2.606666667,
1.881666667,
2.218333333,
2.2,
2.4525,
2.345,
2.873333333,
3.120833333,
8.81,
7.6075,
4.3125,
4.8325,
2.846666667,
2.7675,
2.6425,
2.250833333,
1.9225,
1.415,
0.604166667,
0.3675,
0.3175,
0.378333333,
1.711666667,
2.296666667,
2.710833333,
1.721666667,
1.916666667,
2.58,
2.6275,
2.183333333,
2.616666667,
2.338333333,
2.2575,
2.154166667,
2.358333333,
2.099166667,
2.255833333,
2.3875,
2.150833333,
1.030833333,
0.641666667,
0.369166667,
0.2975,
0.29,
0.293333333,
0.295833333,
1.670833333,
2.629166667,
2.7975,
2.693333333,
2.780833333,
2.7775,
2.8,
2.869166667,
2.859642857,
2.717738095,
1.807380952,
1.853095238,
2.340238095,
2.608214286,
2.863333333,
2.761071429,
1.848452381,
0.838571429,
0.922857143,
0.371071429,
0.288214286,
0.29,
0.29,
0.29,
0.8475,
1.2625,
2.610833333,
1.5725,
1.7,
2.574166667,
2.30702381,
2.700357143,
2.443809524,
2.089761905,
2.53047619,
2.491190476,
2.911666667,
2.8,
2.720714286,
2.773214286,
2.198333333,
1.622619048,
1.297380952,
0.598690476,
0.341547619,
0.281666667,
0.55,
0.29,
0.196666667,
0.32,
0.5825,
1.394166667,
1.538214286,
1.669404762,
1.724880952,
1.472380952,
1.654047619,
1.340714286,
1.468333333,
1.210833333,
2.700833333,
2.874166667,
2.2325,
2.570833333,
2.0625,
2.140833333,
1.769166667,
1.184166667,
1.841666667,
1.611666667,
0.68,
0.18,
0.269166667,
0.224166667,
0.348333333,
0.9825,
1.138809524,
1.422738095,
1.547142857,
1.601309524,
1.518809524,
1.661666667,
2.569166667,
2.704166667,
3.009166667,
2.965833333,
2.7425,
2.780833333,
2.326666667,
1.533333333,
1.095833333,
0.695833333,
0.819166667,
0.691666667,
0.376666667,
0.614166667,
2.27,
2.461666667,
2.794166667,
2.6275,
2.765833333,
2.750833333,
2.744166667,
3.51,
4.033333333,
6.95,
2.82,
3.220833333,
2.986666667,
3.07,
3.328333333,
3.524166667,
2.048333333,
1.755,
1.475,
0.741666667,
0.47,
0.473333333,
0.856666667,
0.500833333,
2.559166667,
2.73,
2.775,
2.480833333,
2.459166667,
4.993333333,
5.005,
3.808333333,
3.268333333,
8.423333333,
5.69,
14.57083333,
7.265833333,
15.6025,
9.544166667,
18.81916667,
3.165,
2.619166667,
2.019166667,
1.0575,
0.7025,
0.413333333,
0.42,
0.504166667,
2.270833333,
2.6525,
2.784166667,
2.1575,
2.1625,
1.669166667,
5.135833333,
5.525833333,
18.1375,
9.628333333,
9.356666667,
4.0025,
3.880833333,
3.3525,
2.703333333,
2.791666667,
1.66,
0.948333333,
0.9125,
1.0425,
0.4375,
0.32,
0.3175,
0.3525,
2.049166667,
2.558333333,
2.74,
1.855,
2.1175,
2.539166667,
2.665,
3.06452381,
1.556785714,
1.323452381,
1.490357143,
1.792738095,
2.316309524,
2.571071429,
2.266666667,
1.96,
1.608333333,
1.38547619,
0.970952381,
0.634404762,
0.26797619,
0.181547619,
0.185833333,
0.166666667,
0.734166667,
1.894166667,
2.709166667,
1.748333333,
2.2425,
1.7775,
0.773333333,
0.74,
1.159285714,
1.95,
2.030238095,
1.983214286,
1.996666667,
1.742738095,
1.802619048,
1.587142857,
1.709285714,
1.419285714,
1.358333333,
0.810714286,
0.721666667,
0.6275,
0.365833333,
0.3,
0.29,
0.605,
0.531666667,
1.258333333,
1.511666667,
1.574047619,
1.605357143,
1.585952381,
1.744880952,
1.193571429,
1.989761905,
1.603690476,
2.864642857,
2.8575,
1.604166667,
1.523333333,
1.424285714,
1.141666667,
0.756666667,
0.52797619,
0.325357143,
0.169880952,
0.118571429,
0.052619048,
0.078571429,
0.112738095,
0.3075,
0.445,
0.741666667,
0.7775,
0.785,
1.1,
1.605833333,
2.248333333,
2.135,
2.374166667,
2.7375,
2.7725,
0.93,
0.868333333,
1.044166667,
0.974166667,
0.55,
0.310833333,
0.273333333,
0.1775,
0.133333333,
0.111666667,
0.3575,
1.3525,
1.5425,
1.305,
1.560833333,
1.875,
1.845,
2.11,
1.815,
1.716666667,
0.725,
0.601666667,
1.0975,
1.845,
1.811666667,
1.418333333,
0.895,
0.6475,
0.225,
0.161666667,
0.1,
0.1,
0.1,
0.086666667,
0.178333333,
0.649166667,
1.594166667,
1.0325,
0.981666667,
0.638333333,
1.225833333,
0.806666667,
0.7375,
0.916666667,
0.858333333,
0.559166667,
0.790833333,
1.308333333,
2.165,
2.293333333,
1.301666667,
0.563333333,
0.360833333,
0.219166667,
0.2225,
0.18,
0.18,
0.18,
0.7875,
1.468333333,
1.586666667,
1.4675,
1.994166667,
1.1675,
1.539166667,
1.766666667,
2.1725,
2.305833333,
2.299166667,
2.505833333,
2.014166667,
1.075,
1.075833333,
1.4375,
1.0525,
0.684166667,
0.625,
0.294166667,
0.228333333,
0.181666667,
0.18,
0.18,
0.610833333,
1.443333333,
2.355,
1.085,
0.884166667,
1.82,
1.2425,
0.981666667,
1.124166667,
0.960833333,
0.9,
1.2325,
0.990833333,
1.396666667,
1.4325,
1.508333333,
1.216666667,
0.840833333,
0.4825,
0.2375,
0.178333333,
0.176666667,
0.1775,
0.16,
0.410833333,
1.475,
2.031666667,
1.363333333,
1.0075,
1.118333333,
0.31,
0.3225,
0.453690476,
0.9725,
2.0375,
2.726666667,
2.348333333,
2.2475,
2.2975,
2.555,
1.164166667,
0.633333333,
0.481666667,
0.654166667,
0.32,
0.3175,
0.29,
0.18,
0.18,
0.255,
0.534166667,
1.244166667,
1.095,
2.153333333,
2.4125,
2.405,
2.076666667,
2.430833333,
2.770833333,
2.895,
6.288333333,
22.67083333,
2.9075,
2.070833333,
2.1575,
1.139166667,
0.693333333,
0.3125,
0.211666667,
0.18,
0.168333333,
0.033333333,
0.02,
0.131666667,
0.255833333,
0.3175,
0.701666667,
0.693333333,
0.554166667,
1.653333333,
1.4175,
1.636666667,
1.450833333,
0.628333333,
2.719166667,
2.695,
1.994166667,
1.065,
0.56,
0.719166667,
0.501666667,
0.2025,
0.178333333,
0.176666667,
0.18,
0.18,
1.009166667,
1.455,
1.59,
0.7925,
1.326666667,
1.129166667,
1.23,
3.1125,
11.07083333,
2.8225,
4.718333333,
15.37416667,
2.864166667,
2.349166667,
1.898333333,
2.336666667,
2.619166667,
2.3975,
1.159166667,
0.411666667,
0.32,
0.29,
0.29,
0.2875,
1.13,
1.848333333,
2.099166667,
0.915,
1.035,
1.833333333,
1.29,
4.219166667,
2.616666667,
2.4025,
3.838333333,
4.4625,
2.308333333,
1.2375,
1.381666667,
1.2125,
1.613333333,
1.558333333,
1.305,
0.471666667,
0.32,
0.276666667,
0.27,
0.273333333,
1.444166667,
1.951666667,
2.066666667,
1.5475,
1.714166667,
2.441666667,
2.900833333,
13.29166667,
7.8525,
2.06,
4.735,
2.643333333,
4.035833333,
2.276666667,
1.3675,
1.4825,
1.534166667,
1.064166667,
0.891666667,
0.6025,
0.311666667,
0.2925,
0.265,
0.18,
0.248333333,
1.005,
1.439166667,
0.9475,
1.768333333,
2.4425,
3.261666667,
4.116666667,
2.351666667,
2.035,
2.224166667,
17.44166667,
2.215833333,
2.455,
2.1325,
1.8575,
1.440833333,
1.489166667,
1.068333333,
0.696666667,
0.32,
0.2975,
0.22,
0.280833333,
1.106666667,
1.798333333,
1.9,
0.5025,
0.76,
0.385,
1.179166667,
1,
1.4325,
1.593333333,
1.870833333,
1.584166667,
1.245833333,
0.5375,
0.296666667,
0.605,
0.864166667,
0.446666667,
0.539166667,
0.8725,
0.408333333,
0.32,
0.29,
0.18,
0.18,
0.244166667,
0.606666667,
0.496666667,
0.948333333,
1.593333333,
2.081666667,
4.806666667,
2.079166667,
2.445,
2.6325,
2.710833333,
2.843333333,
3.806666667,
2.311666667,
1.998333333,
1.373333333,
0.4425,
0.32,
0.425,
0.32,
0.29,
0.281666667,
0.149166667,
0.095,
0.131666667,
0.320833333,
0.73,
0.878333333,
1.023333333,
1.341666667,
3.54,
3.36,
4.538333333,
7.606666667,
19.0675,
9.118333333,
4.030833333,
2.686666667,
2.671666667,
2.2675,
0.819166667,
0.7,
0.32,
0.3175,
0.249166667,
0.18,
0.179166667,
0.53,
0.905833333,
1.5175,
1.23,
1.8075,
2.374166667,
7.415833333,
23.02,
2.008333333,
2.58,
16.9625,
41.1625,
1.895,
4.06,
1.873333333,
1.974166667,
0.634166667,
0.480833333,
0.3325,
0.385,
0.515,
0.444166667,
0.18,
0.18,
0.309166667,
0.869166667,
1.325,
0.864166667,
0.905,
1.371666667,
1.665833333,
1.395,
2.514166667,
4.774166667,
11.76333333,
155.7191667,
43.075,
36.56833333,
13.41916667,
45.14333333,
8.3425,
2.079166667,
1.558333333,
1.1375,
0.768333333,
0.825,
0.550833333,
0.355833333,
1.789166667,
1.98,
2.235,
2.0175,
2.393333333,
2.523333333,
1.963333333,
2.390833333,
2.638333333,
2.56,
2.516666667,
2.413333333,
2.208333333,
2.245833333,
1.621666667,
2.078333333,
2.665833333,
2.03,
0.900833333,
0.926666667,
0.396666667,
0.3375,
0.32,
0.29,
1.695833333,
2.4125,
2.555,
1.5275,
2.575833333,
1.936666667,
2.1625,
1.88,
6.701666667,
6.54,
15.1975,
8.025952381,
2.9375,
2.465833333,
2.426666667,
2.508333333,
1.700833333,
1.404166667,
1.3575,
0.5875,
0.29,
0.3125,
0.315,
0.305,
1.3875,
1.565,
2.026666667,
1.6675,
1.444166667,
2.256666667,
2.435,
2.476666667,
21.8575,
2.025833333,
4.173333333,
10.25833333,
1.3525,
2.105,
4.300833333,
2.849166667,
2.575,
2.098333333,
1.47,
1.138333333,
0.5375,
0.32,
0.325833333,
0.3175,
0.214166667,
0.279166667,
0.4725,
0.871666667,
0.345,
0.966666667,
1.411666667,
1.846666667,
2.451666667,
2.775,
2.905,
2.869166667,
3.07,
2.95,
2.8075,
2.845,
2.674166667,
2.181666667,
1.556666667,
0.949166667,
1.22,
1.039166667,
0.335833333,
0.173333333,
0.170833333,
0.306666667,
0.9075,
1.319166667,
2.705,
2.723333333,
2.378333333,
2.47,
2.4475,
2.798333333,
2.935,
2.983333333,
3.903333333,
3.765,
2.16,
2.7925,
2.7825,
2.174166667,
0.760833333,
0.39,
0.303333333,
0.18,
0.2175,
0.233333333,
1.433333333,
1.54,
1.464166667,
1.1675,
1.973333333,
1.611666667,
1.2175,
1.9025,
2.06,
1.9475,
1.6925,
1.345,
0.8075,
0.758333333,
1.1,
1.5525,
2.601666667,
1.9925,
1.449166667,
0.853333333,
0.464166667,
0.349166667,
0.32,
0.539166667,
1.875833333,
2.37,
2.310833333,
1.175,
1.1075,
1.063333333,
1.9275,
2.1875,
30.13666667,
9.93,
3.714166667,
3.1775,
63.6625,
4.8475,
2.151666667,
1.626666667,
2.385,
2.624166667,
2.001666667,
0.725,
0.38,
0.37,
0.36,
0.326666667,
1.403333333,
1.486666667,
1.978333333,
1.15,
1.001666667,
1.103333333,
2.165833333,
1.835833333,
2.0175,
2.916666667,
2.705833333,
2.786666667,
3.455833333,
13.37416667,
3.255,
2.224166667,
1.219166667,
1.065833333,
0.736666667,
0.323333333,
0.2825,
0.280833333,
0.200833333,
0.2425,
0.681666667,
1.3325,
1.0525,
0.2675,
0.303333333,
0.275833333,
0.3125,
0.300833333,
0.351666667,
0.281666667,
0.291666667,
0.286666667,
0.285833333,
0.33,
0.329166667,
0.637857143,
0.59,
0.7725,
0.590833333,
0.463333333,
0.315,
0.29,
0.29,
0.276666667,
0.809166667,
1.133333333,
1.07,
0.305833333,
0.243333333,
0.294166667,
0.269166667,
0.245833333,
0.229166667,
0.226666667,
0.2675,
0.3225,
0.293333333,
0.286666667,
0.291666667,
0.411666667,
0.5425,
1.0325,
1.281666667,
0.869166667,
0.32,
0.32,
0.315,
0.2575,
0.29,
0.244166667,
0.27,
0.3325,
0.564166667,
0.378333333,
0.235,
0.188333333,
0.235,
0.309166667,
0.566666667,
0.654166667,
0.975833333,
0.859166667,
0.371666667,
0.481666667,
0.604166667,
0.66,
0.683333333,
0.4225,
0.32,
0.32,
0.31,
0.204166667,
0.279166667,
0.2925,
0.335,
0.4475,
1.029166667,
0.96,
1.500833333,
0.841666667,
0.843333333,
0.8675,
1.5825,
2.2725,
3.445833333,
2.803333333,
1.804166667,
1.51,
1.286666667,
0.88,
0.364166667,
0.8575,
0.2775,
0.18,
0.18,
0.180833333,
1.06,
1.313333333,
1.715,
0.916666667,
1.141666667,
0.9525,
1.255,
1.2925,
1.303333333,
1.545833333,
1.375833333,
1.590833333,
2.064166667,
2.029166667,
1.680833333,
1.3125,
1.645833333,
1.0775,
0.845,
0.83,
0.81,
0.261666667,
0.185833333,
0.365833333,
1.355833333,
2.440833333,
2.466666667,
1.565,
1.135833333,
1.43,
2.098333333,
2.190833333,
2.428333333,
2.271666667,
2.436666667,
2.319166667,
2.258333333,
5.026666667,
2.390833333,
2.469166667,
2.575,
2.295833333,
1.22,
0.908333333,
0.774166667,
0.725833333,
0.695,
0.4225,
1.411666667,
1.805,
2.228333333,
1.459166667,
1.96,
2.475,
2.3925,
2.3325,
2.6575,
2.684166667,
4.77,
12.05833333,
2.806666667,
6.275,
2.415833333,
1.880833333,
2.239166667,
1.509166667,
0.658333333,
0.2325,
0.18,
0.18,
0.18,
0.13,
0.193333333,
0.388333333,
0.366666667,
0.181666667,
0.751666667,
1.226666667,
1.431666667,
1.6575,
1.06,
1.833333333,
3.081666667,
3.054166667,
2.595833333,
1.889166667,
1.98,
1.350833333,
1.099166667,
0.780833333,
0.956666667,
0.68,
0.39,
0.223333333,
0.185833333,
0.18,
1.085,
1.864166667,
2.44,
0.308333333,
0.79,
1.3275,
0.82,
0.981666667,
1.850833333,
1.443333333,
2.114166667,
4.893333333,
1.779166667,
1.275833333,
1.55,
1.293333333,
0.986666667,
1.066666667,
1.190833333,
0.800833333,
0.59,
0.1825,
0.18,
0.176666667,
0.18,
0.214166667,
0.975,
1.633333333,
2.398333333,
2.4175,
2.314166667,
1.700833333,
2.5275,
2.338333333,
2.8025,
31.48666667,
23.29,
16.41916667,
4.61,
2.8975,
2.393333333,
1.626666667,
1.110833333,
1.129166667,
0.755,
0.43,
0.18,
0.179166667,
0.129166667,
0.094166667,
0.285,
0.793333333,
1.896666667,
1.950833333,
1.031666667,
1.281666667,
1.451666667,
1.634166667,
1.588333333,
1.740833333,
31.83666667,
2.790833333,
1.786666667,
1.455,
0.56,
0.275833333,
0.301666667,
0.254166667,
0.179166667,
0.1625,
0.11,
0.133333333,
0.3525,
0.631666667,
1.548333333,
1.456666667,
1.6875,
2.201666667,
2.184166667,
2.0425,
2.548333333,
2.161666667,
0.904166667,
0.93,
1.811666667,
1.9525,
2.660833333,
2.689166667,
1.899166667,
1.318333333,
1.199166667,
1.008333333,
0.876666667,
0.971666667,
0.883333333,
0.695833333,
1.466666667,
1.825,
2.175833333,
2.235833333,
2.706666667,
2.620833333,
2.9775,
2.801666667,
2.848333333,
3.069166667,
2.564166667,
2.719166667,
2.993333333,
3.0275,
3.020833333,
2.863333333,
2.725,
2.004166667,
1.551666667,
0.9575,
0.889166667,
0.511666667,
0.238333333,
0.18,
0.540833333,
0.925833333,
1.564166667,
1.426666667,
1.463333333,
2.2525,
2.5575,
2.594166667,
3.971666667,
2.628333333,
3.736666667,
11.87833333,
4.574166667,
4.73,
2.843333333,
2.501666667,
2.269166667,
1.740833333,
1.486666667,
0.724166667,
0.3125,
0.220833333,
0.18,
0.156666667,
0.8,
1.145833333,
1.378333333,
0.946666667,
0.925833333,
0.905,
0.8725,
1.226666667,
2.419166667,
7.0175,
29.87416667,
56.795,
4.728333333,
3.104166667,
2.438333333,
2.006666667,
1.748333333,
1.549166667,
0.864166667,
0.68,
0.38,
0.285833333,
0.303333333,
0.235833333,
1.085,
1.205833333,
1.693333333,
1.228333333,
1.653333333,
1.383333333,
1.6175,
2.1625,
5.4575,
8.779166667,
62.2275,
6.025,
2.865,
2.280833333,
2.5875,
2.690833333,
2.256666667,
1.516666667,
1.760833333,
0.9425,
0.54,
0.365833333,
0.345,
0.285833333,
0.4,
0.786666667,
0.9175,
1.695833333,
2.419166667,
2.661666667,
2.87,
4.150833333,
3.658333333,
3.264166667,
6.371666667,
10.81583333,
5.859166667,
5.331666667,
2.819166667,
2.860833333,
2.646666667,
1.635,
1.263333333,
0.849166667,
0.556666667,
0.29,
0.1925,
0.115,
0.11,
0.139166667,
0.605,
0.97,
0.986666667,
1.220833333,
1.794166667,
2.05,
2.7075,
2.82,
2.819166667,
2.023333333,
2.855833333,
2.964166667,
2.831666667,
2.633333333,
2.219166667,
1.346666667,
0.6075,
0.421666667,
0.508333333,
0.1875,
0.206666667,
0.179166667,
0.719166667,
0.921666667,
1.400833333,
0.968333333,
0.4725,
0.991666667,
1.4475,
1.69,
1.511666667,
1.725,
1.436666667,
1.214166667,
0.3675,
0.29,
0.339166667,
0.42,
0.695833333,
0.336666667,
0.765,
0.346666667,
0.32,
0.214166667,
0.218333333,
0.206666667,
0.838333333,
1.41,
1.065,
0.878333333,
1.353333333,
1.4775,
2.095,
2.5975,
2.704166667,
2.718333333,
4.21,
3.42,
6.165833333,
2.495833333,
1.38,
1.595,
1.316666667,
0.503333333,
0.675833333,
0.293333333,
0.1775,
0.170833333,
0.1675,
0.153333333,
0.700833333,
0.880833333,
1.280833333,
0.635833333,
1.25,
1.316666667,
1.695833333,
6.854166667,
2.301666667,
2.390833333,
5.2875,
21.03083333,
3.093333333,
2.1825,
1.618333333,
1.900833333,
0.936666667,
0.735,
0.711666667,
0.636666667,
0.36,
0.1875,
0.18,
0.180833333,
0.854166667,
1.040833333,
1.4325,
1.1575,
2.226666667,
2.628333333,
2.074166667,
2.146666667,
2.854166667,
2.850833333,
2.896666667,
2.8475,
2.398333333,
2.384166667,
2.519166667,
2.106666667,
1.369166667,
1.034166667,
0.889166667,
0.659166667,
0.5375,
0.349166667,
0.315833333,
0.243333333,
1.309166667,
1.590833333,
2.155,
1.116666667,
1.418333333,
2.2725,
2.305833333,
2.550833333,
3.066666667,
16.59,
11.2375,
13.105,
6.785833333,
2.715833333,
1.846666667,
2.3925,
1.435,
1.1425,
0.97,
0.5975,
0.285,
0.213333333,
0.1775,
0.1,
0.1,
0.179166667,
0.588333333,
1.0325,
1.765,
2.361666667,
2.5925,
2.544166667,
2.796666667,
2.668333333,
2.818333333,
9.17,
8.184166667,
5.8325,
2.775,
2.831666667,
2.049166667,
1.446666667,
1.478333333,
1.3225,
1.093333333,
0.708333333,
0.726666667,
0.17,
0.179166667,
0.34,
0.653333333,
0.964166667,
1.255833333,
1.671666667,
2.4625,
2.480833333,
2.715,
2.535833333,
2.441666667,
5.093333333,
6.6075,
7.36,
4.701666667,
3.2375,
2.735,
1.76,
1.4525,
1.145,
0.754166667,
0.438333333,
0.625833333,
0.451666667,
1.440833333,
1.839166667,
2.219166667,
1.104166667,
1.371666667,
1.735,
2.133333333,
3.315,
1.495833333,
27.75333333,
1.498333333,
1.35,
1.158333333,
27.92583333,
5.6325,
17.32833333,
2.2275,
1.575833333,
1.803333333,
1.259166667,
1.135,
0.989166667,
0.984166667,
0.9475,
2.366666667,
2.6775,
2.553333333,
1.800833333,
1.644166667,
2.313333333,
1.237142857,
1.51202381,
2.601547619,
3.178452381,
2.512738095,
2.146666667,
2.190833333,
2.114166667,
2.164166667,
2.3175,
1.75,
1.125,
1.0525,
0.5725,
0.291666667,
0.170833333,
0.148333333,
0.1675,
1.070833333,
1.22,
1.591666667,
0.951666667,
1.445,
2.406666667,
3.483333333,
5.060833333,
3.149166667,
1.155833333,
3.366666667,
6.19,
7.914166667,
2.7925,
2.230833333,
2.625833333,
1.8625,
1.700833333,
1.435833333,
1.309166667,
1,
0.584166667,
0.750833333,
0.78,
2.383333333,
2.545,
2.444166667,
1.938333333,
2.333333333,
2.825833333,
2.426666667,
2.825833333,
4.614166667,
3.248333333,
4.29,
2.916666667,
4.254166667,
2.106666667,
2.481666667,
2.448333333,
1.820833333,
1.1525,
0.949166667,
0.420833333,
0.2325,
0.18,
0.18,
0.1775,
0.966666667,
1.8175,
1.57,
0.941666667,
1.205833333,
1.409166667,
1.5725,
2.344166667,
3.929166667,
17.85666667,
26.0325,
8.295833333,
3.0825,
2.635,
1.396666667,
1.163333333,
1.549166667,
0.891666667,
0.728333333,
0.5675,
0.365,
0.184166667,
0.1775,
0.034166667,
0.02,
0.02,
0.175833333,
0.841666667,
1.053333333,
0.883333333,
1.090833333,
1.07,
1.689166667,
1.845833333,
2.01,
1.91,
2.161666667,
2.359166667,
1.159166667,
0.800833333,
0.84,
0.343333333,
0.265,
0.159166667,
0.175,
0.17,
0.1425,
0.026666667,
0.02,
0.033333333,
0.110833333,
0.18,
0.456666667,
0.661666667,
0.5,
0.47,
0.32,
0.394166667,
0.440833333,
0.32,
2.278333333,
2.2775,
0.6525,
0.675,
0.645833333,
0.636666667,
0.335833333,
0.3075,
0.2575,
0.180833333,
0.18,
0.193333333,
0.845,
1.300833333,
1.496666667,
1.414166667,
1.374166667,
1.35,
0.635833333,
1.415833333,
2.550833333,
7.909166667,
12.4825,
3.8025,
2.789166667,
2.565,
1.96,
1.546666667,
1.141666667,
0.583333333,
0.315,
0.231666667,
0.160833333,
0.09,
0.173333333,
0.069166667,
0.4525,
0.918333333,
1.058333333,
0.878333333,
0.770833333,
0.8175,
0.636666667,
0.414166667,
0.556666667,
1.095833333,
1.5575,
1.438333333,
1.9425,
1.6175,
0.9975,
0.773333333,
0.523333333,
0.336666667,
0.318333333,
0.286666667,
0.243333333,
0.15,
0.135,
0.179166667,
0.905,
1.196666667,
1.2125,
0.8075,
1.4175,
1.395833333,
2.961666667,
4.1425,
6.0625,
6.901666667,
3.268333333,
2.3025,
2.8025,
1.9625,
2.765,
2.5025,
1.145,
0.563333333,
0.6525,
1.005,
0.32,
0.3175,
0.3175,
0.31,
1.484166667,
2.064166667,
2.379166667,
0.701666667,
1.355,
1.495833333,
2.03,
2.135,
2.615833333,
2.215,
2.805,
2.6725,
2.341666667,
2.368333333,
2.325833333,
2.44,
1.066666667,
0.91,
0.398333333,
0.2675,
0.118333333,
0.110833333,
0.135,
0.02,
0.515,
1.548333333,
1.8575,
1.611666667,
1.9325,
2.084166667,
1.900833333,
2.085,
2.210833333,
2.23,
2.331666667,
2.428333333,
2.455833333,
2.334166667,
2.551666667,
2.11,
1.355,
0.125833333,
0.290833333,
0.381904762,
0.427261905,
0.24547619,
0.18,
0.1,
0.1,
0.150833333,
0.416666667,
1.248333333,
1.545833333,
1.480833333,
1.429285714,
1.808333333,
1.895119048,
2.27202381,
2.514166667,
2.4,
2.915,
2.8575,
2.420833333,
2.700833333,
1.364047619,
0.631309524,
0.991904762,
0.795714286,
0.780833333,
0.760714286,
0.591309524,
0.183452381,
0.23452381,
0.480833333,
0.265,
1.028333333,
2.0225,
1.928333333,
1.661071429,
2.106666667,
2.406666667,
2.650833333,
2.7525,
2.77,
2.893333333,
2.965,
2.781666667,
2.774166667,
2.735,
2.605,
2.090833333,
0.570833333,
0.943333333,
0.855,
0.905833333,
0.733333333,
2.575833333,
2.805,
2.8175,
2.58,
2.5275,
2.814166667,
2.7875,
2.905833333,
2.9325,
2.800833333,
2.49,
2.51,
2.721666667,
2.750833333,
2.880833333,
2.69,
1.633452381,
1.524642857,
0.412142857,
0.266428571,
0.294166667,
0.14,
0.15,
0.108333333,
0.935,
1.915833333,
2.29,
2.350833333,
2.4625,
1.945833333,
2.038333333,
2.396666667,
2.7275,
1.390833333,
0.724166667,
0.820833333,
1.58,
1.6325,
2.370833333,
2.868333333,
2.016666667,
1.738095238,
1.193333333,
0.556547619,
0.29,
0.17,
0.15,
0.124166667,
0.996666667,
1.116666667,
1.184166667,
1.494166667,
2.721666667,
2.73,
1.7425,
0.77,
0.988333333,
2.690833333,
3.315,
2.885833333,
3.090833333,
4.184166667,
2.958333333,
3.45,
2.251666667,
1.956666667,
1.444166667,
0.87,
0.1725,
0.1175,
0.121666667,
0.1,
0.204166667,
1.010833333,
1.108333333,
0.5175,
0.27,
0.648333333,
1.043333333,
1.883333333,
2.1875,
3.263333333,
12.21916667,
36.33046889,
2.300833333,
5.895833333,
4.608333333,
3.238333333,
2.7875,
2.579166667,
1.88,
1.0325,
0.489166667,
0.308333333,
0.535,
0.914166667,
2.519166667,
2.764166667,
2.75,
2.311666667,
2.763333333,
2.82,
2.81,
5.43,
12.48333333,
9.315,
8.404166667,
3.934166667,
3.345833333,
2.798333333,
2.778333333,
2.645,
2.395833333,
1.514166667,
1.485,
1.695,
1.328333333,
0.33,
0.211666667,
0.124166667,
0.109166667,
0.1225,
0.220833333,
1.014166667,
1.42,
1.680833333,
2.416666667,
2.334166667,
2.4525,
2.756666667,
3.390833333,
3.256666667,
3.17,
2.94,
2.559166667,
2.801666667,
2.5475,
1.509166667,
1.218333333,
0.641666667,
0.266666667,
0.175,
0.161666667,
0.100833333,
0.1,
0.103333333,
0.175,
1.0075,
1.514166667,
1.530833333,
1.53,
1.633333333,
2.000833333,
2.25,
2.363333333,
2.419166667,
2.955,
2.826666667,
2.2725,
2.208333333,
1.740833333,
1.631666667,
1.390833333,
0.935833333,
0.554166667,
0.183333333,
0.170833333,
0.100833333,
0.201666667,
0.23,
0.321666667,
1.143333333,
1.365833333,
2.080833333,
2.325,
2.0525,
1.706666667,
3.175,
2.509166667,
8.769166667,
2.741666667,
2.463333333,
2.065833333,
1.361666667,
1.1025,
0.541666667,
0.216666667,
0.5275,
0.310833333,
0.293333333,
0.213333333,
0.180833333,
1.988333333,
2.7675,
2.598333333,
2.1825,
2.653333333,
2.76,
2.81,
2.65,
2.734166667,
3.530833333,
2.680833333,
5.348333333,
2.724166667,
3.306666667,
3.823333333,
2.981666667,
2.785833333,
2.6925,
2.765833333,
1.740833333,
1.246666667,
1.1875,
1.448333333,
1.285833333,
1.965833333,
2.760833333,
2.796666667,
2.136666667,
2.755833333,
2.868333333,
2.8325,
2.708333333,
3.285,
3.6,
36.52583333,
25.65166667,
2.420833333,
2.315,
2.790833333,
2.728333333,
1.919166667,
1.53,
1.2275,
0.72,
0.266666667,
0.18,
0.18,
0.18,
0.4525,
0.9375,
1.436666667,
0.928333333,
1.050833333,
1.5175,
2.269166667,
2.413333333,
2.23,
2.329166667,
8.928333333,
4.423333333,
2.9325,
2.873333333,
2.905,
2.865,
2.188333333,
1.640833333,
1.4775,
0.495,
0.18,
0.189166667,
0.170833333,
0.173333333,
0.988333333,
2.084166667,
2.194166667,
1.263333333,
1.588333333,
2.529166667,
2.755,
2.786666667,
2.628333333,
3.005833333,
3.704166667,
3.466666667,
2.775833333,
2.78,
2.791666667,
2.749166667,
2.234166667,
1.539166667,
1.489166667,
1.1325,
0.958333333,
0.904166667,
0.475833333,
0.2125,
0.359166667,
1.3425,
1.414166667,
1.298333333,
1.421666667,
1.691666667,
2.250833333,
2.311666667,
2.703333333,
2.601666667,
16.20583333,
2.81,
3.015,
3.044166667,
2.7425,
2.325833333,
1.694166667,
1.219166667,
1.222142857,
1.203214286,
0.5425,
0.279166667,
0.186666667,
0.133333333,
0.139166667,
0.286666667,
0.67,
1.184166667,
1.47,
1.7425,
2.305,
2.194166667,
2.3575,
2.041666667,
1.880833333,
2.3575,
2.876666667,
2.760833333,
2.5075,
2.224166667,
2.175357143,
1.787619048,
1.505,
1.443333333,
0.7175,
0.5825,
1.114166667,
1.336666667,
2.610833333,
2.259166667,
2.680833333,
1.619166667,
2.6075,
2.805,
6.785833333,
5.348333333,
18.9,
3.981666667,
53.31333333,
14.90833333,
2.481666667,
4.346666667,
2.371666667,
2.5425,
1.683333333,
1.0325,
0.375833333,
0.585833333,
0.411666667,
0.314166667,
0.315833333,
0.526666667,
1.616666667,
1.983333333,
2.544166667,
1.318333333,
1.408333333,
1.484166667,
1.135833333,
1.221666667,
2.489166667,
8.52,
26.405,
5.5675,
8.488333333,
26.51166667,
1.33,
0.9575,
1.106666667,
1.2475,
0.225,
0.195,
0.233333333,
0.184166667,
0.18,
0.220833333,
1.660833333,
2.528333333,
2.7425,
1.5275,
1.685,
2.2425,
1.9625,
2.925,
2.518333333,
0.8575,
0.7975,
1.851666667,
3.1875,
2.765833333,
3.359166667,
2.444166667,
0.846666667,
0.2925,
0.346666667,
0.66,
0.484166667,
0.288333333,
0.29,
0.265,
1.668333333,
1.594166667,
1.656666667,
1.410833333,
1.305,
2.219166667,
2.07,
2.684166667,
2.635833333,
2.416666667,
1.905,
1.405,
1.520833333,
2.729166667,
3.194166667,
2.768333333,
2.006666667,
1.395833333,
1.5025,
1.723333333,
1.313333333,
1.068333333,
1.248333333,
1.464166667,
2.6775,
2.5675,
2.62,
1.461666667,
1.4875,
1.461666667,
1.164166667,
2.5,
1.5675,
1.333333333,
1.073333333,
1.491666667,
1.684166667,
2.493333333,
2.719166667,
2.5475,
2.595833333,
1.935833333,
1.795,
1.655,
1.08,
0.765833333,
0.364166667,
0.29,
0.295,
1.044166667,
0.7425,
0.834166667,
1.591666667,
2.185833333,
2.441666667,
2.0575,
1.1325,
0.9175,
0.748333333,
1.145833333,
2.865,
2.930833333,
2.721666667,
2.485833333,
1.985833333,
1.7675,
1.74,
1.766666667,
1.4675,
0.875833333,
0.686666667,
0.323333333,
0.594166667,
1.440833333,
1.804166667,
1.636666667,
1.6875,
2.134166667,
1.919166667,
2.140833333,
2.4075,
2.945833333,
64.9975,
11.65916667,
37.18583333,
3.755,
3.416666667,
2.259166667,
2.446666667,
1.196666667,
0.7225,
0.185833333,
0.18,
0.18,
0.18,
0.18,
1.0275,
2.381666667,
2.714166667,
1.825,
1.691666667,
2.328333333,
1.836666667,
2.218333333,
2.729166667,
2.761666667,
2.893333333,
2.3175,
1.694166667,
1.0025,
0.8475,
0.8925,
0.360833333,
0.363333333,
0.6875,
0.2925,
0.2075,
0.186666667,
0.18,
0.213333333,
1.513333333,
2.011666667,
2,
0.990833333,
1.57,
2.473333333,
2.6025,
1.370833333,
1.345,
2.161666667,
2.451666667,
1.985,
2.7375,
2.771666667,
2.7525,
1.661666667,
1.2375,
1.096666667,
0.9625,
0.7625,
0.774166667,
0.591666667,
0.336666667,
0.370833333,
1.96,
2.468333333,
2.22,
1.663333333,
1.463333333,
1.6825,
2.225,
1.9525,
1.31,
2.001666667,
1.683333333,
2.601666667,
3.165,
2.510833333,
2.66,
1.941666667,
1.110833333,
0.500833333,
0.4625,
0.780833333,
0.7225,
0.626666667,
0.529166667,
0.556666667,
1.7725,
2.558333333,
2.7275,
1.344166667,
1.319166667,
1.784166667,
2.035,
2.2275,
2.8625,
3.48,
3.22,
3.014166667,
2.896666667,
2.549166667,
2.555,
1.6,
0.958333333,
1.039166667,
0.809166667,
0.661666667,
0.330833333,
0.328333333,
0.3675,
0.328333333,
1.643333333,
2.704166667,
2.761666667,
2.129166667,
2.2375,
2.503333333,
3.215,
2.689166667,
7.884166667,
2.425,
2.47,
2.785833333,
2.530833333,
2.425,
2.459166667,
1.53,
1.034166667,
1.823333333,
1.860833333,
1.659166667,
1.221666667,
1.02,
1.115833333,
0.643333333,
0.718333333,
1.169166667,
1.093333333,
1.465833333,
1.495833333,
1.69,
2.095,
2.5625,
2.665,
2.8175,
3.001666667,
2.569166667,
3.28,
3.369166667,
2.743333333,
2.71,
2.348333333,
2.089166667,
1.6225,
1.909166667,
1.501666667,
1.528333333,
1.514166667,
0.9725,
1.0175,
0.954166667,
0.736666667,
0.939166667,
1.5125,
1.156666667,
3.676666667,
4.094166667,
9.805833333,
1.365,
1.4525,
1.643333333,
6.685833333,
11.09666667,
46.60416667,
2.673333333,
2.321666667,
2.055,
1.279166667,
1.555833333,
1.424166667,
1.045833333,
0.3975,
0.403333333,
1.95,
2.783333333,
2.66,
1.609166667,
2.39,
4.895833333,
4.214166667,
7.268333333,
13.67666667,
10.80083333,
11.915,
2.954166667,
4.348333333,
3.155,
3.865833333,
2.016666667,
1.330833333,
0.449166667,
0.2125,
0.238333333,
0.2,
0.18,
0.18,
0.186666667,
0.4,
1.038333333,
0.565833333,
0.270833333,
0.835833333,
1.019166667,
1.904166667,
1.808333333,
1.815,
2.484166667,
2.268333333,
1.764642857,
1.9775,
1.4525,
2.26,
0.9025,
0.426666667,
0.361190476,
0.42452381,
0.2375,
0.198333333,
0.18,
0.18,
0.18,
0.3225,
0.9,
1.339166667,
0.88,
1.014166667,
1.386666667,
1.45,
1.5975,
1.6075,
1.063333333,
1.473452381,
2.09,
2.306785714,
1.8525,
2.476666667,
1.53,
0.685,
0.206666667,
0.18,
0.18,
0.111666667,
0.1125,
0.116666667,
0.18,
0.846666667,
2.129166667,
2.145833333,
1.540833333,
2.220833333,
2.666666667,
2.735,
2.608333333,
2.475,
2.575,
2.85,
2.410714286,
1.12,
0.814166667,
1.641666667,
0.818333333,
0.713690476,
0.665119048,
0.7175,
0.183809524,
0.181666667,
0.18,
0.18,
0.194166667,
1.455833333,
1.534166667,
2.184166667,
1.451666667,
2.151666667,
2.730833333,
2.936666667,
4.626666667,
5.273333333,
2.668333333,
3.000833333,
2.7325,
2.708333333,
2.7975,
1.755,
0.775833333,
0.901666667,
0.756666667,
0.7975,
0.81,
0.581666667,
0.331666667,
0.32,
0.2075,
0.400833333,
0.5825,
0.618333333,
0.431666667,
0.953333333,
1.769166667,
1.695,
1.880833333,
0.538333333,
0.474166667,
0.3425,
0.526666667,
2.370833333,
2.03,
1.328333333,
1.015833333,
0.774166667,
0.478333333,
0.766666667,
0.32,
0.373333333,
0.3625,
0.295,
0.29,
0.2925,
0.35,
0.358333333,
0.58,
0.724166667,
0.9675,
0.923333333,
1.4075,
2.049166667,
2.290833333,
2.014166667,
2.453333333,
2.76,
2.679166667,
1.971666667,
1.2675,
1.426309524,
0.821666667,
0.254166667,
0.273333333,
0.260833333,
0.231666667,
0.21,
0.243333333,
1.070833333,
1.8775,
2.2125,
1.226666667,
1.9375,
2.510833333,
1.87,
1.5,
1.4375,
1.765833333,
1.643333333,
2.123333333,
1.69,
1.7575,
2.605,
1.7925,
1.813333333,
0.916666667,
1.063333333,
0.969166667,
0.469166667,
0.528333333,
0.5,
0.961666667,
2.156666667,
2.5725,
2.669166667,
1.91,
2.18,
3.186666667,
2.389166667,
4.335,
13.16916667,
95.92,
99.55666667,
8.683333333,
3.245833333,
2.59,
2.981666667,
2.331666667,
2.381666667,
0.48,
0.261666667,
0.338333333,
0.286666667,
0.299166667,
0.29,
0.3725,
2.076666667,
2.6825,
2.526666667,
1.6825,
2.645833333,
2.710833333,
3.218333333,
3.0125,
9.730833333,
3.705833333,
9.074166667,
19.015,
4.74,
4.5475,
3.498333333,
2.349166667,
2.106666667,
1.619166667,
0.945833333,
1.0275,
0.47,
0.2925,
0.263333333,
0.226666667,
1.34,
2.574166667,
2.656666667,
1.185,
0.6275,
1.563333333,
1.790833333,
2.005,
2.498333333,
2.688809524,
2.537619048,
2.400238095,
2.640833333,
2.73,
2.4325,
2.006666667,
1.514166667,
1.379166667,
0.600833333,
0.9725,
0.7875,
0.5,
0.745833333,
1.174166667,
2.62,
2.755833333,
2.760833333,
1.801666667,
2.5575,
2.73,
2.788333333,
2.86,
2.811666667,
3.633571429,
9.210595238,
2.435357143,
2.581428571,
2.866666667,
2.570833333,
1.600833333,
1.519166667,
0.228333333,
0.183333333,
0.216666667,
0.239166667,
0.236666667,
0.23,
0.21,
0.276666667,
0.8275,
0.9575,
1.263333333,
0.949166667,
1.705,
2.194285714,
2.03202381,
1.546428571,
1.456666667,
1.34797619,
1.0625,
2.091904762,
2.549761905,
2.755833333,
2.613809524,
1.740238095,
1.616190476,
1.154047619,
1.139166667,
0.583452381,
0.559880952,
0.664404762,
0.536666667,
0.245357143,
0.445,
0.213333333,
0.5625,
0.875,
1.638333333,
1.069166667,
0.228333333,
0.18,
0.185,
0.185,
0.33,
1.951666667,
3.4575,
2.678333333,
1.735833333,
1.128333333,
0.754166667,
0.842142857,
0.308809524,
0.179642857,
0.2075,
0.349166667,
0.646666667,
2.675,
2.804166667,
2.9325,
2.805,
2.899166667,
3.248333333,
3.2225,
2.761666667,
2.740952381,
2.665833333,
2.75,
2.8325,
3.6025,
3.66,
3.09,
1.878333333,
0.315,
0.19,
0.17,
0.271666667,
0.243333333,
0.221666667,
0.2025,
0.2475,
1.6175,
2.25,
2.685,
0.7775,
2.309166667,
2.756666667,
2.126666667,
1.235833333,
2.716666667,
2.308333333,
2.69,
2.738333333,
2.724166667,
2.761666667,
2.775,
2.223333333,
2.1375,
1.6425,
1.88,
1.181666667,
0.41,
0.484166667,
0.673333333,
0.390833333,
2.470833333,
2.766666667,
2.785833333,
2.693333333,
2.640833333,
2.755,
3.011666667,
3.443333333,
3.639166667,
9.1125,
3.2075,
3.988333333,
5.7825,
3.161666667,
3.1,
3.0525,
2.843333333,
2.6375,
2.608333333,
2.66,
1.405,
1.55,
1.731666667,
2.695,
2.838333333,
3.800833333,
3.905833333,
2.994166667,
3.271666667,
5.0675,
7.999166667,
3.383333333,
3.766666667,
2.47,
1.121666667,
1.658333333,
2.180833333,
2.063333333,
1.075833333,
1.023333333,
2.003333333,
2.0775,
1.991666667,
0.809166667,
2.023333333,
1.980833333,
1.959166667,
1.685833333,
2.534166667,
2.8025,
2.845,
2.684166667,
2.605,
2.149166667,
1.651666667,
2.601666667,
2.613333333,
2.3175,
2.61,
2.4025,
2.2525,
1.92,
1.159166667,
1.058333333,
0.895833333,
1.156666667,
1.114166667,
0.624166667,
0.5,
0.5,
0.5,
0.45,
0.305,
0.315833333,
0.2975,
0.5325,
1.475,
0.669166667,
0.700833333,
0.639166667,
0.821666667,
0.414166667,
0.425,
0.626666667,
0.955,
2.746666667,
1.07,
1.371666667,
1.7575,
1.5025,
1.305833333,
0.364166667,
0.426666667,
0.360833333,
0.41,
0.284166667,
0.225,
0.530833333,
0.810833333,
1.149166667,
1.133333333,
0.985833333,
0.900833333,
1.705833333,
1.405,
1.485,
1.468333333,
1.504166667,
2.868333333,
16.15,
3.209166667,
2.673333333,
2.75,
2.751666667,
2.6325,
2.683333333,
2.395833333,
1.9125,
1.843333333,
1,
2.508333333,
3.55,
3.083333333,
1.545,
2.0625,
2.5675,
2.68,
2.790833333,
2.815,
2.780833333,
2.625,
2.611666667,
2.555833333,
3.1175,
1.614166667,
1.110833333,
0.399166667,
0.2475,
0.189166667,
0.233333333,
0.2125,
0.204166667,
0.191666667,
0.188333333,
1.974166667,
2.861666667,
2.881666667,
2.784166667,
2.863333333,
2.888333333,
2.810833333,
2.785833333,
2.880833333,
2.733333333,
2.730833333,
2.749166667,
2.756666667,
2.818333333,
2.783333333,
2.763333333,
2.773333333,
2.691666667,
1.404166667,
0.275,
0.735,
0.47,
1.114166667,
1.765833333,
2.831666667,
3.559166667,
4.554166667,
3.084166667,
3.043333333,
8.515,
3.691666667,
3.48,
2.844166667,
2.84,
2.963333333,
3.318333333,
3.018333333,
10.7,
2.79,
2.4475,
2.1,
2.02,
1.585833333,
1.935833333,
1.595833333,
1.474166667,
1.4475,
1.865833333,
2.6425,
3.118333333,
3.32,
2.451666667,
2.140833333,
2.65,
2.1975,
2.09,
1.955833333,
1.414166667,
1.98,
1.569166667,
1.640833333,
2.461666667,
2.09,
2.3425,
2.040833333,
1.440833333,
0.309166667,
1.093333333,
1.175833333,
1.276666667,
1.09,
1.983333333,
2.723333333,
3.961666667,
3.6,
2.784166667,
2.515,
2.180833333,
2.1425,
2.575,
2.2075,
1.8625,
2.3025,
2.3225,
2.605,
2.801666667,
2.7975,
2.751666667,
2.753333333,
2.798333333,
2.709166667,
2.515833333,
1.890833333,
1.905833333,
2.3825,
2.023333333,
2.446666667,
2.736666667,
2.79,
2.964166667,
3.1975,
4.721666667,
2.889166667,
2.835833333,
2.864166667,
2.989166667,
3.02,
4.1875,
14.3925,
15.60833333,
2.555,
3.005833333,
3.184166667,
2.78,
2.773333333,
2.7625,
2.75,
2.433333333,
1.925833333,
0.906666667,
1.303333333,
2.155,
1.845,
1.989166667,
2.75,
2.75,
2.659166667,
2.118333333,
2.0575,
2.28,
2.6,
2.875,
4.609166667,
3.386666667,
2.250833333,
2.885,
2.0975,
1.805833333,
0.483333333,
0.806666667,
0.420833333,
0.311666667,
0.38,
1.418333333,
2.8275,
3.535833333,
3.270833333,
2.75,
2.771666667,
2.609166667,
1.480833333,
0.8225,
0.6525,
0.8975,
0.774166667,
0.969166667,
0.994166667,
1.573333333,
1.910833333,
1.9275,
2.316666667,
2.220833333,
0.955,
0.754166667,
0.431666667,
0.251666667,
0.2925,
0.528333333,
2.396666667,
2.553333333,
2.3225,
1.92,
1.76,
1.999166667,
1.926666667,
1.4475,
1.1275,
0.623333333,
0.33,
0.32,
1.174166667,
2.545833333,
2.743333333,
2.781666667,
2.725,
2.371666667,
1.850833333,
0.401666667,
0.595833333,
0.805833333,
1.016666667,
1.198333333,
2.865833333,
3.715833333,
5.239166667,
2.2,
2.363333333,
2.443333333,
2.674166667,
2.424166667,
2.128333333,
1.555833333,
1.169166667,
1.6775,
2.075,
2.229166667,
2.795,
2.600833333,
2.159166667,
1.45,
0.478333333,
0.204166667,
0.305,
0.32,
0.3525,
0.288333333,
1.76,
2.480833333,
2.875833333,
2.995833333,
3.395,
2.821666667,
0.9025,
1.45,
1,
1.984166667,
1.988333333,
1.828333333,
2.606666667,
9.945833333,
3.025833333,
1.156666667,
2.000833333,
0.808333333,
0.465833333,
0.6275,
0.479166667,
0.4625,
0.466666667,
0.405833333,
2.865,
3.84,
2.95,
2.626666667,
4.120833333,
8.955833333,
3.3325,
2.789166667,
2.816666667,
2.716666667,
2.7875,
2.765833333,
2.76,
2.6625,
2.361666667,
0.925,
0.5675,
0.625833333,
0.470833333,
1.185,
1.734166667,
1.348333333,
0.97,
0.505833333,
0.741666667,
0.980833333,
1.333333333,
2.02,
1.988333333,
2.633333333,
2.150833333,
1.928333333,
1.999166667,
2.451666667,
2.014166667,
2.443333333,
3.065833333,
3.181666667,
2.645833333,
1.754166667,
1.940833333,
1.3125,
1.015,
0.81,
0.73,
0.731666667,
0.646666667,
0.304166667,
0.403333333,
0.775,
1.26,
1.758333333,
1.776666667,
1.5575,
1.514166667,
2.213333333,
1.971666667,
1.5625,
1.171666667,
2.005,
2.929166667,
3.160833333,
2.745,
2.683333333,
2.5175,
1.570833333,
0.881666667,
0.214166667,
0.42,
0.426666667,
0.463333333,
0.753333333,
2.1525,
2.605833333,
2.85,
2.59,
2.7175,
2.799166667,
2.615833333,
1.6825,
1.349166667,
1.4075,
1.71,
2.404166667,
2.305,
3.736666667,
2.510833333,
2.483333333,
2.045,
1.605,
1.463333333,
1.090833333,
1.2925,
0.900833333,
0.835833333,
0.670833333,
2.178333333,
4.705,
3.454166667,
2.508333333,
2.756666667,
3.091666667,
5.083333333,
3.075,
3.1875,
2.545,
2.619166667,
2.700833333,
3.061666667,
37.93083333,
2.480833333,
2.596666667,
2.264166667,
1.698333333,
1.248333333,
1.380833333,
0.854166667,
0.614166667,
0.495,
0.7225,
2.695833333,
3.435,
6.8625,
10.4125,
3.525833333,
9.816666667,
12.3975,
4.311666667,
3.136666667,
3.028333333,
2.923333333,
3.584166667,
6.875833333,
17.32916667,
4.809166667,
3.676666667,
2.959166667,
2.3475,
2.1125,
1.4925,
1.1575,
1.054166667,
1.085833333,
0.915833333,
2.271666667,
3.69,
10.5525,
3.271666667,
5.873333333,
4.913333333,
3.264166667,
2.784166667,
2.08,
1.9325,
1.771666667,
1.911666667,
2.623333333,
3.746666667,
2.184166667,
6.155,
3.8325,
1.236666667,
0.54,
0.510833333,
1.639166667,
1.899166667,
1.46,
1.110833333,
5.565952381,
19.90833333,
3.967261905,
2.408333333,
3.163333333,
3.058333333,
2.991666667,
2.5125,
1.990833333,
1.984166667,
1.9275,
2.291666667,
2.463333333,
3.069166667,
2.693333333,
2.416547619,
2.010238095,
1.528095238,
1.042261905,
2.17,
1.2325,
0.879166667,
1.123333333,
0.766666667,
1.7175,
1.775833333,
1.965,
7.831666667,
2.931666667,
1.866666667,
1.501666667,
1.233333333,
1.1575,
1.274166667,
1.245833333,
2.3525,
15.81166667,
6.094166667,
6.010833333,
6.9125,
4.201666667,
2.370833333,
2.390833333,
1.998333333,
2.983333333,
1.141666667,
1.1875,
1.774166667,
1.721666667,
2.118333333,
2.378333333,
4.525,
2.83,
2.324166667,
2.34,
1.409166667,
1.025833333,
1.234166667,
1.261666667,
1.815,
3.17,
6.926666667,
3.425833333,
2.985,
2.489166667,
1.614166667,
1.525833333,
1.284166667,
0.728333333,
0.233333333,
0.219166667,
0.274166667,
0.988333333,
0.994166667,
2.955,
2.4125,
3.016666667,
2.35,
1.9075,
1.620833333,
1.150833333,
0.246666667,
0.795833333,
1.5575,
1.833333333,
2.754166667,
2.810833333,
2.590833333,
2.2125,
1.099166667,
0.696666667,
0.5325,
0.53,
0.630833333,
0.4925,
0.79,
1.519166667,
2.18,
5.6075,
4.36,
1.9025,
0.97,
1.8075,
1.673333333,
2.080833333,
2.3075,
1.313333333,
2.536666667,
2.204166667,
6.739166667,
6.296666667,
6.125,
4.188333333,
2.513333333,
1.203333333,
0.545833333,
0.314166667,
0.2875,
0.264166667,
0.198333333,
0.296666667,
0.834166667,
1.734166667,
0.455833333,
0.631666667,
0.2875,
0.18,
0.18,
0.18,
0.18,
0.181666667,
0.19,
0.3575,
2.309166667,
2.54,
0.64,
0.413333333,
0.18,
0.18,
0.18,
0.18,
0.18,
0.179166667,
0.195,
0.810833333,
1.645,
3.584166667,
2.870833333,
253.1091667,
13.13583333,
5.813333333,
1.335,
1.525,
1.624166667,
1.519166667,
0.966666667,
2.045833333,
11.20666667,
9.756666667,
14.5175,
14.615,
4.791666667,
0.619166667,
0.318333333,
0.185833333,
0.18,
0.175833333,
0.18,
0.283333333,
0.459166667,
3.631666667,
1.980833333,
0.699166667,
0.879166667,
1.5225,
1.468333333,
1.208333333,
0.875,
0.535,
0.553333333,
1.515,
3.213333333,
1.655833333,
1.453333333,
1.08,
0.725833333,
0.375,
0.820833333,
0.653333333,
0.463333333,
0.585,
0.600833333,
0.27,
0.536666667,
0.18,
0.18,
0.256666667,
0.624166667,
0.901666667,
0.69,
0.621666667,
0.3775,
0.2725,
0.278333333,
1.708333333,
2.6075,
0.598333333,
0.24,
0.18,
0.1675,
0.283333333,
0.268333333,
0.263333333,
0.205833333,
0.181666667,
0.185833333,
0.18,
0.329166667,
0.465,
0.4725,
0.8775,
0.7,
0.345833333,
0.388333333,
0.495833333,
0.315,
0.3175,
0.31,
1.105,
1.303333333,
0.305833333,
0.284166667,
0.46,
0.359166667,
0.200833333,
0.186666667,
0.170833333,
0.175833333,
0.18,
0.245,
0.6075,
1.010833333,
0.6025,
0.19,
0.359166667,
0.356785714,
0.23547619,
0.220595238,
0.183214286,
0.199166667,
0.18,
0.18,
0.599166667,
2.085833333,
2.0425,
1.064761905,
1.551428571,
0.694642857,
0.401785714,
0.267857143,
0.255238095,
0.253928571,
0.260595238,
0.256547619,
0.708809524,
1.598333333,
2.4975,
0.67,
0.601666667,
0.845,
1.005,
1.0425,
0.584166667,
0.455,
0.2525,
0.200833333,
0.226666667,
2.2475,
3.008333333,
3.6,
2.98,
1.305833333,
0.264166667,
0.3025,
0.409166667,
0.545,
0.4475,
0.500833333,
1.013333333,
2.670833333,
226.9589286,
14.575,
2.1325,
2.043333333,
6.4375,
2.629166667,
1.738333333,
2.343333333,
2.691666667,
2.434166667,
0.745,
0.944166667,
1,
0.854166667,
2.175,
2.496666667,
1.431666667,
0.2825,
0.270833333,
0.301666667,
0.229166667,
0.2375,
0.3625,
0.651666667,
1.390833333,
1.266666667,
1.689166667,
2.384166667,
0.459166667,
0.666666667,
0.596666667,
0.3475,
0.405833333,
0.428333333,
1.075833333,
0.7,
0.3075,
0.313333333,
0.236666667,
0.18,
0.160833333,
0.1125,
0.166666667,
0.179166667,
0.169166667,
0.18,
0.344166667,
1.124166667,
1.806666667,
1.951666667,
1.813333333,
1.621666667,
1.340833333,
0.745,
0.481666667,
0.286666667,
0.26,
0.26,
0.26,
0.689166667,
0.498333333,
0.190833333,
0.18,
0.18,
0.18,
0.4025,
0.480833333,
0.401666667,
0.344166667,
0.268333333,
0.180833333,
0.579166667,
0.566904762,
1.105,
2.000833333,
1.320833333,
1.023333333,
0.33,
0.2525,
0.18,
0.193333333,
0.235,
1.5975,
2.544166667,
0.626666667,
0.695,
0.470833333,
0.6175,
0.426666667,
0.32,
0.370833333,
0.455,
0.473333333,
0.499166667,
0.5575,
0.7525,
0.7625,
1.491666667,
1.293333333,
2.158333333,
1.974166667,
0.931666667,
0.465,
0.331666667,
0.325,
0.491666667,
1.436666667,
2.468333333,
1.588333333,
2.035,
1.128333333,
0.615833333,
0.4025,
0.421666667,
0.3125,
0.326666667,
0.355833333,
0.4975,
0.744166667,
1.8575,
2.339166667,
1.93,
1.655,
2.0575,
2.52,
1.861666667,
1.305,
1.016666667,
0.7575,
0.986666667,
1.828333333,
2.344166667,
1.341666667,
0.856666667,
0.795,
0.56,
0.265833333,
0.18,
0.2125,
0.236666667,
0.180833333,
0.311666667,
1.44,
1.929166667,
2.079166667,
1.368333333,
2.3675,
0.805,
1.664166667,
1.459166667,
1.115,
0.805,
0.766666667,
0.786666667,
1.6625,
2.510833333,
2.7225,
2.106666667,
1.918333333,
1.085833333,
0.861666667,
0.963333333,
0.605833333,
0.680833333,
0.435833333,
0.323333333,
0.824166667,
2.014166667,
2.630833333,
1.7775,
1.245,
1.076666667,
1.368333333,
0.581666667,
0.5575,
0.4225,
0.761666667,
0.7325,
0.8125,
1.235833333,
0.625,
0.935833333,
0.9525,
0.609166667,
0.36,
0.651666667,
0.430833333,
0.325833333,
0.353333333,
0.393333333,
1.415833333,
2.486666667,
2.7575,
1.529166667,
1.834166667,
1.641666667,
2.335833333,
2.200833333,
1.689166667,
1.188333333,
1.368333333,
1.480833333,
1.9675,
2.09,
1.866666667,
1.944166667,
1.209166667,
0.695833333,
0.876666667,
0.739166667,
0.463333333,
0.528333333,
0.546666667,
0.663333333,
1.420833333,
1.911666667,
2.611666667,
1.625833333,
2.59,
2.5325,
2.934166667,
1.83,
1.411666667,
1.0725,
0.785833333,
1.010833333,
2.739166667,
2.536666667,
2.34,
1.201666667,
0.755,
0.321666667,
0.18,
0.454166667,
0.511666667,
0.694166667,
0.89,
0.864166667,
0.639166667,
0.800833333,
0.594166667,
0.819166667,
1.209166667,
1.146666667,
1.0725,
1.291666667,
0.850833333,
0.845,
0.750833333,
0.849166667,
2.655833333,
2.629166667,
1.554166667,
0.92,
0.865833333,
0.938333333,
0.796666667,
0.6075,
0.616666667,
0.665833333,
0.714166667,
0.53,
0.595833333,
1.086666667,
1.466666667,
1.528333333,
1.4625,
1.134166667,
0.598333333,
0.48,
0.463333333,
0.46,
0.574166667,
0.755833333,
2.365,
2.813333333,
1.454166667,
1.265833333,
0.974166667,
0.800833333,
0.7875,
0.514166667,
0.444166667,
0.511666667,
0.503333333,
0.646666667,
1.305833333,
2.19,
2.540833333,
0.899166667,
1.091666667,
0.969166667,
1.085,
0.32,
0.3175,
0.39,
0.333333333,
0.47,
0.613333333,
0.780833333,
0.975833333,
1.250833333,
1.034166667,
1.19,
0.683333333,
0.654166667,
0.32,
0.69,
0.539166667,
0.694166667,
1.279166667,
1.9225,
1.8625,
0.668333333,
0.579166667,
1.609166667,
1.246666667,
1.1675,
0.8725,
0.8375,
1.019166667,
1.005,
0.904166667,
1.005,
1.038333333,
1.955833333,
1.184166667,
1.276666667,
0.325833333,
0.2425,
0.239166667,
0.230833333,
0.18,
0.298333333,
0.774166667,
1.31,
0.800833333,
0.24,
0.275,
0.570833333,
0.398333333,
0.201666667,
0.185,
0.190833333,
0.216666667,
0.509166667,
0.8175,
0.755833333,
1.198333333,
1.323333333,
1.03,
0.851666667,
0.7225,
0.614166667,
0.341666667,
0.5175,
0.528333333,
0.615833333,
1.644166667,
2.385833333,
2.5975,
1.69,
2.505,
2.756666667,
8.635833333,
2.631666667,
1.054166667,
1.244166667,
1.035833333,
1.100833333,
2.063333333,
2.596666667,
2.6375,
1.931666667,
2.179166667,
1.184166667,
0.85,
1.13,
0.759166667,
0.730833333,
0.69,
0.880833333,
2.535833333,
2.924166667,
2.896666667,
2.616666667,
2.713333333,
17.04,
2.105,
1,
1,
1,
0.794166667,
0.38,
0.32,
0.32,
0.761666667,
2.563333333,
2.6525,
1.788333333,
1.314166667,
0.465,
0.3125,
0.3125,
0.294166667,
0.264166667,
0.315,
0.746666667,
0.955,
1.626666667,
1.7225,
1.570833333,
1.378333333,
1.666666667,
1.09,
0.9725,
1.184166667,
1.360833333,
2.921666667,
2.935833333,
2.685,
2.0675,
1.863333333,
1.424166667,
1.385,
1.099166667,
0.577619048,
0.759166667,
0.445,
0.32,
0.58,
0.95,
1.346666667,
1.275833333,
1.386666667,
1.281666667,
0.541666667,
0.7075,
0.698333333,
0.683333333,
0.694166667,
0.9525,
2.831666667,
2.3325,
0.973333333,
2.516666667,
2.3675,
0.885833333,
0.371666667,
0.4375,
0.441666667,
0.476666667,
0.484166667,
0.470833333,
1.898333333,
2.404166667,
2.416666667,
2.088333333,
2.3225,
1.918333333,
1.466666667,
2.395,
0.798333333,
0.750833333,
0.58,
0.5225,
0.666666667,
0.6375,
0.5925,
0.5875,
0.376666667,
0.305,
0.315,
0.35,
0.32,
0.688333333,
0.68,
0.916666667,
1.743333333,
2.590833333,
2.730833333,
1.223333333,
0.854166667,
1.166666667,
1.345833333,
0.833333333,
0.461666667,
0.31,
0.2475,
0.29,
0.323333333,
0.315,
0.295,
0.29,
0.330833333,
0.394166667,
0.289166667,
0.276666667,
0.181428571,
0.179642857,
0.203571429,
0.199642857,
0.760952381,
1.525833333,
1.445833333,
0.655,
0.493333333,
0.505,
1.010833333,
0.6775,
0.32,
0.45,
0.4175,
0.324166667,
0.683333333,
1.091666667,
1.229166667,
1.47,
0.834166667,
0.580833333,
0.588333333,
0.318333333,
0.3075,
0.3,
0.29,
0.29,
1.4625,
1.105833333,
1.604166667,
0.66,
0.5875,
0.795,
0.725,
0.765833333,
0.583333333,
0.32,
0.3175,
0.2925,
0.2075,
0.654166667,
0.303333333,
0.285833333,
0.2425,
0.190833333,
0.1725,
0.18,
0.1675,
0.123333333,
0.104166667,
0.173333333,
0.3625,
1.111666667,
1.238333333,
0.89,
1.2325,
1.3625,
1.205,
1.015833333,
1.130833333,
1.098333333,
1.344166667,
1.615833333,
2.3175,
2.068333333,
2.008333333,
1.075,
0.6875,
0.751666667,
0.566666667,
0.541666667,
0.773333333,
0.686666667,
0.265,
0.223333333,
0.609166667,
0.740833333,
1.271666667,
1.6775,
0.883333333,
1.240833333,
0.746666667,
0.535833333,
0.688333333,
0.513333333,
0.501666667,
0.504166667,
1.985,
2.728333333,
1.153333333,
1.1725,
1.6725,
0.9925,
0.995833333,
0.6275,
0.650833333,
0.749166667,
0.421666667,
0.228333333,
0.790833333,
1.0325,
0.6275,
0.551666667,
0.801666667,
1.129166667,
1.201666667,
0.999166667,
0.8725,
1.0925,
0.8775,
1.2625,
10.15083333,
5.094166667,
2.539166667,
8.563333333,
2.234166667,
1.331666667,
1.216666667,
0.860833333,
1.094166667,
0.786666667,
0.7825,
0.828333333,
1.684166667,
2.645833333,
1.346666667,
0.335833333,
0.205,
0.840833333,
0.891666667,
0.488333333,
0.346666667,
0.606666667,
0.181666667,
0.68,
0.540833333,
0.963333333,
1.261666667,
1.655,
2.593333333,
1.6475,
1.320833333,
0.5,
0.441666667,
0.429166667,
0.2975,
0.44,
1.304166667,
2.255,
2.781666667,
1.7925,
2.351666667,
2.225,
1.870833333,
0.6775,
0.7525,
0.495,
0.524166667,
0.7575,
3.23,
6.024166667,
2.955,
2.423333333,
2.514166667,
2.4525,
0.508333333,
1.0925,
0.568333333,
0.369166667,
0.32,
0.471666667,
1.660833333,
1.655,
2.570833333,
2.450833333,
2.590833333,
2.695,
2.248333333,
1.766666667,
1.248333333,
0.8525,
0.479166667,
0.409166667,
1.108333333,
2.195,
1.1025,
0.734166667,
0.790833333,
0.565,
0.383333333,
0.41,
0.345833333,
0.241666667,
0.185833333,
0.203333333,
1.398333333,
2.249166667,
22.0225,
2.5525,
1.3525,
1.510833333,
0.825,
0.624166667,
0.521666667,
0.3725,
0.395,
0.795833333,
2.4675,
2.806666667,
2.828333333,
2.905,
2.726666667,
2.690833333,
1.4675,
0.953333333,
0.7,
0.681666667,
0.365,
0.716666667,
2.701666667,
2.703333333,
3.445,
3.3075,
2.776666667,
2.6475,
2.879166667,
2.756666667,
2.0575,
1.726666667,
1.36,
1.411666667,
2.143333333,
1.715833333,
1.8375,
1.293333333,
1.375833333,
0.581666667,
0.319166667,
0.275,
0.283333333,
0.1875,
0.185833333,
0.210833333,
0.1325,
0.195833333,
0.263333333,
1.023333333,
0.513333333,
0.595833333,
0.655833333,
0.606666667,
0.394166667,
0.4425,
0.396666667,
0.505833333,
2.250833333,
2.768333333,
1.474166667,
1.350833333,
0.661666667,
0.3825,
0.305,
0.261666667,
0.2725,
0.2975,
0.1825,
0.245,
0.24,
0.198333333,
0.381666667,
0.765,
1.058333333,
1.770833333,
1.439166667,
1.026666667,
1.404166667,
1.965833333,
1.123333333,
2.225833333,
3.166666667,
3.6875,
2.915,
3.03,
2.09,
0.950833333,
0.701666667,
0.645833333,
0.413333333,
0.306666667,
0.216666667,
0.335,
1.854166667,
2.3525,
2.6825,
2.7975,
2.831666667,
2.923333333,
3.323333333,
2.931666667,
2.758333333,
2.704166667,
2.7725,
2.773333333,
3.0425,
3.475,
2.915833333,
2.928333333,
2.9875,
1.740833333,
0.9275,
0.5,
0.5,
0.5,
0.32,
0.400833333,
1.715,
2.755,
2.796666667,
9.140833333,
3.3475,
3.064166667,
3.498333333,
2.721666667,
1.878333333,
1.2175,
0.899166667,
0.953333333,
2.209166667,
2.620833333,
1.9475,
1.055833333,
0.634166667,
0.559166667,
0.779166667,
0.5,
0.5,
0.5,
0.4825,
0.5,
2.7775,
2.781666667,
60.20833333,
2.018333333,
2.335,
2.779166667,
2.345,
1.204166667,
0.815,
0.459166667,
0.3575,
0.2875,
0.526666667,
0.674166667,
1.056666667,
1.929166667,
1.334166667,
0.866666667,
0.324166667,
0.318333333,
0.234166667,
0.2125,
0.18,
0.361666667,
1.836666667,
1.030833333,
3.925833333,
3.409166667,
1.73,
3.6825,
2.654166667,
2.459166667,
0.9925,
0.896666667,
0.805,
0.646666667,
0.68,
0.938333333,
1.201666667,
0.854166667,
0.515833333,
0.284166667,
0.275,
0.395,
0.5,
0.5,
0.5,
0.5,
1.514166667,
1.2625,
2.830833333,
1.4775,
1.459166667,
2.485833333,
1.6075,
0.818333333,
0.48,
0.573333333,
0.545,
1.028333333,
2.2925,
2.03,
1.8775,
1.385,
1.47,
1.136666667,
0.530833333,
0.569166667,
0.235833333,
0.18,
0.226666667,
0.298333333,
0.55,
0.638333333,
1.126666667,
1.3975,
1.438333333,
2.073333333,
2.146666667,
1.188333333,
1.238333333,
0.788333333,
0.695,
0.878333333,
2.625,
2.735,
1.155833333,
0.326666667,
0.295,
0.18,
0.1775,
0.18,
0.215833333,
0.4125,
0.334166667,
0.22,
0.18,
0.205833333,
0.295833333,
0.554166667,
0.508333333,
1.355,
1.156666667,
0.789166667,
0.483333333,
0.3525,
0.213333333,
0.229166667,
1.708333333,
1.895,
0.324166667,
0.328333333,
0.2925,
0.195,
0.173333333,
0.168214286,
0.17702381,
0.178333333,
0.174166667,
0.18,
0.841666667,
0.676666667,
0.753333333,
0.26,
0.325,
0.244166667,
0.2825,
0.704166667,
0.7,
0.7,
0.428333333,
0.555,
0.6575,
0.7375,
0.811666667,
0.365833333,
0.188333333,
0.1625,
0.128333333,
0.1775,
0.11,
0.170833333,
0.171666667,
0.18,
0.7,
0.79,
1.32,
0.664166667,
1.259166667,
1.018333333,
0.804166667,
1.094166667,
0.653333333,
0.605,
0.623333333,
0.7,
1.515833333,
1.210833333,
0.739166667,
0.52,
0.455,
0.3325,
0.18,
0.18,
0.179166667,
0.103333333,
0.106666667,
0.1525,
0.67,
0.781666667,
2.0575,
0.716666667,
0.7,
0.753333333,
0.666666667,
0.630833333,
0.431666667,
0.28,
0.18,
0.34,
0.6525,
0.7025,
0.62,
0.645,
0.605833333,
0.438333333,
0.191666667,
0.18,
0.178333333,
0.163333333,
0.163333333,
0.185,
1.11,
1.548333333,
2.591666667,
2.7425,
2.786666667,
2.521666667,
1.475,
2.811666667,
2.778333333,
2.81,
2.751666667,
1.69,
2.828333333,
2.8475,
2.825833333,
2.73,
1.21,
0.575833333,
0.333333333,
0.319166667,
0.23,
0.2125,
0.22,
0.308333333,
1.64,
2.4525,
2.571666667,
2.748333333,
2.784166667,
2.778333333,
2.948333333,
2.5775,
2.829166667,
2.825833333,
2.83,
1.6525,
2.750833333,
2.32,
1.795833333,
0.481666667,
0.3525,
0.1975,
0.178333333,
0.18,
0.18,
0.18,
0.194166667,
0.210833333,
0.188333333,
0.188333333,
0.1975,
0.1975,
0.255,
0.373333333,
1.091666667,
0.34,
0.565833333,
0.3525,
0.315,
0.515,
4.034166667,
2.746666667,
0.869166667,
0.82,
0.3175,
0.3025,
0.253333333,
0.225,
0.211666667,
0.285833333,
0.264166667,
0.203333333,
0.218333333,
0.18,
0.198333333,
0.245,
0.189166667,
0.2375,
0.228333333,
0.2925,
0.25,
0.241666667,
0.189166667,
0.484166667,
2.105,
3.055833333,
2.7625,
2.655833333,
2.178333333,
0.364166667,
0.29,
0.289166667,
0.345833333,
0.195,
0.273333333,
1.043333333,
1.896666667,
2.306666667,
2.933333333,
2.261666667,
2.599642857,
2.191547619,
1.788333333,
1.3525,
1.098333333,
0.720833333,
1.176666667,
0.793333333,
1.234166667,
1.665,
1.1025,
0.982619048,
1.005714286,
0.482380952,
0.289285714,
0.324642857,
0.294404762,
0.182142857,
0.31047619,
0.498690476,
2.026309524,
2.275952381,
1.847142857,
1.368095238,
2.275833333,
2.6175,
3.168333333,
3.134166667,
2.470833333,
1.98,
1.875,
1.985833333,
2.923333333,
2.935,
2.23,
2.2625,
2.096666667,
1.921666667,
0.678333333,
