MpAlias,csv.eprt.sync.1_0_0,
PNodeAlias,w.caiso.n15,
MethodAlias, caisoenergyonline.from5min.dubious
Comment,Taking the average of the ~5 minute prices, rounded to 3 decimals
StartYearUtc,2019,
StartMonthUtc,1
StartDayUtc,1
StartHourUtc,8
StartMinuteUtc,0
UniformSliceDurationHrs,1
TimezoneString,US/Pacific
CurrencyUnit,USD,
PriceUid,e37ada67-de50-45a0-996d-de29e91428f9,
Header,Real Time LMP Electricity Price (Currency Unit/MWh)
31.562
34.767
33.223
33.627
34.393
34.243
36.886
33.466
20.648
17.454
18.276
13.069
7.882
8.943
11.875
29.396
45.134
43.087
40.125
42.772
59.128
67.534
46.132
46.002
39.3
40.307
40.856
39.851
43.587
37.699
41.629
40.314
34.154
29.299
30.768
38.047
27.417
25.252
25.684
29.772
37.34
56.014
43.325
42.137
41.954
44.088
41.718
40.319
38.677
41.067
40.482
40.069
36.953
39.116
42.653
43.935
32.387
28.182
26.301
25.743
24.997
23.85
27.437
28
42.767
52.089
47.008
65.366
55.638
43.669
43.464
39.251
37.106
36.414
35.359
35.057
36.827
39.367
45.207
47.784
30.909
29.122
29.696
29.721
27.588
26
30.388
30.06
123.836
45.522
39.985
59.811
61.971
41.563
40.471
38.41
37.051
38.54
47.656
42.126
39.539
37.459
35.97
44.433
72.473
250.241
48.348
144.467
152.204
97.014
52.998
37.65
33.81
29.828
30.397
44.808
45.306
43.318
37.398
35.403
34.874
36.882
31.799
28.661
28.861
27.19
27.287
27.617
20.736
27.921
24.152
27.039
33.361
55.496
31.622
30.017
33.634
28.451
29.887
33.646
34.034
28.715
26.405
26.78
26.854
30.151
29.772
30.723
30.772
42.368
48.728
49.043
102.553
25.989
21.451
19.483
23.142
23.556
25.14
22.87
33.46
46.811
49.73
64.031
49.013
45.095
38.145
39.387
34.907
43.981
40.36
33.118
31.35
30.948
35.799
49.467
34.347
25.76
30.145
32.191
36.02
55.485
29.779
35.957
36.048
44.022
49.176
52.073
48.021
40.577
36.129
35.131
34.441
31.122
30.284
30.941
34.613
29.718
35.607
38.845
28.252
31.29
32.196
31.68
29.077
29.967
29.988
26.628
24.906
33.946
42.467
61.993
43.313
32.236
35.106
28.087
25.617
25.715
25.338
26.296
25.436
25.269
28.323
29.383
27.298
25.674
21.524
21.917
22.809
23.172
22.307
27.498
28.783
35.794
41.381
47.151
41.114
45.472
34.883
33.197
36.784
31.471
33.207
33.552
36.57
36.605
39.492
36.614
36.217
32.098
28.22
24.455
24.193
26.208
28.929
25.735
36.452
35.975
32.513
32.334
38.153
37.778
36.694
33.218
35.245
33.074
33.152
32.714
33.83
32.05
34.677
37.507
63.315
28.87
24.539
22.46
23.387
21.016
22.274
25.61
60.885
29.843
32.528
345.768
118.174
107.104
42.222
44.36
34.634
35.305
37.468
35.481
37.613
33.592
36.347
41.934
25.446
22.469
21.172
20.723
24.048
26.937
29.825
75.031
33.566
36.897
38.685
40.195
40.859
36.935
31.11
32.305
36.26
34.576
32.945
33.802
30.548
29.28
31.094
131.695
225.245
52.612
116.874
82.817
78.373
62.844
60.291
46.844
36.844
38.539
42.919
47.471
44.692
41.653
49.109
38.224
38.462
38.325
36.362
34.358
35.927
29.746
35.173
52.157
123.624
77.367
45.657
43.579
46.237
93.555
51.197
46.208
48.302
44.972
47.529
286.598
417.246
50.361
47.364
38.535
41.69
40.275
39.652
39.203
35.713
33.504
57.165
66.292
39.367
39.101
47.772
40.588
40.885
40.116
42.639
48.65
44.578
52.213
47.427
55.988
64.995
44.561
39.913
36.893
38.799
35.45
34.746
36.367
40.093
41.428
39.408
45.023
44.024
39.636
39.755
44.15
40.575
32.259
54.233
51.675
40.194
43.914
42.205
42.551
44.201
34.379
35.634
33.174
34.073
32.479
30.76
30.869
32.232
32.022
37.829
43.82
30.72
31.267
26.937
16.871
33.321
27.61
17.522
30.378
35.162
45.645
44.602
47.218
49.819
42.197
44.396
44.99
42.978
37.622
38.239
36.858
35.785
36.462
41.875
38.659
27.138
20.295
15.812
13.586
14.573
18.807
20.74
19.794
32.997
31.644
37.269
47.156
53.175
49.771
46.894
46.608
38.983
38.751
32.888
31.873
30.44
31.06
29.145
28.857
30.768
32.092
26.045
22.847
17.44
12.741
46.824
39.936
25.874
27.184
25.283
26.337
35.874
31.976
37.466
34.689
29.579
30.362
27.416
30.408
34.922
39.38
160.518
155.664
58.422
23.035
7.877
16.054
18.765
21.721
21.868
20.639
32.604
37.251
38.977
30.395
28.318
26.503
26.114
24.275
26.366
27.608
33.555
33.555
30.164
32.946
44.352
47.437
22.896
15.26
20.457
23.357
25.261
23.623
23.872
21.823
31.224
46.569
58.411
47.061
49.811
40.866
35.92
33.285
33.815
33.166
30.599
30.851
32.083
31.276
55.986
45.603
15.839
18.278
20.491
16.699
24.021
16.432
6.733
13.114
25.117
32.078
35.819
35.342
56.796
38.784
35.208
30.619
36.841
34.719
32.138
32.693
34.019
35.158
36.906
38.431
27.082
20.995
12.471
8.062
19.328
19.545
17.526
22.181
30.011
32.494
36.182
34.969
34.49
36.095
37.643
36.871
31.955
32.204
32.551
31.844
34.397
33.073
46.455
47.77
26.044
27.749
32.189
27.346
23.591
23.149
27.29
19.8
30.835
44.186
52.67
44.864
61.288
43.711
68.737
40.684
34.699
36.354
36.454
37.65
32.982
39.115
35.006
31.227
14.948
14.502
22.144
22.969
21.438
21.867
20.811
24.76
34.393
40.242
43.35
39.97
39.456
38.866
39.63
35.576
36.813
38.462
37.761
36.162
33.484
32.514
31.649
41.455
34.972
21.082
22.301
20.648
7.969
10.932
16.099
17.121
33.735
41
45.061
45.128
40.895
34.527
33.793
34.349
31.649
30.458
34.587
41.608
37.95
124.942
63.636
45.005
30.939
37.206
37.1
31.846
29.436
25.908
36.686
234.482
36.016
40.778
54.203
50.34
52.613
46.378
172.716
39.24
38.494
35.915
34.073
37.759
33.235
30.784
32.584
40.824
38.283
37.011
32.588
26.982
29.016
35.563
33.29
122.951
38.439
46.515
127.966
43.926
44.999
38.419
37.839
33.708
30.699
31.821
31.003
32.245
31.813
31.862
34.356
45.615
42.633
36.168
28.969
22.567
20.995
20.737
22.603
27.453
37.663
38.034
45.173
43.375
38.103
34.705
36.842
36.27
33.621
33.116
32.512
31.828
32.613
30.943
34.277
70.402
45.585
40.417
34.104
27.342
32.101
31.407
27.423
23.361
42.797
38.411
45.983
43.466
43.113
38.485
39.103
37.899
37.254
36.827
36.228
39.219
37.123
38.967
41.121
42.639
27.54
27.22
31.703
37.612
36.838
39.054
35.132
78.996
49.426
39.907
38.315
37.255
37.28
37.021
41.962
34.322
32.145
32.818
31.27
31.124
35.423
34.251
28.126
29.627
449.71
37.834
28.191
30.1
36.706
28.444
27.504
37.631
27.989
33.304
32.919
38.675
47.471
38.623
34.839
31.481
29.772
29.05
31.785
29.459
29.598
29
27.226
31.325
22.847
20.912
10.472
26.827
24.477
15.991
19.994
17.629
24.293
26.068
27.302
36.198
36.606
39.988
36.163
33.767
34.095
29.193
30.767
29.591
31.816
28.931
28.258
37.066
35.831
28.8
27.636
108.206
29.857
35.907
32.567
34.871
40.449
44.806
48.862
47.789
45.815
41.823
51.842
47.761
64.096
58.769
58.918
56.873
57.626
64.989
80.259
76.903
44.958
42.243
32.431
35.03
52.101
48.244
42.306
60.203
62.145
69.881
96.734
74.789
105.346
87.933
81.953
60.532
55.624
61.259
68.08
76.289
67.251
91.096
124.14
137.618
48.495
50.312
36.045
33.479
28.442
32.921
27.535
31.677
53.184
89.954
136.895
143.68
127.642
132.308
118.102
146.186
172.748
108.921
112.596
115.219
121.862
120.464
184.972
162.657
67.162
60.958
50.16
68.122
70.01
29.69
21.343
44.072
62.723
131.198
196.644
185.721
175.514
141.704
127.784
96.824
112.583
123.429
118.404
116.171
132.041
148.002
176.97
142.235
47.098
62.46
77.304
99.515
93.088
109.371
95.1
67.734
118.365
146.086
149.088
140.836
129.313
120.573
124.97
104.852
98.948
93.104
95.076
94.458
83.562
72.638
97.782
97.33
82.099
126.575
109.306
94.039
105.245
49.469
22.164
45.866
77.704
111.813
107.938
95.152
99.396
93.272
102.541
95.093
102.028
98.532
102.633
106.731
108.343
111.786
116.109
75.783
48.692
68.316
52.939
40.209
36.358
51.732
40.664
17.986
60.129
128.285
127.652
120.356
126.775
109.808
79.52
58.038
72.093
65.387
64.883
94.22
118.671
118.892
163.277
132.551
42.94
68.427
51.307
65.446
56.63
50.902
37.322
44.356
74.739
119.296
132.347
128.082
119.777
112.371
106.339
91.035
55.077
57.376
56.617
59.155
59.546
58.673
70.715
54.656
41.607
61.11
85.937
52.282
69.568
238.344
139.634
96.964
67.225
68.984
74.674
68.653
95.915
85.995
151.11
56.307
54.218
49.408
46.859
45.224
43.27
53.527
58.266
234.734
97.28
86.431
56.283
70.085
273.607
197.771
82.683
74.511
79.197
84.323
82.719
77.299
107.106
88.172
82.756
65.619
40.884
58.386
53.013
54.745
58.635
65.632
65.14
71.636
131.188
183.01
53.987
31.001
54.083
53.781
50.053
43.974
55.972
70.311
67.946
83.113
89.924
94.716
62.71
58.834
45.843
29.263
49.569
38.403
47.729
58.754
75.549
85.447
145.093
42.701
41.649
32.375
37.463
42.259
55.937
83.394
67.234
71.939
73.548
80.307
76.781
113.894
67.855
66.942
69.239
61.56
57.382
63.093
59.644
59.777
66.693
64.293
27.202
15.196
61.294
7.998
52.547
3.375
38.903
28.37
59.45
73.604
83.406
82.712
74.755
55.56
58.523
54.656
60.833
67.614
75.069
71.119
63.141
63.873
69.518
62.605
85.082
69.807
71.297
62.869
64.972
56.187
44.419
14.276
85.121
109.486
122.424
103.416
101.588
80.65
81.189
77.928
69.18
67.77
69.545
86.919
73.497
80.203
93.065
78.773
33.213
19.183
46.945
47.956
32.847
39.232
29.989
35.794
50.278
99.671
127.332
118.897
116.777
79.281
84.352
69.953
71.693
81.436
92.826
93.611
118.253
108.622
144.028
97.592
35.413
19.138
23.406
19.96
28.624
3.015
4.13
16.5
48.799
321.662
110.308
92.754
71.502
53.599
47.596
46.519
39.895
45.171
31.103
46.214
65.633
68.7
77.702
51.621
50.808
78.606
32.691
38.01
48.302
96.655
94.925
61.376
63.946
83.003
95.989
90.337
101.887
90.839
97.583
79.367
73.506
71.916
68.114
68.49
61.968
58.272
72.205
81.687
277.364
55.788
53.104
54.252
41.048
38.543
42.01
71.435
59.117
66.021
66.133
69.859
91.371
126.982
71.901
64.032
53.218
55.879
54.623
53.685
64.755
58.243
52.814
50.171
20.534
17.83
6.698
15.02
-0.006
-0.002
-0.01
3.78
17.659
42.153
46.609
50.648
57.625
50.105
62.659
63.534
64.299
46.582
40.919
44.344
43.286
51.819
55.744
18.165
3.816
16.453
10.804
11.944
12.075
13.955
16.922
26.008
70.248
52.636
44.675
42.314
50.754
55.297
48.155
43.17
46.179
41.502
41.862
42.318
43.542
47.675
53.138
40.741
25.974
26.452
14.962
2.459
2.297
3.951
-0.011
8.562
38.428
52.926
46.307
51.841
61.707
56.243
44.506
38.115
39.905
50.479
46.166
46.217
44.734
59.604
67.291
114.812
17.191
23.537
24.708
29.151
39.293
55.987
55.854
57.678
59.703
68.278
76.268
65.8
63.148
49.92
52.136
51.34
42.588
40.854
40.919
42.379
44.598
47.673
51.505
41.284
70.465
49.415
68.251
68.27
164.618
162.125
159.138
373.588
61.195
63.018
68.98
69.898
105.464
57.228
52.973
39.162
36.479
38.745
41.186
39.306
37.306
40.228
50.158
51.469
41.753
49.158
45.648
38.945
27.295
39.237
48.1
48.34
41.71
53.272
56.216
56.35
63.842
44.698
49.514
39.189
35.634
35.732
40.86
50.379
52.529
44.721
46.039
28.716
60.903
91.529
49.022
40.95
38.358
43.723
58.273
36.433
33.701
56.061
120.431
83.406
72.99
265.638
54.918
40.529
34.276
33.629
40.225
35.961
37.156
40.033
67.32
452.56
60.243
31.812
33.197
44.537
68.166
219.631
59.853
48.751
151.885
62.208
109.698
90.427
88.855
87.715
108.225
48.848
70.157
55.636
58.844
70.08
87.813
65.77
68.547
104.673
71.286
71.322
47.118
49.42
78.742
59.541
13.987
32.065
48.856
75.778
97.112
72.462
92.934
79.145
97.813
66.985
67.773
61.111
61.754
60.829
53.839
48.368
69.321
42.388
60.871
41.112
55.269
48.408
15.434
10.499
-8.995
2.814
31.309
55.534
80.548
80.958
76.08
63.637
56.564
46.221
44.775
41.148
41.279
40.81
42.251
51.282
76.159
49.584
19.65
19.24
40.868
46.334
41.704
41.81
45.476
48.288
47.663
63.622
97.394
99.161
100.064
85.064
81.458
62.554
49.404
47.396
43.482
43.7
44.131
44.945
58.847
49.057
52.479
41.345
36.126
43.14
40.855
40.368
42.121
31.266
38.904
55.808
60.044
50.88
54.209
50.69
94.421
46.299
37.097
37.08
38.21
30.165
33.681
37.253
39.476
44.91
41.886
41.182
35.826
39.936
33.357
28.419
31.577
39.985
33.06
48.013
50.485
52.456
50.558
37.401
37.721
33.062
35.295
33.735
30.337
31.907
30.892
38.392
50.653
27.413
21.787
29.39
29.66
27.753
27.955
37.36
37.178
45.219
44.124
55.049
250.432
68.053
55.47
47.386
48.138
33.546
37.87
32.863
33.053
36.345
34.522
32.785
42.419
20.955
1.794
10.106
14.198
31.46
12.467
0.013
9.849
6.192
19.183
39.395
63.572
54.848
82.813
42.22
42.072
38.512
35.911
32.984
39.085
36.393
37.983
35.235
33.678
13.743
17.925
27.202
33.143
28.734
23.134
29.594
32.545
38.015
44.968
43.408
62.895
46.538
43.368
43.808
49.019
42.412
56.097
38.096
36.329
31.873
32.624
35.246
38.095
37.423
38.581
28.258
8.944
20.374
21.406
23.974
25.264
107.504
41.067
44.3
61.219
53.107
53.449
46.774
45.928
48.789
41.108
40.506
50.836
42.898
44.6
61.026
85.15
45.517
36.595
30.416
184.997
494.568
43.937
34.851
24.465
1.095
22.859
44.955
58.31
51.642
49.095
88.956
350.019
38.655
43.882
36.746
28.721
30.653
38.958
45.171
67.593
35.417
27.948
18.775
-1.27
-3.057
-4.273
1.892
-0.285
8.849
23.785
134.645
64.123
51.063
356.788
199.227
52.011
197.421
33.818
30.275
29.418
26.815
27.233
34.253
38.665
15.462
2.03
-0.007
-0.01
-3.148
-0.01
-0.011
-0.01
-0.005
16.466
34.788
47.701
42.567
44.411
38.06
28.989
32.364
28.272
31.579
26.845
31.355
37.944
57.215
58.472
19.042
13.779
10.835
17.197
4.068
0.045
-0.011
-0.011
1.248
15.059
37.807
44.673
41.023
37.807
35.958
35.612
33.223
30.489
29.04
27.041
27.197
30.835
39.971
48.512
13.037
13.955
6.272
6.414
1.409
0.967
0.004
8.056
5.639
14.806
35.96
50.308
49.627
46.22
49.512
38.993
33.574
34.18
32.502
30.779
32.054
32.814
36.617
34.941
14.301
11.876
7.481
0.001
-0.009
-0.011
-0.01
-0.024
2.879
14.452
34.091
40.443
38.512
41.286
38.411
36.202
32.609
34.984
32.51
31.76
30.807
30.958
137.18
32.626
15.045
1.727
0.08
-0.01
-0.01
-0.011
-0.01
6.991
9.169
20.633
34.38
40.272
38.529
41.647
31.612
30.521
34.691
33.186
32.497
34.148
31.79
30.506
36.974
40.726
16.269
20.707
24.606
24.166
23.537
21.458
23.665
27.655
23.899
103.138
45.141
46.568
49.352
47.623
37.317
30.67
28.388
26.144
23.604
22.699
25.315
26.465
32.102
35.489
26.676
30.67
30.746
23.14
24.785
26.321
28.646
58.035
39.064
36.642
30.685
32.525
33.91
29.57
26.289
24.759
31.532
27.81
22.228
21.816
29.459
27.303
32.499
43.27
590.942
43.225
27.042
22.104
25.555
520.389
34.479
44.566
29.043
28.3
33.209
34.101
32.263
31.001
34.284
30.158
24.663
23.712
23.635
23.891
27.271
29.817
44.545
146.969
35.612
26.564
18.875
21.65
20.494
22.189
16.429
13.414
16.489
20.319
24.854
33.266
27.954
22.184
21.235
18.464
19.385
17.872
17.285
17.848
22.529
23.079
30.537
32.601
14.72
19.829
21.341
15.866
13.359
0.518
18.993
17.66
16.826
21.83
25.883
38.643
43.47
36.526
32.021
32.78
143.428
28.911
28.593
28.638
128.004
25.206
22.84
21.956
27.053
23.32
26.938
18.552
1.447
-0.011
-0.011
0.032
4.504
124.82
61.083
39.326
41.472
40.892
31.248
33.67
49.244
23.489
19.223
17.327
17.712
19.331
22.839
28.14
13.385
3.951
1.806
-1.719
-7.306
-9.216
-1.52
1.369
3.422
20.634
444.243
66.154
54.64
50.203
37.744
31.828
31.85
30.148
28.911
28.675
29.732
27.252
45.62
41.062
10.764
12.729
7.4
6.199
17.667
17.029
11.139
11.196
13.384
38.549
37.77
60.858
50.572
37.522
107.901
107.985
27.965
23.184
18.899
19.348
23.033
24.178
33.731
35.244
23.984
13.09
6.997
4.47
0.059
1.727
6.919
1.457
13.149
343.005
291.132
63.635
56.381
39.483
33.129
29.487
30.145
21.325
20.021
20.389
22.22
24.28
33.082
31.205
78.277
42.994
30.675
19.518
29.079
19.337
15.547
21.137
20.004
13.033
49.814
46.927
45.212
30.322
31.217
23.344
27.215
23.62
21.344
22.217
26.653
33.341
64.432
35.512
14.576
4.286
1.784
-0.812
-7.361
-13.261
-5.237
-0.634
-1.641
15.667
36.964
50.258
48.404
36.084
30.949
22.231
21.502
19.259
18.829
17.975
20.269
29.326
45.238
30.878
8.345
-2.78
-5.481
11.369
-4.396
-2.398
-3.227
-4.786
-2.306
7.011
24.109
28.13
28.735
30.18
131.795
26.306
277.194
27.348
25.576
21.908
23.444
197.802
51.198
31.609
6.64
-1.636
-7.69
-12.511
-12.031
-13.01
-5.422
-2.628
-2.858
9.589
20.379
27.035
28.2
35.277
39.151
29.787
273.137
32.605
28.306
27.303
26.298
28.956
36.853
17.98
0.542
-7.821
-4.216
-5.399
-3.949
-1.498
-0.014
-1.144
0.287
330.6
38.093
46.875
42.482
34.074
38.671
32.527
23.58
20.986
19.452
20.897
21.11
20.744
32.356
30.088
-2.623
19.233
20.562
19.321
30.638
20.289
20.043
89.628
78.031
266.144
43.932
49.878
42.931
37.948
60.38
41.443
33.387
28.286
22.914
30.571
29.987
31.466
43.678
42.254
23.654
19.983
-12.497
-4.597
-15.781
-0.467
13.674
23.934
-14.922
177.85
61.385
58.847
43.673
41.314
229.661
273.528
20.133
18.605
20.884
22.603
27.258
22.411
38.093
27.044
60.277
23.144
18.445
9.776
24.932
42.56
-4.308
-25.687
-0.261
41.446
27.32
37.186
43.893
40.409
44.734
26.239
30.796
27.393
23.507
18.836
25.988
34.685
32.346
29.4
194.399
184.906
-2.347
9.737
4.411
0.341
17.853
40.264
45.73
24.908
189.498
42.564
36.318
42.168
39.258
26.368
22.644
17.442
16.719
16.53
18.495
23.745
26.836
22.369
16.122
18.137
62.554
37.029
21.734
19.548
16.723
19.978
6.965
7.9
251.799
107.58
27.662
35.239
32.636
29.324
24.257
22.804
23.717
22.699
23.798
29.252
32.661
19.26
9.095
1.302
0.248
-4.452
-0.055
-4.289
-8.416
-3.316
-2.063
-0.169
40.698
30.771
30.369
29.709
27.314
23.849
93.297
26.485
26.458
17.368
23.259
24.728
25.521
11.653
-1.763
-12.419
-39.806
-12.3
-11.493
-10.766
-10.508
0.468
-13.303
13.514
26.468
30.339
30.65
32.007
27.334
24.896
22.326
19.18
20.253
20.547
20.964
23.786
27.633
28.168
25.998
38.783
16.388
21.005
49.723
29.744
22.638
20.142
21.041
416.382
33.736
48.287
47.393
35.773
29.242
17.818
18.579
18.95
17.01
14.564
16.477
13.83
23.709
29.804
17.178
8.773
2.612
1.505
1.375
-1.005
-3.85
-4.626
4.06
12.071
191.549
684.819
266.257
34.908
20.91
18.774
15.357
7.123
3.172
11.908
14.167
21.121
28.831
93.59
6.059
0.915
-0.139
-6.311
-4.204
-2.487
-7.731
-9.383
-1.569
12.204
20.241
26.618
22.881
25.825
21.982
19.903
19.669
23.391
18.596
19.194
19.319
22.488
30.661
17.471
15.129
18.731
9.709
17.826
20.263
27.732
19.146
15.153
13.79
15.614
112.681
35.626
34.674
26.306
52.259
19.361
18.277
16.929
16.947
17.727
19.613
24.323
43.028
344.109
23.203
18.434
17.291
17.988
17.532
17.257
8.228
-14.748
-9.956
3.801
8.838
26.854
29.973
25.846
30.241
96.138
6.076
24.078
36.656
34.921
27.405
36.893
37.294
11.076
2.082
11.525
4.21
1.212
8.979
4.991
4.266
1.71
1.397
13.776
26.204
34.359
37.181
32.142
27.196
16.332
19.246
18.267
15.52
14.818
15.824
17.75
18.454
14.611
-4.343
-8.361
-12.163
-12.154
-11.261
-12.846
-11.157
-6.851
-1.129
10.255
26.385
34.621
38.25
39.287
33.24
16.102
16.296
14.16
16.557
15.558
19.798
21.659
22.579
23.805
15.809
15.849
17.773
13.325
12.303
14.037
16.295
23.505
22.047
30.883
37.316
46.025
42.156
35.998
29.501
28.953
20.749
18.035
20.773
19.18
19.191
22.878
27.783
26.436
16.599
17.885
19.944
18.139
21.153
69.764
24.071
18.773
7.593
0.161
38.577
24.426
21.051
21.121
16.35
13.731
7.933
6.285
1.257
3.211
3.786
13.18
31.973
16.029
6.082
7.075
-0.22
-0.561
-0.024
-0.59
-3.243
-7.453
-4.265
6.203
26.538
48.567
24.65
10.494
117.01
20.831
15.397
11.372
6.256
6.563
12.799
19.323
70.599
13.66
6.52
13.084
11.157
12.982
20.059
14.483
17.683
16.594
17.801
10.29
23.878
205.898
113.9
215.368
47.592
28.728
29.479
25.563
22.928
22.14
21.689
20.534
25.146
10.592
16.123
13.191
13.183
15.62
17.198
142.114
17.088
19.299
13.569
23.803
113.885
34.061
24.485
25.87
25.447
17.063
17.207
13.765
12.212
12.161
12.732
11.685
13.234
17.698
10.106
3.193
0
-4.872
-0.01
-8.92
-5.252
-0.01
-2.599
2.327
13.121
100.112
20.336
20.822
20.496
14.58
21.699
14.514
7.916
7.779
13.909
10.334
9.986
4.928
-6.044
-11.057
-13.106
-12.962
-10.632
-10.543
-11.299
-12.768
-12.069
-8.234
8.239
16.473
15.785
16.984
12.753
9.04
16.506
13.43
10.798
10.373
16.319
19.445
26.74
7.628
8.731
8.936
7.499
7.431
4.087
7.2
10.063
7.69
0.656
8.109
20.303
371.475
30.222
26.258
18.696
15.683
23.689
17.522
14.943
15.716
19.606
23.851
25.547
7.502
5.871
1.186
2.374
1.195
5.328
24.664
15.311
11.91
14.01
12.712
22.522
35.633
28.962
24.998
347.54
22.292
20.266
16.376
13.775
18.19
20.233
21.266
30.772
11.825
13.075
16.26
15.574
16.053
16.787
19.947
18.766
13.099
34.228
40.932
191.191
40.381
31.82
25.376
21.342
21.913
34.858
19.027
17.551
17.717
19.108
30.587
35.428
13.565
8.769
19.802
20.912
19.354
25.661
44.253
64.924
20.182
18.955
405.892
489.947
40.132
25.529
25.243
19.098
11.295
24.824
20.156
18.91
17.892
14.105
22.46
23.538
9.672
3.609
0.566
11.09
4.999
4.401
1.546
4.011
8.764
7.016
94.267
24.381
27.496
30.199
22.241
19.433
11.943
13.127
3.661
0.272
-0.683
-1.096
6.897
9.294
-5.22
-11.208
-8.795
-9.626
-8.176
-1.8
-4.737
-0.01
-0.589
-2.278
-1.446
9.132
17.111
18.275
26.279
14.714
11.759
13.367
13.962
13.168
12.615
15.427
86.729
29.532
9.122
-0.01
-0.01
-0.01
-0.01
-0.01
4.476
59.639
245.776
15.487
445.037
562.242
32.29
23.083
41.776
22.595
18.455
15.368
13.147
12.005
11.597
10.437
16.024
21.356
61.565
17.702
8.43
6.182
14.393
161.086
27.61
21.151
19.954
17.754
16.469
17.307
19.413
22.248
24.865
231.994
15.752
18.721
17.1
16.996
17.569
20.712
29.623
76.792
19.703
12.939
11.419
7.047
0.102
0.019
-0.004
0.011
11.328
1.036
11.58
30.074
28.023
27.437
26.999
604.647
32.73
18.716
15.252
16.407
12.847
14.375
12.384
19.587
5.959
1.682
1.639
-0.009
-0.004
0.009
0.001
-0.01
-0.009
-0.042
1.185
7.906
15.468
21.705
13.667
17.506
12.246
15.777
15.206
12.859
11.061
14.59
16.107
11.368
8.926
6.886
2.331
1.59
6.762
6.798
17.725
15.805
4.251
4.509
9.533
12.133
15.763
20.279
12.873
15.225
12.528
19.679
17.537
19.568
21.52
21.712
18.473
22.674
15.53
19.543
20.668
28.952
29.947
18.157
31.094
15.888
11.746
8.219
21.619
27.229
33.212
24.57
24.74
27.867
26.483
169.523
19.283
19.797
23.791
32.661
39.409
18.333
-6.143
3.127
11.2
8.403
0.412
4.744
0.418
2.029
2.87
-24.129
-20.726
176.867
17.593
9.152
27.269
28.664
33.727
16.795
16.578
13.891
14.148
15.396
16.392
5.166
-28.89
-6.501
-2.135
-0.639
-3.859
-2.572
-0.01
-0.01
-22.5
-32.176
-18.589
10.843
39.594
37.431
37.854
29.522
19.789
25.723
23.735
19.087
19.657
19.802
20.265
21.528
16.686
15.773
14.604
11.736
20.06
19.262
16.312
15.146
15.157
3.949
6.365
20.613
26.344
27.82
24.672
24.661
17.104
23.16
22.051
23.063
22.414
20.387
21.05
27.039
20.758
21.832
20.566
22.103
23.549
18.629
16.65
17.216
12.539
7.546
8.876
23.282
32.288
137.046
26.909
255.291
21.62
17.52
13.618
11.287
4.104
10.083
16.859
19.201
17.663
18.346
20.618
25.685
24.308
21.282
41.474
20.291
18.88
-13.341
3.833
174.534
69.129
35.181
21.882
22.321
24.181
22.246
19.562
21.037
18.256
24.342
21.955
33.51
31.892
26.406
16.912
11.643
7.437
13.074
14.463
12.44
11.889
12.335
18.208
10.747
27.357
30.058
26.25
24.751
27.556
24.914
18.967
18.549
19.227
20.077
177.743
295.87
42.266
177.57
67.341
25.908
14.295
6.235
18.059
26.247
37.369
20.154
18.739
23.526
25.284
30.86
33.215
24.661
26.133
24.378
18.466
19.524
18.939
19.267
19.227
18.33
11.592
10.813
3.102
1.436
-0.005
-0.002
4.293
0.013
0.776
6.63
10.192
106.489
25.601
26.065
26.29
25.425
17.445
17.659
15.004
16.733
14.584
15.697
23.028
19.777
-2.135
-10.911
-10.008
-5.555
-9.427
-4.97
-2.149
-0.01
0.001
3.395
8.464
20.605
24.15
27.592
19.424
16.214
8.748
12.009
0.008
-2.274
-3.131
10.382
18.146
18.099
4.947
0.764
8.251
4.026
-0.006
-0.006
5.379
12.654
4.538
5.832
18.092
214.579
42.657
19.163
18.966
28.589
15.108
12.322
13.262
10.17
10.825
13.453
23.063
24.109
11.532
13.138
14.545
6.773
0.004
0.272
11.235
12.327
14.894
17.806
19.847
189.732
41.716
53.552
38.379
32.788
52.559
23.762
18.951
17.115
14.984
19.338
30.265
122.399
89.369
224.099
117.155
18.171
15.941
18.603
13.583
42.743
131.322
90.368
133.113
39.936
33.758
33.287
32.614
95.747
22.075
18.051
18.508
17.232
17.34
20.4
67.959
80.025
84.241
15.231
16.695
8.211
6.438
4.296
-2.618
-7.821
-9.224
-4.511
3.068
14.992
103.885
64.206
27.284
42.812
25.255
24.558
1.497
2.596
15.198
11.928
25.307
1.29
-0.973
-3.117
-2.464
-3.28
-7.306
-3.962
-12.245
-30.846
-15.895
-16.064
-20.293
4.252
18.234
25.768
15.261
7.48
3.285
13.463
7.205
14.118
12.018
14.52
26.206
7.167
-4.107
-0.011
-0.009
-0.01
-0.007
13.444
98.17
23.015
12.756
19.594
498.183
22.339
22.869
24.635
15.26
17.567
16.561
16.973
18.29
21.621
20.388
25.77
21.06
25.448
16.15
267.568
13.704
4.877
3.854
0.26
6.568
16.547
10.555
78.811
24.469
37.608
25.208
19.818
11.565
9.841
10.814
13.265
14.016
10.406
13.821
14.268
14.441
16.571
4.859
0.292
1.887
0.688
0.115
-0.01
-10.051
-11.292
-10.211
-4.358
-5.03
6.2
29.863
30.457
32.349
17.64
102.672
11.566
11.988
10.137
14.725
11.916
19.598
23.473
11.059
2.583
0.516
8.006
0.416
-1.481
-3.249
-1.127
0.038
-0.002
4.151
415.48
20.82
19.371
25.404
18.73
11.779
41.973
31.071
40.079
16.392
12.094
16.651
21.706
14.311
21.627
19.76
14.687
32.828
34.883
46.505
1.074
0.02
0.036
3.783
10.426
16.183
18.191
19.49
16.335
-4.702
8.929
215.288
20.859
19.309
26.169
24.65
23.93
32.925
61.154
32.96
26.766
12.998
15.162
16.736
18.897
17.464
21.337
25.798
20.514
18.999
24.201
28.232
21.441
16.202
14.635
13.31
12.829
6.425
13.222
15.684
15.379
4.407
3.214
-0.011
-0.008
-0.011
-0.01
-0.01
-0.01
-0.009
0.824
4.448
94.093
18.694
18.76
15.331
16.037
12.116
11.041
10.569
9.855
9.773
11.988
14.232
10.972
-4.161
-4.524
-0.011
-0.01
-0.104
-0.075
-0.01
-0.062
-0.472
-0.057
4.329
5.575
16.873
14.295
13.923
8.637
11.446
6.467
10.538
11.38
10.195
11.809
11.067
4.702
-2.922
-3.766
-0.01
0.25
-0.01
-1.087
-0.01
-6.277
-1.205
2.5
8.768
182.906
11.252
10.434
10.206
21.188
18.824
16.167
12.336
12.583
12.628
15.013
21.129
14.172
-0.842
-2.691
3.141
1.347
8.062
5.005
7.496
6.617
7.366
28.611
0.576
6.605
9.556
21.409
13.415
9.21
8.054
7.058
3.953
7.72
11.748
14.501
18.298
15.235
5.728
3.803
11.665
12.337
3.566
4.859
3.899
1.923
1.317
0.847
4.756
5.075
18.028
22.278
34.932
22.559
16.445
15.919
16.009
14.84
11.49
13.682
18.695
17.948
3.659
0.101
0.581
7.203
10.36
13.68
25.114
24.444
15.608
29.155
20.33
254.644
22.047
21.21
18.682
17.025
12.874
13.477
13.32
13.465
16.401
20.084
23.16
17.564
6.248
0.9
5.149
11.492
15.996
17.483
17.448
13.96
16.59
14.249
15.24
188.439
30.42
28.091
274.158
39.233
14.971
19.694
17.472
19.286
19.07
24.255
27.529
31.213
29.841
17.24
21.363
24.209
13.522
16.662
15.433
15.906
30.824
22.731
20.966
34.84
25.915
26.375
24.318
20.67
18.507
28.925
14.758
15.019
69.972
18.547
18.83
17.431
4.516
0.008
0.027
3.647
1.766
5.881
7.586
4.689
4.618
7.552
13.663
18.825
18.575
17.983
269.939
18.572
12.736
10.727
7.248
13.734
15.757
14.103
12.643
3.723
-0.831
-0.181
-0.01
-0.01
-0.01
2.178
9.131
5.844
7.283
10.313
18.977
137.443
25.775
29.391
10.706
17.406
10.635
10.114
9.635
7.561
12.497
6.738
13.88
13.644
6.885
2.072
6.248
8.205
9.394
10.434
10.545
13.441
12.488
10.512
15.855
413.06
24.684
22.003
26.989
15.757
11.672
11.841
8.329
8.443
11.618
14.055
16.838
14.653
13.907
13.132
15.453
13.48
18.763
14.551
12.305
16.889
23.992
12.65
18.027
22.367
743.921
35.586
25.122
48.181
19.705
15.258
14.473
16.765
13.521
18.3
73.921
25.086
11.844
14.273
16.317
18.519
24.31
25.886
29.133
21.526
19.796
20.571
352.23
553.113
44.67
35.154
34.709
44.138
103.871
185.352
23.203
23.931
19.738
18.54
20.561
20.045
13.045
13.743
12.442
12.534
14.853
13.269
14.155
16.288
13.603
11.399
13.057
18.102
22.977
20.535
21.644
23.315
12.192
9.283
15
13.757
15.11
16.506
21.901
19.465
7.458
9.748
6.754
2.91
10.159
-0.002
-0.01
-0.007
-0.007
-0.01
-1.41
3.802
12.8
18.194
21.983
17.902
10.761
14.666
9.46
3.161
0.345
7.113
15.775
11.276
1.172
-0.01
-0.187
-3.11
-7.425
-0.177
-0.006
3.058
8.365
10.2
7.796
48.216
579.766
18.082
22.943
24.408
21.196
18.717
17.158
16.197
13.199
14.414
12.469
5.582
-4.281
-10.212
-8.271
-3.338
-1.887
3.087
11.996
13.355
14.973
17.612
129.383
290.591
227.051
35.671
28.658
27.055
21.427
26.962
21.014
21.736
22.6
24.719
28.145
19.811
16.809
39.261
35.715
35.513
42.683
42.229
39.547
38.63
39.467
39.562
515.24
434.23
464.943
322.567
88.813
36.584
29.678
32.022
33.34
31.573
28.405
27.395
28.552
28.986
25.703
30.42
30.899
369.4
50.257
102.363
78.915
626.997
59.96
186.909
742.647
726.569
365.696
225.089
43.314
57.802
38.768
60.494
42.036
26.397
22.604
23.815
46.204
45.376
26.439
22.891
27.335
36.333
32.696
35.236
40.545
36.397
37.96
36.538
34.629
106.851
43.714
29.809
29.753
26.64
29.153
17.747
22.562
23.387
21.99
19.354
24.147
24.017
18.66
17.289
19.333
21.599
18.2
17.867
18.214
16.951
17.023
16.519
16.664
16.971
21.718
22.973
22.799
21.045
24.519
23.05
16.034
15.069
14.66
18.212
25.002
20.856
10.83
8.433
10.156
12.496
16.128
15.358
14.999
15.229
15.81
17.988
17.779
18.74
24.572
25.19
25.046
22.098
24.044
25.381
24.744
24.126
24.458
23.097
21.489
22.031
13.952
14.01
18.428
16.912
16.753
17.352
19.455
21.403
19.332
19.067
22.436
23.43
25.938
26.569
26.282
29.868
29.305
20.123
24.965
23.141
42.837
27.977
26.09
20.761
12.887
13.764
13.639
16.114
13.106
14.67
15.733
17.172
19.271
18.266
17.2
19.612
24.08
22.554
19.987
20.038
16.552
17.384
17.572
21.481
24.27
19.672
17.975
20.964
17.893
18.477
18.953
18.636
19.184
19.802
20.439
20.383
16.965
14.85
19.269
30.503
33.99
36.552
28.917
57.043
28.452
34.318
75.468
27.695
26.274
26.748
26.193
26.618
19.978
17.353
18.599
17.927
19.776
19.477
18.884
20.034
19.245
19.761
22.674
37.991
52.167
37.485
28.472
116.057
24.791
25.339
19.057
19.326
21.621
22.953
22.595
21.552
15.814
14.879
15.949
14.254
16.401
18.587
21.186
20.186
18.328
18.356
16.726
31.698
32.251
35.513
26.183
27.918
19.039
24.042
22.278
17.298
18.38
18.08
22.616
18.042
10.267
12.345
13.645
14.051
14.495
13.952
13.692
12.284
13.26
10.378
22.267
85.117
314.763
34.298
26.233
21.238
16.633
15.894
14.053
14.028
15.615
19.147
22.191
32.226
14.003
4.676
7.028
16.05
14.013
11.302
14.237
13.608
13.603
13.931
18.046
20.681
26.535
25.989
19.846
18.872
17.312
16.962
14.705
13.836
14.738
16.189
17.517
15.426
8.018
6.702
6.352
2.911
8.787
9.471
9.924
9.379
13.593
15.475
15.853
16.958
23.077
21.038
22.173
18.957
19.073
22.91
16.797
13.653
16.843
17.149
18.392
15.072
9.649
4.02
8.641
10.72
11.153
15.002
16.688
14.208
17.233
14.246
13.628
27.323
378.341
30.62
30.468
22.487
18.258
13.73
12.754
14.202
19.309
19.31
22.093
26.478
15.541
13.818
16.43
18.128
17.076
16.707
17.158
17.069
18.531
21.746
19.302
23.135
31.43
37.391
28.18
25.383
20.171
27.443
34.42
27.116
28.17
27.173
26.33
23.78
20.647
17.692
20.872
19.61
18.902
26.282
13.064
17.969
21.428
20.621
41.515
28.592
232.117
137.676
29.938
27.152
25.697
21.27
20.728
20.886
20.974
23.008
31.658
30.465
22.653
20.896
19.667
17.766
16.785
15.049
17.331
21.108
19.16
16.162
20.598
23.564
31.465
31.812
31.989
23.132
29.728
27.666
26.496
23.484
23.408
26.936
25.317
27.312
15.113
12.233
12.496
13.51
19.058
16.476
18.129
19.621
18.47
17.8
21.829
25.191
28.091
31.66
30.999
27.569
28.281
28.772
21.824
21.946
27.104
30.777
27.787
22.671
18.224
18.234
18.103
19.727
23.43
23.492
19.906
24.547
24.89
20.747
22.847
20.693
24.221
26.788
36.265
27.945
19.81
23.282
20.401
20.165
25.729
24.334
25.324
25.501
26.077
21.828
23.997
30.104
300.1
550.24
54.373
23.835
31.291
166.77
264.21
30.175
32.935
34.901
29.88
35.446
30.851
28.511
25.05
26.783
25.861
20.037
19.655
22.426
21.651
16.007
16.691
17.873
18.913
23.666
18.301
19.277
24.083
19.982
20.898
25.306
163.283
32.024
30.073
30.121
24.176
20.978
21.307
19.308
18.906
18.335
16.495
13.681
12.407
12.05
16.778
19.657
20.542
19.416
19.589
19.391
19.165
19.216
23.386
32.077
412.69
27.652
25.474
22.411
21.951
21.852
23.988
20.156
17.706
18.236
19.617
17.899
11.452
6.639
10.705
14.813
14.876
14.23
14.535
14.971
16.132
17.602
20.019
23.454
30.321
28.176
24.158
29.746
21.318
26.052
16.962
16.912
16.68
19.137
19.74
16.715
8.24
8.669
13.736
15.742
18.817
18.568
12.475
16.812
11.839
9.929
20.173
20.125
27.24
26.374
22.556
22.883
20.002
25.31
21.046
19.628
16.32
15.489
14.998
14.499
7.321
-0.01
-0.011
-1.833
3.504
17.241
19.886
-1.682
0.589
5.105
13.258
11.518
17.654
18.211
19.566
19.06
16.7
17.224
16.161
14.503
13.732
14.98
16.462
17.29
14.426
11.321
14.52
16.149
17.175
16.084
17.463
18.905
18.725
17.246
21.438
30.122
30.536
27.462
23.298
23.703
16.033
16.303
16.363
12.497
13.389
15.691
14.448
13.88
6.885
3.784
9.47
10.791
11.311
12.443
13.973
17.771
16.938
17.977
17.151
25.212
29.234
27.322
23.673
19.311
15.259
15.981
20.177
17.204
17.652
18.068
17.439
19.53
26.073
11.39
11.51
3.699
4.506
14.747
11.74
15.86
16.705
14.709
24.982
25.763
43.256
36.055
101.342
20.506
17.225
23.555
23.991
22.391
15.988
22.7
23.39
23.493
20.756
13.915
13.877
13.445
14.011
14.536
13.362
15.962
11.969
16.132
18.594
22.59
39.947
43.632
31.614
27.258
22.688
25.02
19.753
19.301
18.998
22.884
25.268
26.898
20.927
15.832
18.497
18.538
19.561
20.374
21.973
22.362
29.55
27.089
30.196
30.598
36.017
36.565
34.389
29.666
27.849
24.387
27.134
27.604
32.997
32.354
30.343
30.94
19.834
16.84
19.703
20.751
22.55
27.174
23.818
23.785
24.845
26.919
26.411
30.982
26.301
23.344
29.903
27.696
43.616
24.149
26.047
27.835
22.696
22.818
26.577
25.886
24.487
19.553
22.571
23.256
25.86
29.063
29.711
33.935
28.347
26.744
27.035
34.135
40.704
28.296
26.351
26.055
29.206
29.431
28.105
24.465
22.533
27.63
27.776
26.705
24.612
19.532
22.146
25.624
29.876
25.624
29.893
28.853
27.355
25.689
23.349
33.042
39.773
30.431
33.645
31.783
30.379
31.63
28.146
26.9
25.565
23.952
23.685
26.776
19.031
17.045
19.538
21.767
28.839
22.722
29.501
25.46
25.078
25.39
31.163
27.249
32.328
29.432
28.452
34.251
30.222
31.991
32.147
30.876
30.016
27.397
28.107
28.36
22.457
18.186
19.905
20.692
22.444
24.169
26.945
27.674
25.253
25.485
32.117
34.483
36.933
30.73
31.149
31.803
26.22
26.881
33.368
32.41
28.891
28.969
29.118
29.819
24.44
20.418
22.099
24.341
23.92
24.468
29.325
31.258
34.348
37.88
34.856
36.781
127.734
35.376
34.06
35.521
28.407
27.672
27.102
26.491
25.138
27.669
28.445
27.565
24.067
19.589
20.109
24.919
24.012
27.021
33.158
28.845
31.563
34.333
34.673
30.94
44.071
37.031
33.998
31.401
27.309
26.792
23.769
22.863
24.203
24.58
26.095
28.016
22.08
17.131
19.808
23.185
21.782
24.647
23.366
25.11
26.959
29.006
39.67
351.106
65.921
55.769
33.648
31.946
30.842
29.054
30.006
27.616
27.18
27.059
28.525
27.555
24.877
16.732
18.363
19.851
20.593
25.284
27.971
21.927
21.943
24.742
27.508
33.745
39.273
34.084
30.712
32.287
25.738
24.836
25.619
26.401
24.459
23.341
23.638
25.19
21.157
19.563
22.324
29.754
29.716
22.998
23.915
24.302
23.622
23.504
26.529
29.811
35.437
28.888
32.347
30.408
29.345
27.46
27.403
26.643
27.559
28.361
27.39
25.292
18.402
15.605
17.061
19.437
20.559
21.835
22.275
23.768
26.402
25.409
26.198
34.545
35.167
26.001
32.002
34.343
32.246
27.639
25.522
26.302
27.155
24.745
26.383
24.527
20.983
18.825
20.355
21.476
22.618
24.725
30.717
50.097
39.548
139.727
41.4
39.665
128.847
37.951
38.748
40.7
33.81
30.518
29.719
27.987
26.122
27.499
35.279
28.04
31.718
34.066
32.717
35.194
34.311
45.184
442.683
46.209
38.047
41.418
44.419
43.89
51.135
42.741
40.614
114.748
37.754
63.614
38.845
33.196
29.631
31.857
34.828
37.125
43.084
29.78
33.092
31.313
31.846
40.36
37.704
36.945
28.942
29.671
24.829
33.426
49.482
42.757
35.725
45.542
38.231
34.778
28.715
27.924
26.311
27.86
31.577
25.492
26.638
21.497
22.534
26.834
26.733
27.877
29.241
32.524
32.443
28.976
29.109
35.884
36.173
33.985
36.61
36.009
34.776
35.259
30.101
27.196
25.53
27.32
29.125
30.753
38.269
68.509
51.523
41.512
36.144
37.776
38.062
51.956
49.506
41.596
52.921
40.024
34.906
36.322
37
39.152
60.446
40.978
37.144
31.37
29.482
30.361
33.336
32.707
29.864
26.156
26.786
29.916
31.633
32.723
48.905
31.523
29.587
28.224
27.648
32.761
35.349
34.004
28.199
33.017
28.135
34.697
33.497
32.594
28.19
28.014
28.177
28.009
21.244
14.088
17.514
22.433
22.008
25.162
29.312
28.332
28.349
29.015
31.399
38.76
75.952
37.415
37.485
34.317
39.159
31.717
35.068
29.898
28.405
28.796
28.21
26.962
24.787
18.438
21.563
25.682
23.724
25.193
28.598
29.178
33.437
32.315
79.278
33.167
39.15
33.512
34.072
33.818
30.435
33.474
26.815
25.639
25.604
25.113
26.146
29.26
26.53
22.138
21.442
22.598
23.669
24.809
26.3
25.305
32.525
33.924
34.336
38.858
45.798
37.4
37.837
33.255
28.815
31.091
28.658
28.605
27.336
28.29
33.462
35.806
31.719
35.474
29.53
29.175
29.473
26.969
32.308
27.868
28.594
28.607
32.416
31.287
36.583
33.203
33.296
32.085
35.745
26.388
23.962
21.199
24.797
27.774
25.11
30.124
30.089
29.273
33.444
26.633
27.763
26.096
24.192
25.038
30.644
31.82
27.7
31.914
46.862
35.901
36.032
31.211
29.862
31.434
29.115
26.856
26.576
26.929
27.672
27.997
23.468
20.15
19.425
24.214
26.757
25.933
31.855
28.01
28.954
26.754
30.931
40.244
44.926
45.875
40.002
34.665
28.949
27.021
23.131
22.014
23.564
22.232
25.61
28.19
23.432
18.439
22.855
25.534
24.572
26.918
28.977
30.407
29.399
27.436
27.09
25.937
30.896
27.427
29.97
34.965
30.602
31.241
26.05
24.577
22.082
22.122
24.076
26.072
22.976
15.022
19.494
23.894
25.74
25.498
27.522
48.231
26.301
28.702
30.875
35.982
49.113
37.26
34.242
30.706
32.319
47.643
37.891
30.532
29.141
27.315
29.098
29.626
22.633
15.964
21.271
24.514
24.181
26.958
29.167
27.718
31.61
30.296
31.879
48.376
45.407
34.583
33.445
37.76
38.508
36.021
29.901
26.686
23.466
25.645
25.862
27.044
24.042
23.648
26.055
26.662
32.058
29.981
36.86
31.919
35.648
40.848
222.954
62.796
47.196
42.632
38.874
44.879
31.758
34.952
34.296
29.34
28.169
27.735
28.661
29.235
33.075
28.156
34.283
35.121
32.702
33.152
39.508
58.213
50.441
43.393
49.787
59.379
45.666
40.861
36.525
48.764
34.756
34.251
31.579
28.119
26.607
27.389
33.84
37.348
41.717
29.592
28.195
29.183
31.94
28.752
31.159
33.04
25.499
29.659
32.283
37.238
41.331
37.025
29.821
29.599
23.857
22.315
22.223
22.016
22.842
24.607
24.336
27.101
23.964
21.25
18.44
18.866
19.46
19.617
23.37
21.761
23.553
22.49
22.781
22.42
27.492
26.487
26.396
27.036
23.252
23.704
25.683
27.436
26.203
27.807
29.065
30.573
28.452
21.446
19.485
20.635
20.511
20.619
21.995
21.936
21.376
21.358
22.801
25.831
30.243
30.012
26.879
31.634
24.372
26.077
26.236
29.834
30.005
30.799
31.7
30.013
24.129
16.643
17.791
20.627
22.508
21.79
20.996
21.601
21.481
21.748
24.204
274.226
206.472
33.745
29.537
30.133
28.03
27.35
27.054
28.165
23.15
23.515
24.038
19.663
13.89
12.552
11.822
11.548
14.479
16.624
18.031
18.995
21.684
20.562
22.894
28.138
32.227
29.55
30.423
27.266
25.105
24.368
22.807
23.4
24.042
26.136
26.094
30.501
23.552
17.937
18.749
20.607
22.686
23.784
25.744
30.496
36.414
35.535
36.098
38.362
40.701
30.808
31.303
34.724
30.316
30.262
28.218
26.52
26.122
25.471
29.512
30.597
24.943
18.889
23.236
23.868
27.054
30.677
36.756
35.895
40.01
62.395
51.51
158.531
63.576
40.959
39.074
33.821
31.979
29.78
27.914
25.448
24.112
24.966
27.513
27.196
24.135
19.111
21.651
23.76
26.386
28.883
36.57
35.347
33.226
34.636
34.449
99.312
54.293
36.475
36.126
32.759
32.591
34.406
27.734
24.071
21.827
22.676
24.306
27.616
24.441
20.261
22.656
26.281
27.115
32.605
38.032
29.219
29.012
30.076
44.955
305.406
268.133
34.979
33.298
31.905
30.834
34.966
26.55
26.302
26.054
26.043
26.494
29.641
26.634
23.248
26.129
27.639
28.755
28.647
29.424
28.981
34.587
35.758
29.414
32.204
37.834
32.702
28.246
30.258
34.648
35.311
31.778
28.366
30.459
28.524
29.499
28.245
22.037
18.414
19.494
20.991
22.563
21.803
24.364
23.564
22.83
23.066
26.896
39.583
118.252
30.888
27.284
26.452
25.642
27.681
25.315
25.748
24.062
24.069
25.679
26.059
23.762
17.974
19.64
20.276
21.681
23.93
23.631
25.776
28.214
35.219
44.538
128.943
42.749
34.916
31.645
28.463
25.916
24.579
23.453
21.716
21.758
22.18
25.937
26.567
24.218
18.845
19.03
20.619
21.506
23.74
24.09
23.854
23.56
25.22
31.786
40.265
39.886
33.995
31.588
31.212
26.256
27.284
23.646
24.289
25.896
26.974
29.781
28.122
23.195
17.21
18.583
21.333
23.144
24.33
25.826
27.349
29.046
31.084
34.52
34.2
39.478
32.786
32.23
29.132
26.223
25.726
22.321
20.437
19.196
21.955
29.899
28.268
24.608
17.605
19.422
21.724
23.883
29.252
29.811
26.482
24.72
20.82
101.063
30.16
35.379
34.391
30.941
30.462
28.365
28.665
27.845
26.639
25.723
25.445
28.217
29.242
26.567
24.001
24.73
22.1
22.939
24.335
23.732
24.193
25.268
39.965
37.413
39.655
36.755
30.623
30.259
31.08
26.686
25.066
25.946
29.073
33.51
38.154
35.998
33.25
33.046
27.816
26.392
25.427
29.065
28.992
30.382
33.222
35.467
35.668
45.859
122.458
122.188
33.586
35.286
32.523
33.578
33.601
33.562
33.88
28.039
24.327
27.509
26.559
26.263
20.738
20.211
20.161
24.574
26.968
31.457
26.702
28.038
34.231
35.869
139.823
44.779
39.875
41.753
43.359
34.058
28.822
26.143
27.228
27.508
25.216
24.422
25.348
23.926
18.517
17.332
20.685
23.226
26.283
41.181
38.013
34.937
42.665
366.156
53.077
46.643
38.308
33.415
32.709
29.018
25.859
23.831
23.673
24.35
24.994
27.119
31.023
34.417
30.064
27.106
26.453
28.77
30.81
32.784
40.26
40.903
38.411
44.211
52.06
45.882
37.564
33.776
35.008
32.922
34.991
30.086
29.502
28.248
28.272
30.263
33.565
28.78
27.444
27.144
27.928
30.251
32.958
36.869
35.732
29.491
37.484
31.987
63.822
40.564
32.65
29.299
29.891
29.056
31.399
26.634
25.713
25.368
27.295
30.782
32.709
28.291
23.019
21.816
23.508
23.467
24.975
22.27
25.518
24.495
29.884
27.143
29.332
30.239
31.419
32.028
31.377
28.789
27.361
28.42
27.709
28.009
29.995
35.425
36.336
35.986
22.217
21.053
26.248
30.04
34.715
32.139
23.861
27.278
31.344
31.896
30.919
31.04
30.368
34.109
37.009
33.082
28.871
25.842
23.124
20.126
20.856
26.457
29.546
26.337
27.991
24.875
26.693
31.313
32.309
33.052
29.062
43.811
46.714
53.799
66.504
44.578
34.486
32.684
36.306
40.167
31.006
28.828
26.667
28.208
26.742
26.923
28.854
24.714
18.821
20.772
22.714
31.935
41.957
42.21
35.983
46.431
40.209
46.283
53.072
39.089
33.659
37.908
42.503
32.956
33.438
35.657
35.986
28.839
27.201
28.36
31.118
29.223
25.221
23.862
24.489
29.305
35.117
34.32
47.858
49.174
44.062
38.194
56.095
39.875
33.653
34.315
45.085
36.942
35.011
33.343
38.471
39.551
39.62
41.007
39.168
33.495
29.791
35.576
37.974
39.904
39.438
40.96
45.909
45.466
44.402
38.101
43.478
40.843
39.968
45.535
45.745
36.557
36.693
32.725
29.298
28.311
30.767
34.257
37.815
40.992
29.205
31.42
31.336
32.981
36.093
40.76
37.91
41.032
37.186
37.677
173.186
42.202
38.612
29.317
37.025
36.688
41.659
35.695
32.807
31.378
35.512
41.154
45.794
56.189
32.892
29.834
32.588
44.054
57.122
46.857
51.51
59.148
46.539
139.208
439.841
196.25
43.729
50.11
49.41
41.313
54.001
39.138
36.685
30.539
37.428
37.407
39.412
46.887
39.647
40.481
44.188
28.045
30.406
35.454
38.375
32.503
29.908
33.592
42.372
42.412
43.902
45.837
53.327
40.754
29.033
31.765
30.753
30.915
28.106
30.648
35.244
31.388
24.477
22.255
24.527
27.583
27.348
26.828
26.77
28.531
28.662
27.824
40.306
36.825
28.829
34.298
39.858
34.082
36.78
31.011
30.644
30.427
30.216
29.161
27.641
25.917
20.051
19.674
21.37
23.61
25.694
25.313
22.416
23.084
19.598
23.642
36.868
27.189
30.07
28.143
28.934
24.82
33.212
38.232
33.718
34.113
35.668
35.409
34.658
23.617
6.249
1.259
3.268
19.005
18.278
17.94
19.7
20.651
23.383
28.369
208.449
36.62
33.585
36.141
28.577
26.578
27.875
25.33
22.472
24.487
24.968
27.59
32.128
36.202
17.618
18.051
17.016
20.652
21.097
22.01
19.633
25.785
24.961
29.94
34.939
31.855
34.564
36.253
31.318
27.119
33.562
32.482
29.866
28.995
28.844
32.143
42.318
35.105
29.045
23.483
25.355
27.195
23.18
22.395
22.495
22.914
24.107
27.135
32.118
50.141
62.268
42.912
203.353
30.769
30.256
27.493
29.105
28.951
29.322
31.146
27.847
37.979
23.683
21.936
22.578
21.175
21.912
23.338
33.191
25.545
26.896
27.73
36.391
34.845
49.792
40.363
51.543
36.114
32.765
31.555
28.202
27.31
28.83
29.884
31.905
28.132
23.152
18.608
18.789
21.373
21.771
24.96
24.406
31.198
36.388
35.787
159.329
42.215
35.514
33.95
38.378
31.124
32.699
30.518
27.295
26.514
26.658
27.726
29.82
27.93
24.22
21.963
23.778
24.128
27.583
33.138
31.08
35.514
35.517
38.078
40.085
37.707
32.995
32.95
43.199
36.634
32.157
32.142
29.829
28.986
29.37
30.151
31.179
30.129
21.444
21.96
24.94
27.856
34.591
39.864
38.052
35.555
37.762
37.628
40.798
40.389
32.491
34.578
40.26
41.904
34.119
31.914
29.163
29.606
28.166
27.263
26.466
27.266
24.39
22.116
22.736
21.379
24.646
30.3
29.209
23.046
24.096
40.249
32.434
30.05
32.169
39.505
39.388
30.454
28.689
28.388
26.966
28.431
29.722
35
36.632
43.786
38.217
30.277
26.602
30.416
35.117
36.916
37.626
26.73
23.378
24.187
25.381
29.818
26.66
28.308
31.023
28.654
26.843
27.557
28.313
27.782
29.656
28.08
30.694
30.298
22.165
23.962
22.618
19.97
20.358
22.592
28.797
23.472
30.072
27.273
43.423
39.153
32.076
31.297
35.528
29.758
28.915
29.952
29.705
27.248
27.825
26.043
29.523
28.697
31.28
28.346
40.177
45.268
46.091
28.648
25.193
23.677
28.5
35.841
54.797
52.814
36.901
124.985
140.062
44.36
33.463
29.082
30.911
31.038
31.541
31.651
35.988
33.634
29.782
24.85
21.051
20.974
19.385
22.554
20.618
18.821
21.113
34.538
32.88
33.148
31.862
35.681
31.885
28.154
18.137
18.735
16.564
17.741
19.141
22.812
27.32
26.795
27.278
19.776
19.153
20.174
43.384
24.183
22.28
22.848
20.545
25.425
31.999
32.341
30.611
37.249
34.06
30.518
28.542
31.262
31.468
28.674
27.384
29.582
29.184
27.589
18.448
13.194
13.125
13.518
16.347
18.587
20.986
20.795
25.234
35.4
36.225
36.401
34.404
35.881
34.374
31.703
29.62
28.776
29.069
26.904
26.385
25.702
26.906
24.051
19.152
15.691
20
23.166
24.509
25.728
22.693
39.141
31.087
31.01
36.208
40.137
36.948
36.182
38.072
29.533
28.445
26.712
24.023
24.315
26.454
26.568
35.173
50.385
26.452
22.071
20.277
23.325
25.709
28.981
28.523
26.367
28.391
33.588
37.338
36.146
32.385
29.246
27.449
26.703
25.355
24.515
21.677
17.875
21.479
26.559
29.939
28.115
25.634
20.304
20.329
18.354
19.671
21.333
23.243
26.569
26.065
36.095
46.949
39.677
42.232
38.777
34.453
31.913
31.896
29.583
27.769
27.498
28.181
30.556
30.019
36.476
24.854
22.461
25.703
29.31
28.625
33.782
42.991
79.427
54.114
51.1
55.829
50.138
46.037
40.856
37.004
33.516
32.406
30.371
29.056
26.899
26.479
25.877
29.442
33.636
28.803
26.428
31.96
29.941
29.287
33.07
31.354
33.672
34.17
36.766
30.764
36.929
30.123
31.517
30.277
27.92
28.465
28.612
27.055
26.166
26.464
27.049
32.624
34.227
28.89
24.502
74.349
29.625
22.531
23.51
21.519
20.985
22.04
22.811
24.978
28.637
27.69
29.503
30.463
29.509
27.12
24.732
25.549
26.673
26.861
26.303
25.76
25.998
26.329
20.816
18.019
20.094
18.014
15.925
16.686
14.833
9.577
21.594
24.27
32.533
32.098
30.414
31.71
23.858
24.955
24.089
26.089
27.269
27.8
31.492
33.947
29.976
22.941
24.543
14.833
6.76
17.794
6.878
16.955
12.452
2.084
25.388
35.471
38.108
31.321
35.36
32.844
29.312
26.97
26.799
26.36
26.723
29.686
34.03
30.742
37.918
27.693
28.145
23.303
31.491
29.769
27.364
26.574
19.469
12.86
21.769
43.077
30.581
28.564
28.863
27.255
25.454
24.604
24.022
22.009
22.178
24.531
26.718
40.589
35.863
26.705
27.985
27.188
21.711
21.57
21.457
21.406
18.133
19.839
26.298
30.52
33.309
34.239
37.156
36.443
28.353
528.307
116.105
43.363
30.572
32.226
28.803
31.108
37.248
19.533
19.132
18.136
14.406
16.7
22.553
20.074
20.493
23.872
41.769
41.8
41.287
34.265
32.553
31.446
29.033
28.307
28.886
27.222
28.081
28.685
29.828
30.092
32.051
24.214
21.108
23.096
25.366
22.197
21.501
22.2
21.291
20.982
273.216
42.326
33.899
29.811
32.765
29.496
25.91
23.359
27.947
26.356
29.93
30.951
37.393
37.822
43.364
31.767
30.562
19.209
16.952
11.136
18.492
17.083
19.95
18.172
273.291
111.474
34.686
39.448
35.27
35.226
29.886
27.814
26.297
26.993
27.258
29.454
30.59
33.288
26.247
21.967
21.181
18.9
16.897
18.213
17.97
18.453
22.212
25.161
31.879
29.891
29.785
30.448
32.385
32.788
30.481
31.691
30.618
25.552
23.788
25.867
27.135
28.365
26.088
21.358
21.94
21.213
21.197
24.427
24.847
24.785
20.577
27.548
142.067
34.496
35.881
34.798
37.616
34.858
29.135
27.439
26.507
27.799
26.348
27.24
33.997
39.251
42.003
28.445
139.193
28.973
28.272
24.741
22.649
27.566
25.948
31.418
37.206
38.22
36.415
32.056
31.622
28.193
32.064
26.849
25.176
24.196
23.357
26.982
28.098
31.466
29.885
21.912
14.065
21.939
23.074
22.296
25.034
27.936
26.693
27.605
37.055
35.99
33.956
31.793
31.7
31.065
26.696
28.021
25.195
23.07
23.373
26.363
32.663
36.608
40.469
31.445
24.637
17.15
27.666
21.538
22.22
20.207
22.652
19.901
29.46
30.527
29.868
27.536
25.373
23.304
24.376
19.168
20.215
21.971
22.899
24.954
25.829
26.023
28.737
24.024
12.4
12.924
14.872
17.118
17.302
14.557
14.404
17.431
27.635
28.251
31.177
30.649
38.187
121.68
32.913
30.817
30.465
29.203
28.997
29.614
31.544
37.496
38.778
27.112
20.792
19.417
19.286
19.718
20.466
23.875
17.438
28.708
36.603
38.07
40.044
39.202
33.501
43.096
37.329
33.828
32.645
30.251
30.234
30.697
30.728
35.343
36.578
25.495
25.749
22.008
19.803
22.228
19.486
21.194
20.448
22.518
36.592
34.323
32.096
32.684
33.035
36.092
32.905
34.88
32.748
32.432
32.999
32.957
33.217
34.49
34.953
30.831
31.247
35.056
27.877
26.877
23.324
22.455
21.661
39.574
31.604
33.703
33.904
31.006
33.23
84.162
28.387
36.767
28.137
26.529
30.219
33.274
33.092
40.689
43.33
31.357
22.222
22.134
19.409
22.724
26.283
27.104
23.258
28.373
36.536
38.616
37.914
36.706
34.524
35.668
34.112
32.757
35.744
33.688
35.228
33.955
34.509
36.187
43.805
27.85
23.926
27.614
26.648
24.327
26.303
28.238
33.134
34.894
58.858
57.795
42.157
39.451
36.792
38.737
38.993
38.54
35.915
35.559
36.51
37.75
34.832
38.388
37.515
32.057
28.862
26.437
28.458
25.712
31.87
47.447
50.428
38.071
32.909
35.152
34.39
35.091
31.264
33.659
29.318
33.461
33.682
28.168
27.264
25.354
23.979
27.902
32.022
36.633
25.495
21.813
20.96
20.142
22.259
19.47
17.846
24.004
45.867
43.007
34.601
35.72
39.326
358.67
32.478
28.93
24.549
25.198
22.711
24.076
25.701
25.967
31.386
25.065
21.962
23.064
19.617
20.475
21.31
17.986
18.668
21.749
185.356
32.288
26.813
29.478
33.831
37.749
31.716
32.66
30.671
31.604
34.689
31.194
25.728
31.965
33.442
27.634
27.958
28.77
21.727
20.971
18.742
16.858
27.826
32.506
48.941
35.487
29.956
30.346
37.633
38.035
30.805
26.81
28.255
27.327
29.687
30.378
29.027
34.841
35.608
20.812
18.251
20.409
12.505
15.256
14.352
13.609
15.012
24.262
38.305
32.093
31.154
29.76
29.307
29.377
25.404
24.494
24.037
23.577
22.597
25.348
28.693
34.628
34.995
29.819
23.725
19.432
16.763
17.872
16.831
18.128
21.298
28.952
35.977
33.372
30.633
30.28
31.076
26.76
25.659
28.921
27.826
24.819
24.024
24.681
26.045
30.089
31.305
23.846
14.816
11.656
60.585
25.699
29.954
26.765
21.904
36.304
29.011
65.111
26.477
31.444
29.63
29.935
36.204
29.907
27.059
25.517
25.357
26.649
28.601
32.923
48.509
29.76
26.377
26.638
27.067
27.478
29.902
28.425
25.752
29.379
31.408
29.794
30.969
34.727
32.901
38.261
29.77
22.549
21.809
23.564
27.154
31.257
30.004
44.666
40.442
29.325
21.969
23.638
26.471
30.949
31.933
31.468
31.167
31.241
58.171
31.436
30.706
37.565
35.883
38.598
27.674
33.794
33.223
30.556
29.852
29.483
31.18
31.684
34.768
25.503
25.225
25.415
28.362
28.158
24.613
24.776
28.614
29.708
47.489
34.355
29.098
161.363
65.434
37.675
29.018
28.206
27.814
26.054
24.065
23.686
21.525
26.89
27.899
25.802
26.68
33.156
28.456
28.043
26.357
27.214
25.716
40.955
31.253
30.122
30.019
29.273
27.925
29.007
27.891
25.697
25.149
26.609
28.697
31.246
28.739
32.459
31.403
23.181
20.408
19.027
19.258
16.236
18.709
18.969
23.479
23.98
31.059
27.947
28.319
28.028
26.621
24.305
21.89
24.152
24.36
25.449
25.52
27.469
29.407
33.184
46.073
33.895
24.585
26.779
23.124
23.412
22.251
22.412
23.391
32.4
38.741
48.199
41.159
38.524
36.114
38.191
26.474
28.557
28.453
27.907
28.579
31.51
32.695
41.073
46.498
42.839
27.8
22.543
22.909
28.359
27.559
30.872
25.844
30.8
204.213
63.54
48.554
45.573
41.436
67.191
45.725
54.328
46.329
43.131
46.027
51.234
44.241
48.209
56.741
137.083
30.384
37.476
34.007
53.984
102.266
28.56
30.447
36.17
44.074
49.51
48.658
48.239
50.248
39.562
37.328
36.904
42.555
40.295
38.15
38.392
38.568
45.079
50.585
38.085
36.991
34.208
28.76
29.656
28.509
27.499
28.42
35.159
41.205
39.225
33.701
36.943
46.474
40.142
33.739
36.221
34.271
32.537
33.391
34.078
32.199
38.875
51.672
62.231
38.925
41.776
27.965
27.097
24.954
23.823
24.658
30.275
54.25
37.518
40.416
41.009
48.473
41.178
36.354
32.951
37.041
39.722
40.946
38.77
35.146
36.303
52.001
62.89
28.72
39.526
30.748
30.228
30.48
32.125
26.813
32.729
54.418
47.98
41.527
52.63
90.841
42.024
38.817
27.324
29.406
29.362
31.046
34.521
55.833
57.008
35.505
35.637
31.487
34.807
31.718
27.985
30.255
29.864
34.945
40.148
43.97
56.431
58.664
45.341
37.791
33.728
37.644
33.142
31.325
30.173
31.441
35.475
41.558
46.547
35.168
33.448
45.023
31.371
29.96
33.917
32.236
28.727
36.782
44.24
45.896
45.078
45.236
53.836
63.72
51.033
37.99
64.435
44.769
40.403
45.074
39.674
53.13
51.607
42.222
29.089
30.602
31.479
27.184
32.166
35.134
30.138
35.375
46.295
48.669
47.141
39.778
43.609
41.748
43.295
40.863
33.303
31.596
34.316
34.372
30.502
36.704
38.552
38.045
29.289
26.891
24.01
24.364
23.078
24.916
22.552
32.319
40.542
47.862
49.214
48.721
48.17
47.613
51.766
39.475
42.438
36.264
33.871
32.544
38.042
38.366
40.587
43.896
29.814
27.141
28.476
26.197
26.179
24.868
24.839
154.474
43.069
34.745
49.21
44.542
39.194
34.663
36.865
32.587
41.828
41.578
33.511
33.118
32.952
32.47
31.679
29.446
27.672
25.217
24.674
21.317
25.93
30.647
29.773
27.613
31.418
30.198
35.72
34.276
37.347
38.904
43.844
45.271
38.855
34.086
33.012
32.949
36.847
30.124
31.089
30.119
24.355
24.241
26.462
25.624
27.643
29.481
25.903
29.99
32.515
32.209
29.324
30.085
29.292
33.003
37.099
30.766
34.866
29.868
29.993
28.604
28.239
28.285
26.9
34.819
23.2
20.192
20.787
19.857
20.69
22.023
20.34
31.843
32.211
29.838
27.744
29.985
31.255
34.592
40.223
34.214
32.166
28.384
31.139
31.352
31.365
29.891
30.848
28.233
28.026
25.914
27.908
28.462
40.785
43.139
37.898
29.733
28.967
44.127
32.748
33.579
38.364
36.796
37.859
35.091
30.529
32.23
30.812
31.739
31.828
32.867
33.39
32.282
26.164
25.716
33.034
25.88
26.606
24.668
21.675
24.917
28.643
34.767
30.869
32.885
31.739
31.659
31.69
30.853
31.514
29.304
29.796
27.052
30.818
29.438
31.97
38.954
25.734
24.638
26.745
21.909
24.771
28.856
33.395
30.839
28.46
38.477
31.852
29.923
32.218
29.555
27.933
33.391
39.208
40.14
39.009
40.36
55.379
37.327
53.002
43.01
29.217
32.519
36.99
28.843
47.714
147.506
151.44
39.852
31.118
35.22
32.552
32.467
37.487
33.907
31.273
33.029
30.378
30.274
30.854
27.39
25.679
26.179
34.78
39.967
29.232
24.594
32.479
27.331
28.82
32.603
32.598
34.145
28.702
33.06
27.931
33.212
310.841
31.046
29.89
26.518
26.75
27.318
26.836
24.809
27.925
26.503
26.182
30.777
27.254
23.026
22.15
20.563
22.797
23.77
21.878
26.776
28.682
30.751
29.123
29.011
30.34
30.865
29.149
28.708
24.635
29.32
23.624
23.859
23.458
24.177
24.752
23.501
11.065
5.33
18.069
18.179
18.449
16.844
17.587
21.424
26.679
28.519
30.131
32.943
30.485
32.555
28.461
25.616
27.091
27.318
26.748
27.087
27.368
26.979
35.321
32.657
22.507
25.284
31.128
32.316
30.599
34.833
31.883
30.377
35.285
34.543
35.972
33.437
37.925
31.369
34.68
31.547
31.116
26.863
24.584
22.778
23.942
27.001
27.806
30.913
48.654
32.104
39.453
31.56
26.778
28.915
27.505
27.417
24.399
38.135
39.085
32.515
29.992
32.048
33.044
33.447
29.851
28.066
27.745
25.121
24.903
28.129
34.113
46.999
333.869
40.929
60.167
28.737
29.577
31.68
41.919
48.174
33.777
38.72
44.197
42.155
48.524
41.135
36.948
32.222
40.061
34.013
35.846
37.084
37.664
35.775
44.566
530.532
36.367
29.471
34.726
28.861
33.022
27.801
28.506
33.509
35.475
45.817
42.806
48.807
51.276
43.052
45.668
36.973
38.872
39.09
38.275
38.256
34.711
34.04
49.385
49.191
30.327
28.565
27.469
27.779
28.891
27.268
29.208
45.577
50.359
48.097
45.499
42.97
47.612
45.864
45.736
37.395
38.048
41.903
40.132
37.278
196.298
44.314
53.344
153.848
29.383
26.325
28.198
27.803
26.868
13.415
22.357
31.75
44.52
41.366
39.613
41.819
41.417
39.23
36.013
31.681
30.047
32.09
31.106
30.867
28.889
32.801
38.556
41.677
28.117
25.647
21.455
20.405
18.75
7.886
12.494
27.231
35.03
40.937
28.957
30.78
30.16
41.72
28.938
20.125
28.033
35.528
25.935
28.712
30.673
36.425
30.757
42.324
27.105
17.366
13.038
19.137
17.482
16.661
26.297
38.459
37.917
53.203
37.372
42.828
44.95
48.884
34.646
38.53
38.036
39.906
36.021
37.311
36.887
34.423
45.045
53.374
39.122
34.798
47.668
48.085
51.018
49.894
60.602
48.804
40.466
37.575
36.251
41.458
37.92
36.177
29.875
35.033
33.649
30.499
26.028
27.016
25.434
27.531
29.745
42.351
37.665
37.719
33.362
28.405
35.458
43.392
38.286
30.922
31.635
35.116
30.29
30.817
38.945
37.733
39.869
35.82
34.566
34.547
34.535
35.047
33.504
31.607
40.368
51.423
76.259
91.237
56.251
61.113
388.34
77.105
60.376
51.559
40.39
37.822
32.665
35.029
35.648
39.373
37.376
40.155
44.699
47.005
42.885
36.867
45.332
37.005
49.003
56.94
29.854
23.926
21.246
27.599
23.352
24.455
27.489
40.141
42.526
45.021
42.665
45.066
47.794
49.266
45.222
42.363
38.767
42.601
45.503
44.765
38.745
35.77
43.782
39.675
40.528
51.809
44.522
32.747
50.248
64.349
46.092
38.453
36.008
34.558
33.097
39.777
42.531
39.466
32.747
29.568
33.655
30.792
30.039
28.769
27.523
29.45
28.565
27.469
39.455
37.602
51.731
44.999
31.473
35.19
29.802
31.3
35.141
36.01
39.459
45.315
38.108
31.874
29.044
31.344
28.432
29.037
25.908
26.094
27.715
28.805
36.273
46.068
35.617
26.779
27.114
31.456
77.251
36.32
54.637
38.721
42.29
46.337
46.088
50.041
54.404
42.634
35.087
34.975
32.511
27.87
26.923
25.872
27.777
28.545
31.791
35.704
40.566
40.19
29.301
34.857
39.157
55.533
56.82
45.097
35.69
37.437
40.411
57.76
42.095
40.635
45.996
36.224
38.356
32.882
30.213
31.339
32.071
28.732
34.408
43.414
66.832
135.069
61.479
43.394
41.328
40.66
46.228
45.403
37.152
33.788
38.089
39.931
39.38
40.153
41.195
36.916
42.776
34.633
34.759
36.172
33.133
31.724
38.634
34.955
28.471
21.35
22.675
22.442
23.443
28.954
26.461
29.613
37.086
44.336
34.839
39.786
38.677
38.256
33.407
33.909
29.989
29.055
28.146
26.182
28.351
26.63
30.854
34.89
26.372
25.486
23.841
23.522
30.516
43.063
34.262
29.923
31.601
31.622
33.935
32.095
31.399
32.672
32.314
29.238
32.406
31.986
30.489
28.437
28.306
25.538
26.35
31.454
67.015
56.64
49.593
32.919
36.301
42.067
57.618
37.627
29.238
31.199
35.133
34.397
32.751
33.805
35.979
33.153
35.735
30.996
32.218
32.271
28.475
26.224
27.127
36.794
37.975
36.186
37.492
27.03
25.216
25.224
29.702
36.518
30.771
28.079
30.964
36.886
35.928
34.001
35.243
38.175
34.644
28.64
29.611
26.914
34.232
33.095
32.623
36.15
34.382
37.967
30.801
27.32
26.393
23.741
22.826
27.286
40.605
36.467
50.254
62.493
57.713
43.865
35.439
36.762
42.061
50.893
41.105
38.675
36.692
33.85
44.212
44.177
35.141
40.66
45.225
25.885
29.288
27.378
29.426
36.338
32.716
43.249
41.163
47.215
45.257
37.327
40.726
33.073
40.951
35.919
33.628
33.628
29.767
29.16
30.014
36.949
59.369
34.935
30.064
29.202
26.506
24.669
23.911
31.253
23.422
28.477
45.157
33.094
36.503
31.739
31.87
32.303
29.838
25.512
26.442
26.746
24.606
24.719
25.697
35.055
50.335
30.556
29.152
27.858
27.466
27.661
28.219
25.257
27.138
38.19
34.601
39.06
33.959
30.193
32.333
30.58
28.054
27.497
28.124
26.122
26.916
28.04
24.818
31.235
28.522
21.75
27.395
28.354
30.666
36.391
43.846
35.871
33.436
35.764
34.964
35.155
32.19
34.891
37.561
41.402
39.316
29.654
28.093
23.978
26.826
26.125
28.658
29.492
33.04
30.103
31.395
24.201
21.812
13.241
2.78
20.827
27.947
35.871
35.576
30.576
30.23
36.924
37.607
31.572
24.677
27.665
28.672
30.231
32.552
34.192
30.855
30.677
30.194
22.413
17.206
13.981
15.766
3.6
-0.007
6.225
27.328
29.104
28.963
36.159
47.931
48.56
44.025
32.626
30.774
36.072
38.112
34.695
38.702
38.588
35.889
50.131
48.526
25.822
25.301
24.351
21.713
20.658
15.961
19.395
30.475
43.237
47.036
49.862
50.999
55.367
46.198
40.693
37.489
38.055
41.469
43.721
42.261
36.205
36.669
44.619
41.489
32.978
30.774
29.28
27.469
26.283
31.199
39.368
38.931
43.619
40.152
42.445
43.851
45.95
45.977
46.563
42.009
34.731
36.689
38.445
39.029
40.979
41.841
49.794
59.92
51.08
51.107
53.689
41.855
45.809
45.9
41.673
33.966
46.131
46.992
51.48
49.319
45.008
47.612
46.936
45.706
47.048
46.748
43.71
36.271
41.677
38.226
51.994
44.179
29.714
29.884
27.583
23.258
25.227
23.955
25.716
39.383
41.209
45.802
50.202
53.155
51.412
48.337
40.921
40.974
37.798
34.643
36.075
32.315
33.263
35.538
37.892
44.848
26.179
22.535
22.522
20.536
18.984
23.107
24.467
31.635
37.347
39.355
40.418
40.52
42.899
40.231
41.288
44.401
31.925
32.424
34.611
34.509
36.954
36.556
38.082
41.368
43.793
63.401
39.741
28.661
27.54
27.343
32.483
32.746
27.066
29.367
31.413
33.346
33.501
34.445
41.864
41.602
35.393
32.819
34.713
37.929
34.137
34.012
37.376
43.093
54.225
37.634
36.952
33.462
32.895
40.947
61.195
35.773
27.977
28.58
29.693
30.434
31.497
32.956
30.393
29.869
32.88
28.7
29.907
33.734
32.155
29.217
27.601
29.535
63.305
77.171
55.348
46.819
37.179
31.582
35.924
31.402
28.798
29.575
30.223
33.073
35.977
37.048
35.622
36.505
34.917
29.128
30.004
30.354
30.386
28.701
31.996
31.076
28.18
21.078
25.601
21.326
22.355
22.311
23.428
30.724
28.915
32.796
28.487
27.549
28.466
29.752
31.276
28.958
31.365
33.007
33.986
30.549
31.239
29.619
28.129
32.756
27.628
1.345
11.373
17.559
21.626
23.953
28.934
34.271
35.106
29.45
29.497
33.207
33.455
30.852
29.743
32.27
28.528
32.553
37.926
36.967
42.516
31.98
29.017
32.313
63.461
143.207
38.452
32.867
29.914
31.817
30.033
36.023
41.47
36.415
38.971
37.257
37.217
36.33
36.323
38.454
35.891
35.905
36.37
33.526
31.713
33.462
30.719
39.269
29.501
25.824
22.394
22.185
22.516
20.538
19.704
26.187
31.388
29.897
28.462
33.875
40.871
37.839
38.258
33.367
31.103
30.663
32.065
30.332
30.363
28.775
26.416
33.936
25.246
24.042
24.19
24.37
23.47
21.395
23.318
26.732
32.755
36.188
35.641
36.604
36.919
34.44
37.173
35.163
35.523
37.923
33.821
36.117
34.94
35.352
34.931
37.066
32.172
38.821
32.789
29.828
30.779
41.015
44.867
69.925
33.533
35.357
38.658
42.076
43.159
46.546
45.421
35.869
32.234
32.356
30.343
29.612
28.058
27.968
30.259
36.639
39.839
35.142
28.857
24.932
25.195
26.822
25.887
31.786
34.171
33.843
36.18
35.332
36.292
31.271
35.93
32.49
28.754
28.61
28.423
27.457
28.411
26.959
25.44
26.887
24.184
21.351
21.192
21.194
14.26
15.48
19.935
22.511
27.781
28.624
26.507
23.601
23.114
22.051
25.211
26.747
