MpAlias,csv.weather.historical.1_0_0,
LocationAlias,ws.us.ca.hmblt.arcata,
TempSourceAlias,noaa.lcd,
SkyClaritySourceAlias,noaa.lcd,
IrradianceSourceAlias,,
Comment,"Lat-Long = 40.978,-124.109 Arcata Airport",
StartYearUtc,2020,
StartMonthUtc,1,
StartDayUtc,1,
StartHourUtc,7,
UniformSliceDurationHrs,1,
TimezoneString,US/Pacific,
TempUnit,F,
IrradianceType,,
IncludeTemp,TRUE,
IncludeIrradiance,FALSE,
IncludeSkyClarity,TRUE,
WeatherUid,3128e47f-2edd-4e26-8e28-8827093a174a,
Temperatures,IrradianceWPerM2,OpaqueCloudCoveragePercents
50,,60
50,,100
50,,100
49,,100
50,,75
50,,88
51,,25
51,,0
52,,25
52,,13
52,,25
52,,63
52,,78
51,,0
47,,0
38,,0
37,,0
37,,0
40,,0
37,,0
38,,0
40,,0
40,,0
40,,0
40,,0
40,,0
41,,0
43,,0
43,,0
44,,38
48,,88
51,,50
56,,25
55,,75
55,,0
54,,0
53,,25
51,,0
48,,0
41,,0
39,,0
37,,0
41,,0
38,,0
39,,0
40,,0
43,,0
43,,0
40,,0
42,,0
45,,25
45,,100
45,,25
46,,0
47,,0
50,,100
51,,100
52,,100
51,,88
52,,100
51,,100
51,,100
49,,100
49,,100
49,,100
48,,100
47,,100
47,,100
46,,100
45,,88
45,,100
44,,0
44,,50
44,,100
45,,88
44,,50
44,,25
42,,0
45,,0
48,,0
51,,0
51,,0
52,,53
51,,25
51,,69
50,,47
47,,0
40,,0
35,,0
35,,0
36,,0
37,,0
39,,0
38,,0
37,,0
38,,0
36,,0
36,,0
38,,0
37,,0
39,,0
41,,0
44,,0
49,,0
50,,0
51,,0
50,,0
50,,0
50,,0
48,,0
44,,0
35,,50
33,,88
32,,0
32,,0
32,,0
32,,0
32,,0
33,,0
35,,0
35,,0
36,,0
36,,0
36,,0
39,,0
45,,0
47,,0
48,,0
52,,0
53,,0
52,,0
56,,0
52,,0
51,,0
44,,0
37,,0
33,,0
34,,0
33,,0
33,,0
34,,0
34,,0
36,,0
38,,0
41,,0
39,,0
39,,0
39,,0
42,,0
42,,0
45,,25
46,,0
54,,0
52,,0
51,,0
54,,0
54,,0
50,,0
48,,0
42,,0
39,,0
39,,88
37,,25
37,,0
41,,0
42,,0
45,,25
44,,100
45,,50
45,,100
45,,100
46,,100
47,,100
46,,100
47,,100
48,,100
50,,100
51,,100
50,,100
51,,100
49,,100
47,,88
44,,100
41,,0
38,,50
39,,25
37,,0
36,,0
36,,0
38,,0
37,,0
39,,88
38,,63
39,,96
39,,88
40,,69
41,,75
47,,88
45,,25
47,,0
50,,0
52,,0
52,,0
52,,0
50,,0
50,,0
47,,0
39,,0
37,,0
36,,0
37,,0
39,,0
38,,0
40,,0
40,,0
41,,0
41,,13
41,,25
42,,0
42,,0
44,,88
45,,50
47,,100
49,,100
50,,100
51,,100
52,,100
52,,100
49,,100
48,,100
48,,100
48,,100
48,,100
48,,100
48,,100
48,,100
49,,100
49,,100
49,,100
50,,100
51,,50
50,,69
51,,25
52,,75
52,,63
53,,40
53,,96
53,,53
53,,25
54,,100
55,,100
58,,100
62,,100
64,,100
64,,25
63,,0
62,,0
62,,50
62,,0
61,,0
59,,0
61,,0
59,,0
59,,0
58,,0
57,,0
58,,0
58,,0
60,,0
59,,0
58,,0
58,,0
61,,0
62,,100
62,,100
63,,100
63,,50
62,,0
60,,0
58,,100
58,,100
58,,100
58,,100
58,,100
57,,100
58,,100
58,,100
58,,100
57,,50
56,,100
56,,100
56,,100
56,,100
57,,100
57,,100
56,,69
56,,58
57,,100
58,,100
57,,100
58,,100
56,,100
55,,100
55,,100
54,,100
53,,100
52,,100
52,,100
51,,100
51,,100
51,,100
51,,100
51,,50
51,,100
52,,100
51,,81
51,,100
51,,100
52,,100
53,,100
56,,100
57,,100
58,,100
57,,100
57,,100
54,,100
54,,100
53,,100
52,,88
54,,100
55,,100
52,,50
54,,0
54,,88
55,,25
45,,100
49,,0
49,,0
47,,0
53,,0
52,,0
53,,0
53,,0
55,,0
59,,0
63,,0
59,,0
58,,0
55,,0
53,,0
48,,0
44,,0
41,,0
39,,0
39,,0
40,,0
39,,0
39,,0
39,,0
43,,0
42,,0
44,,0
42,,0
42,,0
41,,0
41,,0
44,,0
47,,0
52,,0
54,,0
54,,0
54,,0
52,,0
51,,0
47,,0
42,,0
39,,0
40,,0
40,,0
40,,0
40,,0
40,,0
41,,0
41,,0
43,,0
41,,0
40,,0
41,,0
42,,0
44,,0
45,,0
48,,0
51,,0
52,,0
52,,100
53,,38
52,,75
50,,88
50,,100
47,,100
45,,100
45,,0
45,,0
45,,100
45,,100
44,,100
44,,50
44,,100
44,,33
44,,50
44,,100
45,,100
44,,75
44,,63
42,,38
45,,100
45,,50
46,,80
46,,100
52,,100
50,,100
50,,100
49,,0
45,,0
43,,0
42,,13
46,,88
45,,100
44,,94
43,,4
44,,17
46,,38
49,,63
48,,88
49,,44
50,,58
51,,43
54,,13
54,,78
55,,0
55,,100
55,,79
55,,92
54,,75
54,,100
54,,75
54,,50
53,,100
53,,100
54,,100
54,,100
53,,75
54,,75
53,,100
54,,100
54,,100
54,,83
54,,100
54,,100
55,,50
56,,100
56,,100
56,,100
56,,100
57,,100
56,,100
57,,100
56,,100
56,,58
57,,91
57,,79
57,,80
57,,58
56,,96
56,,100
56,,100
56,,84
56,,100
56,,100
57,,100
57,,50
57,,100
57,,75
56,,100
56,,100
58,,100
56,,88
56,,100
58,,100
58,,100
59,,100
57,,100
57,,100
55,,100
55,,100
56,,100
50,,100
49,,0
50,,0
51,,25
51,,100
51,,88
53,,100
54,,88
53,,50
50,,100
50,,100
50,,25
50,,100
50,,100
52,,100
54,,100
53,,100
52,,100
53,,100
53,,88
52,,88
51,,100
50,,100
47,,100
44,,88
46,,100
45,,50
45,,0
46,,50
49,,79
49,,88
50,,100
49,,50
50,,100
50,,100
50,,100
50,,100
48,,100
46,,94
47,,0
51,,0
53,,0
53,,0
52,,0
52,,0
51,,0
50,,13
48,,100
46,,100
45,,100
44,,96
42,,19
45,,96
43,,20
45,,47
47,,100
46,,20
47,,71
48,,96
46,,34
46,,21
49,,100
50,,79
51,,88
53,,0
54,,88
54,,100
55,,100
54,,100
54,,100
53,,80
52,,63
50,,63
51,,59
52,,93
52,,73
52,,25
52,,85
52,,47
52,,25
53,,0
53,,50
53,,100
55,,97
55,,100
56,,100
55,,88
56,,94
57,,94
58,,100
59,,100
58,,100
58,,100
55,,100
56,,100
55,,88
53,,50
54,,25
55,,50
55,,100
54,,100
54,,100
55,,100
59,,88
58,,13
57,,88
56,,50
55,,0
54,,88
53,,100
54,,100
55,,100
55,,100
56,,100
56,,100
60,,100
65,,88
60,,100
61,,100
63,,100
62,,100
63,,100
62,,88
62,,25
59,,0
49,,25
49,,0
50,,0
52,,0
51,,0
51,,0
58,,0
59,,0
59,,0
56,,25
56,,100
56,,88
59,,50
60,,88
60,,0
63,,25
61,,0
55,,0
52,,25
49,,100
48,,47
49,,33
49,,94
51,,100
51,,100
51,,100
51,,0
51,,25
51,,100
47,,46
49,,38
50,,47
51,,53
52,,63
52,,100
53,,71
53,,42
55,,94
53,,75
53,,55
53,,66
51,,100
50,,100
48,,100
48,,100
47,,50
46,,0
46,,0
44,,0
44,,0
44,,0
43,,0
44,,0
46,,0
45,,0
47,,0
48,,0
49,,0
53,,0
58,,0
57,,0
58,,0
58,,0
58,,0
63,,0
60,,0
55,,88
53,,100
52,,88
51,,100
51,,100
53,,100
53,,100
54,,100
53,,100
52,,50
52,,100
50,,25
50,,0
56,,100
56,,100
57,,88
61,,88
64,,0
65,,0
67,,0
68,,88
65,,100
64,,25
61,,100
56,,88
54,,100
54,,0
54,,25
55,,0
56,,0
56,,25
55,,50
53,,50
52,,0
54,,0
54,,0
55,,0
55,,0
55,,0
58,,0
60,,25
62,,0
65,,0
65,,88
64,,25
63,,100
59,,100
56,,100
57,,100
55,,100
54,,100
54,,88
52,,100
51,,88
50,,100
49,,100
48,,100
50,,33
53,,100
54,,88
53,,100
54,,100
54,,100
53,,100
53,,100
49,,100
48,,100
51,,100
49,,100
51,,100
51,,100
49,,100
44,,100
39,,0
38,,0
39,,0
38,,0
37,,0
39,,0
39,,0
38,,0
34,,0
37,,0
37,,0
37,,0
39,,0
37,,0
38,,0
43,,0
48,,0
48,,0
49,,0
48,,0
49,,0
46,,0
42,,0
37,,0
34,,0
32,,0
33,,0
34,,0
33,,0
34,,0
32,,0
33,,0
32,,0
33,,0
35,,0
34,,0
34,,0
36,,0
38,,0
44,,0
48,,0
47,,0
47,,0
47,,25
46,,47
45,,0
41,,0
36,,0
32,,0
32,,0
32,,0
32,,0
33,,0
33,,0
34,,0
34,,0
35,,0
34,,0
34,,63
37,,0
37,,88
38,,88
37,,100
39,,88
42,,100
41,,100
41,,100
41,,100
43,,94
39,,100
40,,94
41,,100
41,,100
44,,100
44,,100
43,,100
46,,88
47,,88
44,,100
47,,100
46,,50
46,,100
47,,63
47,,40
46,,88
47,,52
48,,100
46,,100
45,,100
45,,100
45,,100
43,,100
43,,100
43,,100
44,,100
43,,100
44,,100
43,,100
41,,100
38,,100
36,,50
35,,0
35,,0
36,,0
38,,0
38,,0
41,,0
44,,0
45,,50
46,,0
48,,88
49,,25
51,,25
53,,25
53,,25
54,,0
54,,0
52,,0
51,,0
45,,0
39,,0
40,,25
40,,0
42,,0
48,,25
48,,50
48,,0
49,,0
49,,0
49,,0
45,,66
46,,100
46,,100
46,,94
48,,53
51,,47
52,,25
50,,50
51,,13
49,,25
49,,84
48,,63
46,,63
44,,0
43,,0
41,,0
42,,0
44,,0
44,,50
45,,0
46,,100
44,,100
42,,53
41,,0
42,,0
42,,0
43,,0
45,,0
48,,25
50,,0
55,,25
57,,0
54,,0
56,,25
54,,17
55,,8
51,,0
48,,0
41,,0
41,,0
39,,0
38,,0
45,,0
44,,0
42,,0
40,,0
41,,25
39,,0
46,,0
45,,0
42,,25
43,,25
45,,56
48,,25
52,,0
53,,0
54,,0
53,,0
54,,0
58,,0
53,,0
48,,0
41,,0
40,,0
40,,0
40,,0
41,,0
43,,0
44,,0
41,,0
42,,0
41,,0
42,,0
41,,0
44,,0
45,,0
48,,0
53,,0
59,,0
59,,0
61,,0
58,,0
58,,0
63,,0
58,,0
52,,0
41,,0
39,,0
40,,0
38,,0
40,,0
40,,0
42,,0
44,,0
44,,0
41,,0
42,,0
43,,0
42,,0
46,,0
49,,0
54,,0
57,,0
58,,0
59,,0
58,,0
58,,0
57,,0
55,,0
53,,0
44,,0
41,,0
44,,0
42,,0
45,,0
47,,0
47,,0
49,,0
50,,0
50,,0
50,,0
51,,0
52,,0
52,,58
52,,100
53,,100
54,,100
56,,88
55,,100
56,,75
56,,78
56,,61
54,,100
56,,100
53,,58
54,,80
53,,88
52,,100
53,,100
53,,100
53,,94
53,,85
55,,0
55,,0
56,,33
56,,67
55,,63
56,,63
56,,100
56,,85
58,,75
53,,19
60,,0
56,,58
52,,0
56,,52
50,,69
49,,33
46,,0
46,,0
44,,33
43,,56
44,,0
45,,32
44,,27
45,,56
45,,0
46,,0
45,,0
46,,0
47,,0
50,,0
50,,46
51,,67
53,,88
53,,100
52,,90
52,,94
52,,20
50,,0
50,,0
48,,10
46,,47
44,,15
46,,0
47,,0
45,,14
44,,0
43,,38
43,,33
44,,43
45,,65
47,,0
49,,13
47,,88
48,,75
50,,60
50,,0
51,,25
52,,40
51,,0
52,,0
51,,0
52,,0
52,,33
51,,17
51,,0
51,,0
51,,0
52,,0
51,,80
52,,33
53,,100
53,,100
54,,75
54,,75
55,,100
55,,100
55,,100
55,,78
54,,59
55,,88
57,,50
59,,88
58,,0
62,,17
66,,88
60,,100
59,,100
57,,100
56,,100
56,,100
55,,100
54,,100
53,,88
55,,100
55,,100
54,,100
53,,75
52,,100
53,,88
52,,0
51,,0
53,,0
53,,25
57,,100
58,,100
58,,100
57,,100
56,,100
55,,100
55,,100
54,,100
52,,100
51,,100
51,,100
51,,100
51,,100
50,,100
49,,100
48,,98
46,,63
48,,50
49,,0
48,,50
48,,50
49,,67
49,,0
49,,0
48,,8
50,,30
57,,46
52,,71
51,,50
52,,44
50,,98
47,,46
47,,0
40,,8
40,,29
41,,23
41,,13
42,,28
41,,0
42,,60
43,,0
44,,14
45,,0
46,,0
47,,0
48,,0
49,,0
49,,0
50,,0
50,,0
51,,0
51,,0
52,,21
52,,80
51,,55
53,,47
50,,59
49,,0
49,,0
47,,0
46,,83
47,,0
47,,14
48,,0
47,,0
47,,15
48,,0
49,,0
49,,38
46,,8
48,,33
49,,20
51,,4
54,,25
55,,0
57,,0
54,,25
53,,45
52,,38
50,,23
49,,0
47,,0
43,,38
44,,13
43,,0
44,,45
45,,23
45,,28
45,,0
45,,0
48,,71
50,,97
47,,59
48,,75
49,,0
50,,0
53,,0
55,,0
56,,0
55,,25
55,,0
55,,13
52,,0
53,,0
49,,0
45,,0
43,,59
45,,33
45,,67
44,,48
44,,27
45,,67
48,,100
49,,50
48,,60
47,,53
47,,0
47,,0
48,,63
51,,0
52,,0
53,,0
53,,0
54,,46
54,,13
53,,100
52,,100
51,,100
51,,100
49,,100
49,,100
49,,100
49,,100
49,,100
49,,100
49,,100
49,,100
50,,50
50,,100
51,,100
51,,100
51,,100
51,,100
52,,100
52,,100
53,,100
53,,100
53,,100
53,,100
51,,100
50,,100
49,,67
48,,0
47,,25
47,,33
47,,50
47,,0
46,,0
46,,33
47,,100
49,,100
49,,67
49,,100
49,,100
49,,100
50,,0
49,,0
49,,0
50,,0
50,,50
50,,100
51,,80
50,,17
47,,25
47,,50
45,,4
46,,0
42,,0
39,,23
43,,0
44,,0
45,,0
46,,0
45,,0
46,,0
46,,0
47,,0
46,,0
47,,60
47,,0
47,,33
48,,0
48,,0
48,,0
49,,0
49,,67
48,,100
48,,100
48,,100
47,,100
47,,67
47,,33
47,,33
47,,0
47,,0
47,,0
47,,0
47,,0
48,,0
47,,0
48,,0
48,,0
48,,0
48,,0
48,,0
50,,0
49,,0
49,,0
50,,25
50,,100
51,,25
50,,33
49,,97
48,,20
46,,0
44,,33
39,,5
43,,33
42,,33
42,,0
44,,17
42,,0
43,,0
42,,0
45,,0
46,,0
45,,0
46,,0
48,,0
49,,0
51,,0
58,,0
58,,0
60,,0
57,,0
58,,0
54,,0
54,,0
53,,0
45,,0
41,,0
41,,0
42,,0
41,,0
40,,0
43,,0
43,,0
42,,0
43,,0
43,,0
44,,0
45,,0
46,,0
49,,0
51,,0
53,,0
59,,0
56,,0
59,,0
57,,0
55,,0
55,,0
54,,0
45,,0
40,,0
40,,0
41,,0
42,,0
42,,0
42,,0
43,,0
44,,0
44,,0
44,,0
44,,0
46,,0
46,,0
50,,0
58,,0
59,,0
61,,0
63,,0
58,,0
61,,0
62,,0
62,,0
54,,0
44,,0
39,,0
40,,0
40,,0
40,,0
40,,0
41,,0
41,,0
42,,0
42,,0
42,,0
43,,0
43,,0
46,,0
48,,0
53,,0
55,,0
59,,0
60,,0
55,,0
55,,0
54,,0
51,,0
51,,0
41,,0
36,,0
36,,0
36,,0
36,,0
36,,0
38,,0
38,,0
38,,0
39,,0
40,,0
40,,0
43,,0
44,,0
46,,0
52,,0
60,,0
59,,0
57,,0
58,,0
57,,0
57,,0
61,,0
56,,0
48,,0
46,,0
38,,0
37,,0
39,,0
40,,0
39,,0
41,,0
40,,0
41,,0
42,,0
43,,0
41,,0
44,,0
49,,0
60,,0
62,,0
63,,0
62,,0
64,,0
62,,0
61,,0
60,,0
54,,0
48,,0
43,,0
45,,0
41,,0
44,,0
42,,0
42,,0
42,,0
40,,0
43,,0
39,,0
42,,0
43,,0
44,,0
49,,0
54,,0
58,,0
59,,0
59,,0
54,,0
51,,0
50,,46
50,,25
47,,0
41,,17
35,,0
35,,0
36,,0
36,,0
37,,0
38,,0
39,,0
39,,0
40,,0
42,,0
43,,0
45,,0
46,,0
47,,0
52,,0
53,,0
55,,0
55,,0
55,,0
58,,0
54,,0
52,,0
55,,0
43,,0
40,,0
38,,0
37,,0
43,,0
41,,0
40,,0
43,,0
43,,0
43,,0
45,,0
44,,0
45,,0
48,,0
47,,0
59,,0
61,,0
61,,0
62,,0
61,,0
60,,0
60,,0
59,,0
56,,0
49,,0
46,,0
49,,0
50,,0
49,,0
48,,0
46,,0
51,,0
51,,0
52,,0
52,,0
49,,0
53,,0
53,,0
53,,0
55,,0
58,,0
60,,0
62,,0
62,,0
60,,0
57,,0
55,,25
53,,100
52,,100
51,,100
52,,100
52,,100
53,,100
53,,100
53,,100
53,,100
53,,33
53,,0
53,,0
53,,79
52,,0
52,,0
53,,0
56,,0
59,,0
61,,0
60,,0
59,,0
65,,0
63,,0
63,,0
67,,0
56,,0
49,,0
49,,0
50,,0
53,,0
57,,0
58,,0
53,,0
54,,0
55,,0
56,,0
56,,0
61,,0
60,,0
66,,0
72,,0
80,,0
82,,0
84,,0
87,,0
74,,0
74,,0
73,,0
65,,0
69,,0
67,,0
66,,0
63,,0
53,,0
53,,0
51,,0
49,,0
49,,0
48,,0
49,,0
50,,0
53,,0
56,,0
57,,0
62,,0
69,,0
75,,0
70,,0
70,,0
68,,0
69,,0
59,,0
53,,33
49,,0
49,,0
50,,0
51,,0
53,,0
53,,0
54,,0
54,,0
55,,0
55,,0
55,,0
55,,40
54,,72
55,,25
59,,0
62,,0
67,,0
70,,0
66,,0
60,,0
57,,0
57,,0
53,,69
53,,25
50,,0
44,,46
44,,25
45,,0
44,,0
46,,0
45,,0
47,,0
47,,0
47,,0
48,,0
49,,0
50,,0
51,,0
55,,0
61,,0
61,,0
62,,0
62,,0
60,,0
58,,0
55,,0
54,,0
53,,0
49,,0
44,,0
44,,0
45,,0
46,,0
46,,0
47,,25
48,,94
47,,0
47,,0
48,,0
49,,0
50,,0
51,,44
55,,88
59,,100
61,,100
62,,100
62,,100
61,,100
63,,100
62,,100
59,,100
55,,100
52,,100
50,,100
49,,100
49,,100
48,,100
46,,25
46,,88
45,,88
47,,0
48,,0
48,,0
50,,0
50,,0
50,,0
54,,0
56,,0
58,,0
58,,50
59,,0
59,,33
59,,81
58,,69
57,,88
56,,67
54,,0
54,,75
54,,71
54,,75
54,,100
54,,100
54,,100
57,,100
56,,0
54,,0
55,,0
54,,0
54,,0
53,,0
55,,0
58,,0
59,,0
59,,38
59,,88
59,,50
60,,96
60,,100
58,,78
56,,100
54,,88
51,,25
50,,50
51,,94
51,,95
50,,78
53,,100
53,,100
53,,50
55,,0
57,,0
56,,0
56,,100
54,,100
54,,13
57,,50
59,,0
60,,25
60,,25
60,,100
60,,88
57,,94
55,,100
54,,100
52,,100
51,,100
50,,100
47,,0
47,,25
47,,31
49,,67
50,,71
51,,33
51,,38
53,,79
53,,47
54,,73
57,,100
57,,100
57,,100
56,,25
56,,81
56,,63
58,,100
60,,100
61,,100
64,,100
59,,0
52,,0
49,,0
49,,0
47,,0
47,,0
46,,0
47,,0
46,,0
46,,0
47,,25
49,,100
51,,63
50,,88
50,,100
50,,75
52,,0
53,,0
55,,0
55,,25
54,,88
51,,100
49,,100
50,,75
47,,0
46,,0
45,,0
44,,0
44,,22
40,,25
40,,25
41,,75
41,,38
42,,71
45,,0
47,,0
47,,0
47,,0
47,,0
48,,0
49,,17
49,,35
51,,48
54,,0
53,,25
52,,75
52,,88
52,,50
50,,100
48,,100
47,,75
44,,100
47,,100
48,,100
47,,100
46,,79
47,,25
50,,50
50,,100
50,,100
48,,81
46,,50
48,,47
49,,0
53,,0
55,,0
55,,0
55,,0
53,,0
52,,0
52,,63
51,,0
51,,25
47,,88
41,,88
41,,88
39,,0
39,,25
39,,0
40,,0
40,,0
39,,0
41,,0
41,,0
42,,59
45,,48
46,,0
49,,0
52,,0
53,,0
57,,0
55,,0
59,,0
56,,0
52,,0
52,,0
48,,0
43,,0
37,,0
36,,0
35,,0
37,,27
37,,0
38,,28
38,,21
40,,13
41,,0
41,,34
44,,0
47,,0
44,,0
48,,0
51,,8
60,,0
63,,0
56,,0
56,,0
59,,0
61,,0
61,,0
54,,0
52,,0
46,,0
39,,0
39,,0
40,,0
41,,0
42,,0
43,,0
44,,0
44,,0
44,,0
46,,0
48,,0
50,,0
51,,0
63,,0
66,,0
68,,0
66,,0
66,,0
64,,0
65,,0
66,,0
61,,0
57,,0
53,,0
46,,0
52,,0
52,,0
37,,0
38,,0
38,,0
39,,0
40,,0
41,,0
44,,0
45,,0
51,,0
55,,0
59,,0
61,,0
62,,0
62,,0
60,,0
59,,0
57,,0
57,,0
56,,0
51,,0
41,,0
42,,0
41,,0
41,,0
44,,0
44,,0
49,,0
51,,0
52,,0
52,,0
53,,0
53,,0
53,,0
55,,0
58,,0
61,,0
63,,0
65,,0
66,,0
66,,0
60,,0
56,,0
55,,0
50,,0
46,,27
47,,41
49,,67
48,,79
48,,71
45,,0
46,,0
47,,0
47,,0
48,,0
48,,0
51,,0
51,,0
51,,0
56,,0
60,,0
59,,0
60,,0
61,,0
59,,0
61,,0
58,,0
58,,0
52,,0
45,,0
44,,0
44,,0
45,,0
45,,0
45,,0
46,,0
47,,0
47,,0
48,,0
50,,0
52,,0
51,,0
53,,0
58,,0
66,,0
64,,0
62,,0
64,,0
66,,0
62,,0
59,,0
61,,0
53,,0
45,,0
44,,0
44,,0
44,,0
45,,0
45,,0
46,,0
47,,0
48,,0
50,,0
51,,0
53,,0
52,,0
64,,0
67,,0
70,,0
66,,0
63,,0
62,,0
60,,0
57,,0
55,,0
54,,0
50,,0
43,,0
42,,25
42,,0
43,,0
43,,0
44,,0
44,,0
45,,0
46,,0
48,,0
50,,0
53,,0
53,,0
56,,0
60,,0
61,,13
60,,0
60,,0
59,,0
59,,0
58,,0
59,,0
56,,0
50,,0
44,,0
46,,0
47,,0
48,,94
48,,100
48,,50
47,,25
47,,58
46,,0
47,,0
48,,0
49,,0
50,,0
53,,0
56,,0
57,,0
58,,0
58,,0
57,,0
58,,0
56,,0
56,,0
55,,0
51,,0
46,,25
48,,94
44,,25
46,,0
47,,50
49,,100
49,,100
48,,50
48,,88
50,,100
51,,100
51,,100
49,,25
52,,25
56,,0
56,,25
57,,0
59,,0
63,,0
57,,0
56,,0
57,,0
54,,0
49,,0
41,,0
40,,0
40,,0
40,,0
40,,0
41,,0
42,,0
42,,0
43,,0
44,,0
45,,0
46,,0
48,,0
51,,0
54,,0
55,,0
55,,0
55,,0
55,,0
53,,0
53,,0
53,,0
52,,25
46,,13
39,,0
38,,0
39,,0
40,,0
40,,0
40,,0
42,,0
42,,0
42,,0
43,,0
44,,0
46,,59
48,,0
51,,25
54,,0
55,,0
55,,0
55,,0
55,,0
55,,25
53,,75
52,,100
50,,100
49,,46
46,,25
45,,25
46,,0
47,,94
48,,88
47,,100
46,,50
46,,38
47,,94
46,,0
47,,50
48,,50
49,,88
51,,88
52,,88
52,,100
52,,63
51,,75
51,,100
53,,100
53,,100
56,,100
55,,96
51,,46
46,,50
45,,54
46,,50
45,,25
45,,0
47,,88
46,,100
48,,50
47,,100
47,,88
47,,88
48,,0
48,,0
52,,0
56,,0
56,,25
59,,0
59,,54
56,,88
57,,50
56,,88
55,,88
55,,0
51,,0
45,,50
44,,0
44,,0
48,,25
47,,88
46,,50
47,,25
48,,0
52,,0
54,,0
54,,0
55,,0
55,,0
57,,0
58,,0
60,,46
56,,100
58,,83
56,,100
56,,100
57,,96
58,,50
56,,100
54,,96
54,,100
53,,100
53,,100
54,,100
55,,75
55,,0
56,,100
55,,72
55,,100
56,,100
55,,94
55,,0
54,,13
57,,55
61,,0
63,,0
64,,0
63,,0
64,,0
68,,67
63,,54
58,,73
61,,35
58,,0
52,,0
50,,0
51,,0
52,,0
52,,0
52,,0
53,,0
54,,0
56,,0
57,,0
59,,0
60,,0
63,,0
68,,0
81,,0
81,,0
79,,0
83,,0
77,,0
78,,0
75,,0
70,,0
64,,17
59,,23
55,,23
56,,0
56,,0
57,,0
57,,75
57,,0
57,,19
56,,63
58,,100
56,,79
59,,0
61,,0
65,,0
71,,0
69,,0
77,,0
76,,0
77,,0
70,,0
65,,0
67,,0
65,,0
60,,0
59,,0
54,,0
51,,0
51,,0
52,,0
53,,0
53,,0
53,,0
54,,0
54,,0
55,,0
56,,0
58,,0
60,,0
62,,0
70,,0
68,,0
69,,0
68,,0
70,,0
66,,0
67,,0
61,,13
61,,0
57,,0
51,,0
49,,13
49,,0
49,,27
51,,13
53,,59
52,,13
53,,0
56,,25
57,,47
57,,25
60,,100
59,,88
61,,56
61,,75
63,,100
66,,63
63,,100
64,,100
68,,100
63,,100
62,,54
60,,79
61,,0
59,,25
58,,58
58,,97
58,,97
58,,94
59,,100
59,,100
60,,67
60,,100
60,,100
59,,71
57,,0
59,,0
61,,0
63,,0
67,,0
65,,0
67,,0
65,,25
61,,0
61,,0
60,,0
60,,0
57,,0
51,,0
48,,0
49,,0
50,,31
52,,25
51,,75
53,,0
54,,0
55,,0
58,,0
58,,0
59,,0
61,,0
64,,0
68,,0
69,,0
71,,0
71,,0
70,,0
69,,0
66,,0
62,,0
61,,0
58,,0
50,,0
49,,0
49,,0
50,,0
50,,0
50,,0
53,,0
52,,0
53,,0
54,,0
57,,0
59,,0
63,,0
64,,0
67,,0
69,,0
68,,0
68,,0
66,,0
64,,0
63,,25
62,,75
60,,79
58,,0
52,,0
51,,38
52,,67
52,,25
52,,0
54,,38
56,,79
57,,67
57,,69
57,,88
58,,100
59,,25
59,,100
60,,88
62,,80
58,,100
57,,98
61,,100
61,,63
61,,100
62,,100
66,,100
63,,63
62,,25
60,,88
58,,69
59,,100
60,,100
59,,100
59,,79
59,,25
59,,50
60,,100
60,,100
60,,100
60,,81
60,,85
60,,100
61,,100
62,,100
65,,100
65,,100
67,,100
70,,100
69,,100
68,,100
64,,100
61,,100
58,,100
56,,100
56,,100
55,,88
55,,25
55,,0
54,,0
56,,0
56,,0
55,,0
56,,0
57,,0
59,,0
63,,0
65,,0
66,,0
65,,0
66,,0
66,,0
65,,25
65,,0
64,,56
63,,88
60,,0
56,,25
53,,0
55,,56
56,,88
56,,88
57,,100
57,,100
58,,67
58,,100
58,,100
59,,100
59,,50
60,,94
60,,95
61,,79
61,,0
62,,94
62,,81
70,,100
71,,100
69,,100
69,,0
68,,0
61,,0
55,,0
51,,88
52,,0
51,,25
52,,25
54,,88
52,,50
52,,13
53,,0
55,,0
56,,0
59,,0
60,,0
61,,0
63,,0
65,,0
66,,0
66,,25
65,,100
65,,100
63,,100
61,,100
61,,100
60,,100
59,,100
59,,100
60,,100
60,,100
60,,100
60,,100
60,,100
61,,50
58,,96
56,,50
57,,0
60,,0
62,,0
64,,0
65,,0
68,,0
70,,0
68,,0
68,,0
67,,0
66,,0
67,,0
63,,0
61,,13
53,,0
50,,25
50,,0
52,,0
52,,0
52,,0
53,,0
54,,0
57,,0
54,,0
59,,0
60,,0
62,,0
64,,0
70,,0
75,,0
72,,0
70,,0
68,,0
64,,0
63,,69
59,,19
62,,0
58,,0
53,,0
50,,0
50,,0
52,,0
52,,0
51,,0
52,,0
53,,0
53,,0
54,,0
55,,0
58,,0
63,,0
66,,0
65,,0
65,,0
64,,25
63,,88
62,,100
63,,100
60,,78
62,,0
60,,13
57,,100
56,,100
54,,100
51,,50
50,,0
51,,0
52,,0
53,,25
52,,0
55,,0
55,,13
58,,73
60,,0
62,,25
64,,0
66,,25
65,,75
65,,88
66,,88
67,,50
67,,25
66,,25
65,,38
63,,25
61,,100
58,,100
56,,94
55,,63
55,,75
55,,53
55,,25
54,,88
56,,0
56,,25
57,,50
60,,88
61,,0
63,,46
64,,25
67,,0
68,,25
69,,0
71,,0
69,,0
66,,0
67,,0
68,,67
67,,69
63,,88
58,,50
57,,0
58,,67
58,,56
59,,100
57,,88
55,,0
58,,0
61,,42
61,,80
63,,100
63,,100
64,,25
66,,71
66,,100
67,,100
67,,100
69,,25
69,,0
67,,0
65,,0
65,,46
62,,67
61,,100
58,,79
56,,94
57,,88
59,,100
58,,100
59,,100
58,,100
58,,50
57,,94
56,,88
58,,0
58,,0
60,,0
62,,0
65,,25
67,,88
66,,100
64,,54
64,,25
63,,79
63,,92
60,,88
61,,75
58,,100
56,,100
52,,88
53,,100
52,,100
52,,0
54,,25
56,,100
55,,50
54,,59
56,,0
57,,0
57,,0
57,,14
58,,42
58,,0
61,,28
67,,46
62,,14
66,,25
67,,100
65,,100
64,,100
65,,100
63,,100
61,,59
59,,100
59,,63
59,,100
58,,100
56,,96
56,,88
55,,17
60,,42
62,,100
62,,100
62,,100
62,,83
64,,63
63,,100
64,,100
64,,100
65,,100
65,,100
65,,100
63,,81
61,,100
61,,100
59,,100
59,,100
59,,100
58,,100
58,,100
58,,100
58,,100
59,,100
59,,50
59,,100
58,,100
58,,100
59,,100
58,,75
58,,100
59,,100
61,,100
62,,88
62,,100
64,,88
64,,100
61,,100
61,,100
61,,100
60,,100
60,,100
60,,100
59,,100
59,,100
60,,100
59,,100
58,,100
57,,63
54,,25
56,,0
59,,0
61,,0
62,,0
65,,0
66,,0
65,,25
65,,88
61,,75
63,,81
65,,25
66,,100
64,,100
63,,100
62,,100
60,,100
58,,100
57,,75
58,,88
58,,59
59,,100
59,,100
60,,67
57,,78
56,,0
57,,0
60,,0
61,,0
63,,0
65,,0
65,,73
63,,100
63,,100
62,,100
61,,100
62,,100
62,,100
60,,100
58,,100
58,,100
58,,100
57,,100
57,,100
57,,20
57,,0
58,,0
58,,0
58,,68
57,,0
57,,0
60,,0
63,,0
65,,0
70,,0
66,,0
66,,0
67,,25
64,,96
62,,100
62,,100
62,,42
63,,0
64,,0
60,,0
57,,50
59,,100
58,,97
56,,0
56,,0
57,,0
59,,25
60,,94
59,,25
60,,25
62,,0
64,,0
70,,0
69,,0
69,,0
69,,0
70,,0
68,,0
71,,0
71,,0
67,,0
66,,0
64,,0
57,,0
52,,0
52,,0
52,,0
53,,0
53,,0
54,,0
55,,0
56,,0
57,,0
59,,0
60,,0
64,,0
66,,0
66,,0
69,,0
69,,0
68,,0
69,,0
67,,0
68,,0
66,,0
65,,0
64,,0
58,,0
53,,0
54,,0
54,,0
55,,0
56,,0
57,,0
58,,0
61,,0
65,,100
65,,100
65,,100
66,,100
66,,100
67,,100
68,,100
68,,100
68,,100
72,,25
72,,88
69,,100
66,,100
66,,100
64,,100
62,,100
62,,100
62,,100
62,,97
62,,100
62,,100
62,,100
62,,50
62,,100
63,,100
64,,100
63,,100
63,,100
64,,100
65,,100
65,,100
66,,63
66,,100
66,,72
66,,100
66,,100
63,,100
61,,100
59,,100
57,,50
57,,0
56,,0
57,,0
58,,0
58,,0
58,,0
58,,0
57,,100
57,,0
56,,0
57,,0
58,,33
59,,84
64,,0
65,,0
67,,0
66,,0
65,,0
63,,0
64,,0
62,,0
61,,0
65,,0
59,,0
54,,0
54,,0
53,,0
54,,0
55,,0
56,,0
56,,0
58,,0
58,,0
58,,0
60,,0
61,,0
64,,0
65,,0
71,,0
71,,0
70,,0
71,,0
72,,0
70,,0
68,,0
66,,0
62,,0
56,,0
50,,0
51,,0
51,,0
51,,0
52,,0
52,,0
53,,0
54,,0
53,,0
54,,0
56,,0
59,,0
62,,0
61,,0
62,,0
60,,25
60,,97
59,,90
62,,63
58,,0
57,,17
63,,38
56,,75
56,,0
55,,0
56,,0
55,,0
55,,0
56,,100
56,,100
54,,50
55,,75
55,,0
56,,0
56,,0
59,,0
61,,0
62,,0
63,,0
64,,0
64,,0
67,,25
60,,78
63,,25
61,,88
59,,100
56,,100
55,,69
51,,0
52,,13
55,,100
55,,100
55,,100
55,,100
57,,50
56,,66
54,,0
55,,25
55,,25
56,,0
59,,0
60,,0
61,,0
62,,0
64,,0
64,,0
69,,0
60,,0
60,,0
61,,0
59,,0
55,,0
50,,0
50,,0
51,,0
51,,0
53,,0
53,,0
55,,0
54,,0
55,,0
56,,0
56,,0
58,,0
61,,0
62,,0
64,,0
64,,0
63,,0
64,,25
62,,75
60,,80
61,,43
60,,100
60,,50
58,,0
56,,0
58,,54
57,,52
56,,0
57,,42
60,,69
61,,54
62,,41
63,,48
64,,75
65,,75
65,,100
69,,100
68,,100
71,,100
75,,100
75,,88
69,,88
70,,88
73,,25
70,,100
69,,88
65,,0
59,,0
56,,0
54,,0
53,,0
54,,0
53,,0
54,,0
54,,0
55,,0
55,,0
57,,0
58,,0
62,,0
65,,0
64,,0
67,,0
66,,0
65,,0
65,,0
67,,0
66,,25
62,,100
62,,100
61,,94
55,,27
54,,0
55,,17
54,,75
52,,32
51,,0
51,,0
51,,0
52,,0
52,,17
53,,67
53,,21
56,,56
55,,78
60,,0
58,,25
59,,25
63,,25
62,,25
63,,0
64,,0
63,,0
61,,25
60,,67
55,,46
49,,25
49,,0
50,,0
50,,0
51,,0
50,,0
50,,0
52,,0
52,,0
53,,0
55,,0
56,,0
58,,25
58,,88
58,,100
59,,88
61,,94
60,,50
60,,100
61,,100
58,,100
57,,100
56,,80
56,,100
57,,100
57,,100
57,,100
57,,100
57,,100
58,,100
58,,50
57,,100
56,,100
57,,79
56,,0
59,,0
60,,0
62,,0
64,,0
65,,0
68,,0
63,,0
63,,0
60,,25
59,,0
59,,46
58,,50
53,,0
48,,0
48,,0
49,,0
51,,0
54,,0
54,,0
54,,34
54,,0
54,,0
53,,0
57,,0
59,,0
62,,0
64,,0
65,,0
67,,0
68,,0
68,,0
67,,0
66,,0
62,,46
61,,63
60,,54
57,,50
51,,0
51,,0
51,,0
53,,0
54,,0
56,,0
56,,0
56,,0
57,,0
58,,0
56,,0
61,,0
63,,0
66,,0
66,,0
68,,0
68,,0
65,,0
64,,25
63,,100
61,,100
59,,75
58,,0
58,,80
58,,25
59,,33
59,,100
60,,100
60,,100
60,,100
60,,50
60,,100
60,,100
60,,96
59,,0
63,,0
64,,0
66,,0
66,,0
69,,0
66,,0
66,,46
67,,25
66,,0
66,,0
66,,0
65,,0
62,,25
59,,100
59,,100
61,,100
60,,100
58,,94
56,,0
56,,0
57,,0
61,,0
63,,0
63,,0
64,,0
65,,0
67,,0
68,,0
67,,0
66,,0
67,,0
67,,0
67,,0
66,,25
63,,100
61,,100
60,,96
57,,100
56,,100
54,,79
53,,0
54,,0
54,,0
55,,0
56,,0
57,,0
60,,0
61,,0
63,,0
63,,0
65,,0
67,,0
67,,25
67,,25
68,,0
67,,0
65,,0
65,,41
64,,100
61,,100
60,,100
59,,100
59,,100
57,,100
55,,94
54,,0
54,,0
55,,0
56,,0
59,,0
61,,0
61,,0
64,,0
66,,0
68,,0
67,,0
69,,0
68,,0
66,,0
65,,38
61,,75
63,,0
62,,0
60,,59
57,,79
52,,0
52,,0
52,,0
52,,0
53,,0
54,,0
54,,0
55,,0
56,,0
58,,0
60,,0
62,,0
63,,0
64,,0
66,,0
68,,0
67,,100
66,,33
64,,75
63,,88
64,,67
62,,100
61,,59
60,,79
59,,94
59,,63
60,,100
60,,81
60,,100
60,,100
60,,67
60,,38
60,,75
62,,100
62,,63
61,,100
63,,25
65,,0
66,,50
68,,50
68,,0
68,,0
67,,0
66,,0
66,,0
65,,0
62,,0
56,,0
54,,0
54,,0
53,,0
53,,0
53,,0
55,,0
55,,0
57,,0
57,,0
57,,0
61,,0
63,,0
65,,0
66,,0
67,,0
68,,0
68,,0
67,,0
68,,50
67,,88
64,,100
63,,100
64,,100
61,,100
60,,100
59,,100
59,,100
59,,69
60,,100
60,,100
61,,50
60,,100
60,,100
61,,100
60,,100
62,,100
61,,100
61,,100
62,,100
63,,100
64,,100
63,,100
62,,38
60,,100
59,,100
59,,78
59,,29
59,,85
59,,100
60,,100
60,,100
60,,100
60,,100
61,,100
61,,50
62,,100
62,,100
62,,100
62,,100
62,,100
63,,100
61,,100
63,,100
63,,100
64,,100
64,,100
63,,100
61,,25
62,,47
59,,58
60,,88
59,,100
58,,85
58,,75
58,,94
59,,63
60,,100
60,,100
60,,50
62,,100
61,,100
62,,100
61,,88
63,,0
63,,0
64,,54
66,,38
66,,100
66,,100
64,,100
63,,100
62,,100
61,,100
60,,100
60,,75
59,,100
59,,100
58,,100
59,,100
58,,100
58,,88
60,,100
61,,50
60,,100
61,,100
61,,100
61,,100
63,,94
62,,100
62,,100
63,,100
63,,100
66,,100
64,,94
63,,25
64,,79
61,,50
62,,100
61,,100
60,,100
59,,100
59,,100
60,,100
60,,100
60,,100
60,,100
59,,50
60,,100
61,,100
61,,100
62,,100
61,,100
62,,100
63,,100
64,,94
65,,25
67,,0
66,,75
65,,100
65,,100
66,,100
64,,100
65,,96
61,,100
59,,100
59,,75
58,,50
58,,100
57,,88
57,,53
57,,0
58,,0
60,,0
58,,0
60,,0
63,,0
65,,13
64,,0
66,,13
65,,13
66,,25
64,,97
63,,100
63,,100
62,,83
63,,0
63,,41
58,,67
56,,11
53,,0
55,,34
57,,100
59,,100
60,,100
58,,46
56,,0
58,,0
59,,0
62,,0
66,,0
65,,0
66,,0
68,,0
67,,0
67,,25
65,,88
65,,94
65,,25
64,,0
63,,25
62,,88
59,,0
52,,0
52,,0
52,,0
52,,0
54,,0
54,,0
55,,0
57,,0
60,,0
62,,0
63,,0
65,,0
66,,0
66,,0
66,,0
66,,0
67,,0
65,,0
62,,0
63,,0
62,,0
61,,25
58,,100
56,,100
55,,100
54,,100
54,,100
54,,100
51,,94
50,,0
51,,0
52,,0
54,,0
57,,0
58,,0
60,,0
62,,0
63,,0
63,,0
63,,0
63,,13
63,,38
63,,100
59,,100
59,,100
58,,63
57,,67
58,,100
57,,83
56,,88
57,,100
57,,100
56,,100
56,,100
54,,63
54,,46
56,,50
58,,100
58,,100
58,,100
59,,100
59,,79
62,,25
62,,94
63,,25
62,,100
62,,100
59,,100
59,,100
57,,96
57,,69
57,,38
55,,0
55,,100
56,,100
57,,100
57,,100
58,,100
58,,50
58,,100
59,,100
58,,100
58,,88
59,,0
61,,0
63,,0
62,,0
62,,0
60,,13
61,,46
60,,100
60,,100
57,,94
60,,100
57,,100
56,,100
56,,100
56,,100
56,,100
53,,75
52,,25
53,,0
55,,0
56,,0
56,,0
59,,0
59,,0
62,,0
65,,0
69,,0
72,,0
70,,0
65,,0
63,,0
61,,25
60,,100
60,,100
58,,100
57,,100
57,,100
57,,100
58,,100
59,,100
59,,100
59,,100
59,,100
59,,67
59,,100
59,,100
59,,38
60,,50
60,,100
61,,100
59,,98
60,,96
60,,94
63,,53
62,,0
63,,25
63,,50
60,,100
57,,75
57,,100
57,,60
56,,67
57,,100
58,,100
58,,100
57,,100
58,,100
58,,50
58,,100
58,,100
58,,100
58,,79
59,,0
60,,0
61,,0
62,,0
61,,0
64,,0
62,,46
60,,25
62,,25
60,,100
58,,100
57,,100
56,,100
55,,100
55,,100
55,,100
56,,100
57,,100
56,,100
56,,56
56,,92
55,,50
56,,0
56,,0
58,,0
60,,0
62,,0
63,,0
62,,0
61,,25
59,,75
61,,25
57,,100
56,,67
56,,100
56,,100
56,,100
55,,100
56,,100
56,,100
56,,100
56,,100
56,,94
52,,13
53,,0
54,,0
57,,0
58,,0
61,,0
63,,0
64,,0
63,,25
61,,83
62,,56
59,,79
64,,25
61,,88
60,,100
59,,100
59,,100
58,,100
56,,100
56,,100
56,,100
56,,100
56,,100
57,,100
53,,56
53,,0
54,,0
56,,0
58,,0
61,,0
63,,0
63,,0
63,,0
63,,0
61,,75
62,,38
59,,100
59,,100
57,,75
56,,20
56,,100
55,,100
55,,100
56,,100
56,,100
56,,100
57,,100
57,,100
56,,50
54,,79
54,,0
56,,0
57,,0
60,,0
61,,0
61,,0
62,,0
61,,13
60,,88
60,,100
59,,100
58,,100
57,,100
56,,100
56,,100
57,,100
57,,100
57,,100
57,,100
56,,100
57,,100
57,,100
57,,50
57,,100
58,,100
57,,100
57,,100
58,,25
60,,0
61,,25
61,,0
61,,0
62,,0
63,,13
59,,100
58,,100
58,,100
56,,100
55,,100
55,,100
54,,100
50,,79
48,,25
52,,92
53,,54
54,,0
53,,25
53,,0
52,,0
51,,0
55,,0
58,,0
61,,0
62,,0
63,,0
63,,0
64,,0
63,,0
62,,25
60,,69
61,,0
59,,33
59,,67
57,,0
51,,0
50,,0
51,,0
52,,0
54,,0
55,,50
55,,55
53,,25
52,,0
57,,0
58,,0
61,,0
63,,0
64,,0
65,,0
66,,0
66,,0
66,,0
67,,0
65,,58
62,,60
62,,67
63,,40
61,,46
61,,88
60,,88
60,,70
58,,94
57,,33
57,,88
58,,19
59,,63
60,,69
59,,13
61,,0
64,,0
66,,0
67,,0
69,,0
69,,0
70,,0
69,,0
69,,0
65,,25
64,,75
62,,25
61,,88
60,,100
59,,75
59,,88
58,,72
59,,94
60,,100
60,,100
61,,50
60,,100
62,,100
61,,100
61,,100
62,,100
66,,75
67,,100
65,,100
66,,88
68,,50
66,,63
64,,25
63,,67
63,,79
62,,88
61,,45
61,,25
60,,80
60,,75
60,,58
60,,92
60,,48
59,,0
59,,31
61,,63
61,,79
61,,78
61,,0
63,,0
63,,0
66,,0
70,,0
70,,0
68,,0
66,,0
63,,0
61,,50
62,,0
62,,0
59,,0
60,,0
55,,23
54,,0
55,,0
56,,25
57,,0
56,,0
57,,0
58,,50
58,,100
58,,94
58,,38
59,,100
60,,100
61,,100
62,,100
63,,92
64,,38
62,,88
63,,100
62,,69
62,,88
60,,100
60,,100
59,,100
59,,100
59,,100
59,,100
59,,100
59,,100
59,,100
60,,67
60,,100
60,,100
60,,96
59,,0
61,,0
62,,0
62,,0
63,,13
63,,41
63,,25
62,,100
61,,100
60,,94
62,,100
61,,100
60,,100
59,,100
59,,100
59,,100
59,,100
59,,100
59,,88
59,,100
60,,67
60,,100
60,,94
59,,0
59,,0
61,,0
63,,0
64,,0
66,,0
66,,0
68,,42
64,,96
64,,38
65,,25
65,,94
63,,100
61,,100
59,,100
59,,100
58,,100
58,,100
58,,100
58,,100
58,,100
59,,50
59,,100
59,,100
60,,100
60,,100
59,,100
63,,100
62,,100
62,,100
63,,100
65,,96
65,,94
66,,88
64,,100
62,,66
62,,79
63,,69
61,,100
58,,94
54,,0
55,,46
55,,50
57,,13
58,,0
59,,0
61,,0
61,,38
64,,100
64,,100
65,,100
64,,100
67,,88
67,,0
69,,0
68,,0
68,,0
69,,0
68,,69
66,,100
65,,100
64,,83
63,,63
62,,75
62,,100
62,,100
62,,38
62,,67
62,,75
61,,50
61,,88
62,,100
63,,100
63,,100
62,,100
62,,100
62,,100
61,,100
60,,100
61,,100
62,,0
64,,0
62,,88
61,,25
64,,0
61,,38
58,,75
56,,0
56,,59
56,,100
56,,94
58,,100
58,,100
58,,50
58,,100
58,,100
58,,100
59,,100
60,,100
61,,100
62,,100
63,,100
63,,100
63,,100
63,,100
61,,100
60,,100
59,,63
58,,100
57,,100
56,,96
57,,75
57,,100
57,,100
57,,100
57,,73
58,,68
58,,63
58,,96
59,,100
60,,100
59,,96
59,,0
61,,0
61,,0
62,,0
64,,0
62,,0
62,,0
62,,0
62,,0
62,,25
61,,100
58,,100
57,,94
57,,100
56,,100
55,,100
57,,100
57,,100
58,,100
59,,50
60,,100
60,,100
60,,94
59,,0
61,,0
62,,0
61,,0
62,,0
63,,0
64,,0
62,,0
64,,0
62,,0
63,,25
60,,88
60,,50
57,,100
57,,100
56,,100
57,,100
58,,100
58,,100
58,,100
59,,50
59,,100
60,,100
60,,94
59,,0
61,,0
63,,0
64,,0
64,,38
65,,88
62,,100
61,,100
61,,100
60,,100
59,,100
58,,100
58,,100
57,,100
56,,96
57,,100
56,,100
57,,100
57,,100
57,,100
57,,50
56,,59
54,,0
56,,0
57,,0
59,,0
61,,0
62,,0
61,,38
60,,88
60,,100
59,,100
60,,100
60,,100
59,,100
59,,100
58,,100
58,,100
57,,100
57,,100
57,,100
57,,94
57,,25
58,,100
58,,50
58,,100
57,,88
57,,0
57,,0
60,,0
61,,0
63,,0
63,,0
62,,0
63,,13
61,,100
62,,92
59,,38
60,,100
58,,100
58,,100
57,,100
55,,79
55,,100
56,,100
56,,58
55,,100
54,,100
54,,63
54,,0
56,,54
56,,0
58,,0
60,,0
61,,0
63,,0
63,,0
64,,0
65,,0
66,,0
63,,0
62,,53
60,,0
60,,25
58,,100
56,,75
54,,38
53,,33
56,,44
56,,25
57,,100
57,,100
59,,50
57,,100
59,,94
58,,25
61,,88
62,,0
62,,0
63,,0
64,,0
64,,0
64,,0
60,,0
61,,13
60,,78
60,,60
60,,47
58,,38
56,,100
55,,67
54,,92
53,,100
52,,75
53,,88
56,,100
55,,50
53,,69
57,,88
56,,0
57,,0
60,,50
61,,0
61,,0
59,,50
61,,88
61,,88
58,,100
58,,79
59,,96
58,,88
57,,100
56,,100
54,,100
54,,100
53,,100
53,,100
50,,71
47,,0
48,,0
49,,0
50,,0
52,,0
55,,0
57,,0
59,,0
60,,0
60,,0
60,,0
60,,0
61,,0
61,,0
61,,0
58,,25
59,,13
57,,25
56,,88
53,,55
49,,27
49,,0
50,,50
50,,25
50,,85
50,,75
49,,69
51,,23
50,,25
50,,0
53,,38
55,,53
56,,88
58,,88
57,,100
57,,100
57,,100
58,,67
55,,60
55,,100
54,,100
53,,98
52,,56
49,,46
46,,25
43,,50
44,,38
47,,0
48,,0
49,,0
49,,0
50,,0
51,,0
51,,0
52,,80
54,,35
53,,0
54,,75
56,,73
56,,72
58,,0
58,,25
62,,0
62,,0
62,,0
61,,0
60,,0
56,,0
53,,0
52,,100
51,,88
52,,100
53,,100
52,,100
51,,13
52,,25
54,,25
56,,72
57,,67
57,,100
58,,100
59,,100
60,,100
61,,100
60,,88
64,,88
63,,100
64,,100
60,,100
57,,100
58,,100
55,,100
50,,25
50,,88
50,,100
47,,0
47,,0
47,,0
47,,0
48,,25
49,,63
50,,67
51,,50
52,,0
53,,0
55,,0
56,,13
59,,0
60,,0
60,,0
59,,0
57,,0
57,,0
55,,0
54,,25
52,,0
49,,25
46,,96
45,,38
46,,0
47,,0
47,,0
47,,0
48,,0
49,,0
50,,0
51,,0
54,,0
54,,0
55,,0
56,,0
56,,0
59,,0
57,,0
55,,0
56,,0
55,,25
56,,25
54,,88
51,,94
49,,50
47,,66
48,,75
48,,79
47,,0
47,,0
47,,0
48,,0
46,,0
50,,0
51,,0
55,,0
57,,0
57,,0
61,,0
63,,0
65,,0
63,,0
65,,0
62,,0
57,,0
56,,0
54,,0
52,,0
47,,0
44,,0
45,,0
45,,0
46,,0
47,,0
48,,0
48,,0
50,,0
50,,0
52,,0
54,,0
57,,0
57,,0
61,,0
62,,0
64,,0
63,,0
62,,0
57,,0
57,,0
54,,0
53,,25
52,,0
47,,0
45,,0
44,,0
46,,0
46,,0
47,,0
49,,0
51,,0
50,,0
52,,0
54,,0
57,,0
61,,0
61,,0
63,,0
64,,0
64,,0
66,,0
65,,0
65,,0
63,,0
62,,0
59,,0
52,,0
46,,0
44,,0
44,,0
45,,0
46,,0
47,,0
47,,0
49,,0
50,,0
54,,0
56,,0
58,,0
60,,0
62,,0
64,,0
64,,0
66,,0
66,,0
66,,0
65,,0
64,,0
62,,0
54,,0
53,,0
46,,0
44,,0
44,,0
45,,0
46,,0
46,,0
47,,0
48,,0
50,,0
51,,0
54,,0
56,,0
58,,0
60,,0
66,,0
64,,0
65,,0
64,,0
64,,0
61,,0
59,,0
56,,46
55,,25
52,,100
48,,66
45,,38
46,,0
46,,25
46,,0
48,,50
49,,0
51,,0
52,,0
52,,0
54,,0
56,,0
57,,0
59,,0
60,,0
62,,0
64,,0
63,,0
63,,0
61,,0
61,,25
57,,96
55,,94
53,,75
50,,0
47,,25
48,,38
48,,0
49,,0
49,,0
49,,0
50,,0
51,,0
54,,0
55,,0
57,,0
59,,0
60,,0
60,,0
62,,0
62,,0
60,,0
59,,13
57,,96
54,,100
54,,100
54,,100
54,,100
53,,100
53,,100
53,,100
53,,100
53,,100
53,,100
53,,50
53,,100
53,,100
53,,100
54,,88
54,,100
54,,100
54,,100
55,,100
54,,100
56,,100
54,,100
53,,100
52,,100
52,,100
51,,100
52,,60
51,,0
51,,100
51,,100
52,,100
52,,100
52,,100
52,,100
52,,50
52,,100
52,,100
53,,100
53,,100
53,,100
55,,100
55,,100
55,,100
58,,88
56,,94
56,,50
56,,100
54,,100
53,,100
53,,100
53,,100
53,,100
52,,100
52,,100
52,,100
53,,100
53,,100
53,,100
53,,50
53,,100
53,,100
53,,100
54,,100
54,,94
56,,0
56,,50
57,,79
57,,100
57,,88
59,,100
57,,100
55,,100
54,,100
54,,100
53,,83
52,,69
52,,25
52,,100
53,,100
53,,100
53,,100
53,,100
53,,83
53,,100
53,,100
54,,100
54,,100
55,,100
56,,100
56,,100
56,,100
56,,100
57,,100
58,,100
56,,100
56,,100
55,,75
55,,50
55,,33
55,,100
55,,50
55,,83
55,,0
55,,0
56,,0
55,,34
56,,0
58,,0
59,,0
59,,0
61,,0
64,,0
63,,0
63,,0
70,,0
66,,0
66,,0
71,,0
73,,0
75,,0
74,,0
69,,0
73,,0
67,,0
58,,0
56,,0
57,,0
57,,0
59,,0
61,,0
62,,0
62,,0
63,,0
66,,0
70,,0
75,,0
76,,0
78,,0
79,,0
80,,0
81,,0
83,,0
83,,0
78,,0
79,,0
70,,0
81,,0
72,,0
62,,0
58,,0
59,,0
58,,0
59,,0
59,,0
59,,0
60,,0
61,,0
60,,0
64,,0
66,,0
69,,0
72,,0
65,,0
62,,0
67,,0
65,,0
64,,0
69,,0
69,,0
64,,0
61,,0
61,,0
52,,0
49,,0
49,,0
49,,0
49,,0
50,,0
51,,0
52,,0
53,,0
52,,0
55,,0
57,,0
62,,0
61,,0
61,,0
62,,0
62,,0
73,,0
62,,0
64,,0
62,,0
57,,0
55,,0
55,,0
47,,0
46,,0
45,,0
45,,0
47,,0
47,,0
49,,0
51,,0
51,,0
54,,0
52,,0
55,,0
58,,0
61,,0
63,,0
66,,0
65,,0
65,,0
63,,0
63,,0
62,,0
57,,0
54,,0
50,,0
44,,0
40,,0
41,,0
41,,0
43,,0
44,,0
46,,0
48,,0
51,,0
53,,0
54,,0
56,,0
59,,0
61,,0
61,,0
62,,0
62,,0
62,,0
61,,0
61,,0
60,,0
56,,0
54,,0
52,,0
45,,0
42,,0
43,,50
44,,25
47,,75
50,,50
50,,0
51,,25
52,,50
53,,50
53,,25
56,,25
57,,25
59,,25
59,,0
60,,0
60,,0
60,,25
60,,0
59,,0
58,,50
56,,88
55,,100
53,,100
52,,100
53,,79
52,,100
53,,100
53,,96
53,,88
53,,17
54,,100
55,,100
54,,100
54,,92
56,,54
60,,25
60,,88
59,,25
61,,0
60,,0
58,,63
57,,38
58,,0
58,,0
57,,0
55,,0
53,,0
47,,0
44,,0
45,,0
45,,0
45,,0
46,,0
46,,0
47,,0
49,,0
50,,0
51,,0
55,,0
56,,0
58,,0
57,,0
57,,0
57,,50
53,,69
52,,100
53,,100
52,,100
51,,100
51,,100
50,,100
50,,100
50,,100
50,,100
50,,100
51,,100
51,,100
51,,63
49,,0
50,,0
49,,0
51,,0
54,,0
56,,0
57,,0
57,,0
57,,0
57,,0
58,,0
55,,50
54,,100
53,,100
51,,100
51,,100
51,,100
51,,100
50,,100
51,,100
51,,100
51,,100
51,,100
51,,50
51,,100
51,,100
51,,100
51,,100
52,,100
52,,100
53,,100
54,,100
54,,100
53,,100
55,,100
53,,100
53,,100
52,,100
51,,100
50,,0
51,,0
51,,100
52,,100
52,,100
52,,100
52,,100
52,,100
53,,50
53,,100
53,,100
53,,67
52,,69
54,,100
55,,100
55,,94
56,,100
56,,100
55,,100
55,,100
54,,100
53,,0
52,,0
52,,75
51,,80
52,,60
52,,100
52,,100
52,,100
52,,100
52,,100
52,,100
52,,50
52,,92
52,,100
52,,100
52,,100
52,,100
53,,100
55,,100
54,,100
55,,100
56,,100
54,,100
53,,100
53,,100
52,,100
53,,100
52,,100
52,,100
51,,100
50,,94
50,,13
52,,100
52,,100
51,,100
52,,63
52,,88
52,,75
53,,88
53,,100
53,,100
53,,100
54,,100
55,,75
57,,100
56,,100
56,,100
52,,100
53,,100
52,,100
52,,94
52,,100
51,,68
51,,44
51,,65
51,,95
51,,33
51,,68
52,,69
52,,59
51,,58
51,,96
51,,42
52,,63
53,,69
55,,100
56,,94
59,,25
57,,38
56,,100
57,,100
56,,100
55,,100
54,,100
53,,100
53,,100
54,,100
53,,75
52,,100
52,,100
52,,100
52,,100
52,,100
53,,50
53,,100
53,,100
53,,100
53,,100
54,,100
53,,100
55,,88
57,,0
58,,0
57,,25
58,,100
56,,100
55,,100
54,,100
53,,100
52,,100
51,,100
51,,100
51,,100
51,,100
51,,100
51,,100
51,,100
51,,13
52,,63
52,,100
51,,100
51,,38
52,,63
52,,100
53,,25
54,,65
54,,46
53,,92
55,,50
53,,59
53,,80
52,,69
52,,78
52,,68
51,,78
50,,97
50,,66
50,,81
50,,100
50,,78
50,,94
47,,25
47,,69
48,,25
49,,0
51,,0
53,,0
56,,50
54,,100
57,,25
56,,25
57,,25
57,,88
58,,25
56,,88
54,,0
53,,0
51,,92
49,,100
49,,100
49,,100
49,,100
49,,100
49,,100
48,,100
49,,70
49,,92
49,,44
48,,100
50,,77
50,,100
51,,100
52,,100
53,,100
54,,88
59,,50
56,,88
58,,0
57,,0
57,,0
56,,0
55,,0
52,,0
49,,0
45,,0
48,,0
50,,100
51,,100
51,,100
51,,50
51,,100
51,,100
51,,100
52,,97
53,,38
55,,100
56,,98
56,,50
58,,0
59,,13
58,,88
56,,100
55,,100
54,,100
54,,100
54,,100
53,,98
52,,88
51,,96
51,,98
52,,100
53,,100
52,,92
52,,59
53,,100
53,,100
53,,100
54,,100
54,,96
56,,25
59,,13
60,,88
60,,0
62,,0
61,,0
63,,0
61,,0
63,,0
61,,50
56,,100
53,,100
52,,83
49,,80
50,,38
53,,100
53,,100
53,,100
53,,50
53,,100
53,,100
53,,100
54,,100
55,,100
56,,100
57,,94
60,,50
60,,50
60,,100
60,,100
58,,100
58,,100
59,,100
57,,88
55,,25
51,,0
45,,0
43,,17
45,,25
47,,78
47,,73
48,,38
49,,67
51,,63
52,,88
52,,47
52,,73
52,,100
52,,70
54,,72
54,,42
55,,71
52,,59
51,,69
52,,100
54,,75
53,,38
53,,100
52,,75
52,,75
52,,100
51,,83
51,,79
50,,88
50,,75
50,,84
50,,67
50,,100
50,,100
50,,50
51,,100
52,,100
54,,100
53,,100
55,,100
57,,100
56,,100
57,,88
58,,0
57,,0
55,,0
56,,25
53,,0
49,,0
45,,0
43,,0
44,,65
46,,100
45,,100
45,,94
43,,0
44,,0
46,,0
50,,0
51,,0
54,,0
55,,0
57,,0
57,,50
58,,50
57,,100
57,,88
58,,0
57,,0
55,,0
56,,0
55,,0
52,,0
45,,0
46,,100
46,,25
45,,0
45,,88
45,,0
47,,0
48,,0
47,,50
49,,0
50,,0
53,,0
53,,100
54,,100
56,,100
54,,100
56,,100
55,,100
56,,100
53,,100
51,,100
50,,100
50,,100
51,,100
49,,100
49,,100
49,,100
49,,100
50,,88
50,,25
51,,50
52,,100
52,,100
52,,100
53,,100
55,,100
55,,100
55,,100
53,,100
56,,100
56,,100
55,,100
55,,100
56,,100
55,,94
53,,94
53,,38
51,,100
51,,100
51,,100
51,,100
51,,56
50,,79
50,,95
51,,58
51,,25
51,,54
50,,88
50,,63
51,,67
51,,90
51,,100
51,,78
52,,80
54,,71
54,,100
53,,100
50,,100
55,,88
55,,100
53,,100
54,,100
53,,88
51,,25
51,,0
50,,0
49,,50
51,,25
50,,63
52,,75
52,,50
56,,100
57,,100
57,,100
58,,100
60,,100
62,,100
62,,100
63,,100
63,,100
61,,100
58,,100
55,,100
53,,100
52,,100
52,,58
52,,63
52,,54
51,,46
51,,75
51,,94
51,,25
51,,13
51,,100
51,,88
52,,100
53,,63
53,,44
54,,25
55,,100
57,,25
56,,25
55,,100
56,,100
55,,100
54,,25
54,,100
54,,100
54,,100
53,,100
52,,100
52,,100
52,,100
52,,100
52,,100
52,,100
52,,50
52,,100
52,,100
52,,100
52,,100
52,,100
52,,100
53,,100
53,,100
54,,100
54,,100
55,,100
54,,100
54,,100
53,,100
52,,100
51,,100
50,,100
50,,100
49,,100
50,,100
49,,100
50,,100
50,,100
50,,50
50,,100
50,,100
50,,100
50,,100
51,,100
51,,100
51,,100
52,,100
52,,100
53,,100
52,,100
53,,100
52,,100
51,,100
50,,100
49,,100
48,,100
48,,100
48,,100
48,,100
48,,100
49,,100
49,,100
50,,50
50,,100
50,,100
50,,100
50,,100
51,,100
51,,100
52,,100
53,,100
52,,100
52,,100
53,,100
53,,100
52,,100
51,,100
50,,100
50,,100
49,,100
48,,100
48,,100
48,,100
48,,100
48,,100
47,,75
47,,0
48,,0
46,,0
48,,0
48,,57
49,,33
49,,0
50,,50
52,,94
55,,53
53,,75
52,,97
52,,100
51,,0
51,,83
50,,40
49,,0
48,,0
48,,0
48,,0
48,,0
48,,100
49,,0
49,,25
50,,75
50,,100
50,,100
51,,100
51,,100
52,,100
53,,100
53,,100
55,,100
54,,100
54,,100
53,,100
52,,100
53,,100
54,,100
52,,100
51,,100
49,,100
49,,100
49,,100
50,,100
50,,100
50,,100
50,,100
51,,50
51,,100
51,,100
51,,100
51,,75
51,,94
53,,54
54,,50
56,,0
58,,0
57,,0
57,,0
56,,0
56,,0
54,,25
53,,88
50,,100
49,,100
49,,100
48,,100
48,,100
46,,100
46,,96
45,,54
47,,17
48,,38
50,,100
50,,100
51,,100
51,,100
52,,96
54,,88
52,,100
53,,100
53,,100
52,,100
52,,100
51,,100
51,,100
50,,100
50,,100
50,,100
50,,100
49,,100
50,,100
50,,100
50,,100
50,,100
50,,50
50,,100
50,,75
50,,100
50,,38
50,,88
50,,59
50,,88
51,,63
51,,100
51,,67
52,,100
51,,100
50,,100
50,,100
48,,88
48,,100
49,,100
48,,100
49,,100
49,,100
48,,100
48,,100
48,,100
48,,50
48,,100
48,,100
48,,100
49,,100
49,,100
49,,100
50,,100
51,,100
53,,100
52,,75
51,,100
51,,100
50,,100
49,,100
49,,100
48,,100
47,,100
46,,100
47,,100
47,,100
47,,100
47,,100
47,,100
47,,67
47,,100
47,,100
47,,100
47,,100
47,,100
48,,100
49,,100
50,,75
52,,88
52,,100
50,,100
49,,100
49,,100
49,,100
48,,100
46,,67
45,,0
44,,0
43,,0
44,,0
45,,100
46,,100
47,,100
47,,68
43,,0
45,,0
46,,0
47,,0
50,,0
52,,0
54,,0
55,,0
55,,0
54,,0
55,,0
53,,0
52,,25
51,,25
49,,88
49,,96
45,,25
37,,0
36,,0
39,,0
40,,0
40,,0
40,,0
40,,0
40,,0
41,,0
43,,0
46,,0
49,,0
51,,0
52,,0
53,,0
54,,0
54,,0
53,,0
52,,0
50,,0
50,,0
49,,25
47,,73
43,,71
40,,88
41,,94
38,,88
37,,0
37,,0
37,,0
38,,0
40,,0
42,,0
46,,0
47,,0
51,,0
56,,0
57,,0
56,,0
56,,0
54,,0
55,,0
55,,0
54,,0
54,,0
53,,0
52,,0
48,,0
39,,0
38,,0
39,,0
40,,0
42,,0
45,,0
45,,0
48,,0
48,,0
50,,0
49,,0
56,,0
63,,0
65,,0
66,,0
65,,0
66,,0
65,,0
56,,0
54,,0
52,,0
52,,0
49,,0
46,,0
39,,50
37,,0
38,,0
39,,0
40,,0
40,,0
42,,0
44,,0
44,,0
46,,0
50,,0
51,,0
54,,0
57,,0
58,,0
60,,0
63,,0
64,,0
64,,0
55,,25
53,,88
51,,71
50,,0
47,,13
39,,0
39,,0
40,,0
41,,0
41,,0
42,,0
43,,0
46,,0
47,,0
47,,0
49,,0
50,,25
54,,0
55,,0
55,,0
58,,0
58,,0
57,,0
56,,0
53,,46
51,,100
50,,100
48,,94
45,,50
37,,0
37,,0
38,,0
40,,0
40,,0
41,,0
42,,0
45,,0
46,,0
47,,0
48,,0
51,,0
53,,0
55,,0
58,,0
60,,0
62,,0
63,,0
61,,0
58,,0
55,,67
51,,100
49,,100
45,,100
41,,96
40,,50
41,,0
42,,0
42,,0
43,,0
44,,0
47,,0
48,,0
49,,0
49,,0
52,,0
55,,0
57,,0
57,,0
58,,0
58,,0
55,,25
54,,88
51,,100
50,,100
49,,100
49,,100
48,,100
48,,100
48,,100
49,,100
49,,100
50,,100
49,,100
48,,59
45,,0
46,,0
48,,0
49,,0
51,,0
54,,0
54,,25
53,,75
52,,100
53,,100
53,,100
51,,100
52,,100
51,,100
51,,100
49,,100
49,,100
48,,67
49,,100
49,,100
48,,94
48,,38
49,,88
50,,50
50,,100
49,,79
48,,0
47,,0
50,,0
53,,0
55,,0
55,,13
56,,0
55,,25
54,,25
54,,33
54,,94
53,,100
50,,100
50,,100
50,,100
50,,100
49,,100
50,,100
50,,100
50,,100
51,,100
51,,50
51,,100
52,,79
52,,0
52,,0
55,,0
57,,0
61,,0
60,,0
61,,0
60,,0
59,,0
57,,0
57,,0
55,,0
53,,50
51,,75
50,,100
47,,84
45,,0
46,,25
46,,0
46,,0
47,,0
47,,0
48,,0
50,,0
49,,0
50,,0
52,,0
54,,0
56,,0
58,,0
57,,0
55,,0
54,,0
54,,50
54,,25
52,,25
50,,100
49,,100
49,,100
49,,100
49,,100
49,,100
49,,100
49,,100
50,,100
50,,67
50,,75
50,,72
51,,100
50,,94
50,,0
53,,0
55,,0
55,,0
56,,0
57,,0
56,,0
54,,0
55,,0
54,,0
52,,13
51,,38
50,,75
46,,100
44,,100
42,,88
44,,0
48,,50
49,,100
50,,50
50,,100
50,,100
50,,100
50,,100
50,,100
51,,100
51,,100
52,,100
53,,100
52,,100
53,,100
53,,100
52,,100
52,,100
51,,100
51,,100
50,,68
50,,88
50,,88
51,,92
52,,72
52,,81
52,,100
52,,75
53,,97
53,,100
52,,100
52,,47
53,,85
54,,88
55,,50
55,,50
55,,88
56,,75
55,,100
55,,71
55,,100
54,,100
54,,100
53,,78
52,,100
52,,100
53,,100
53,,100
53,,100
54,,100
54,,100
54,,80
53,,100
54,,100
54,,100
54,,100
55,,88
57,,50
58,,25
58,,88
58,,25
59,,25
58,,88
56,,96
54,,25
54,,46
51,,38
51,,67
48,,34
47,,0
48,,0
49,,0
49,,67
50,,100
49,,94
46,,33
47,,0
48,,0
50,,0
51,,0
53,,0
55,,0
58,,0
57,,0
58,,0
58,,0
57,,0
56,,0
56,,0
55,,25
53,,88
52,,38
46,,46
41,,63
42,,50
42,,63
42,,25
45,,94
43,,0
46,,17
47,,88
47,,25
50,,88
51,,100
52,,100
53,,100
54,,100
54,,100
54,,100
55,,25
55,,88
54,,25
53,,100
52,,63
52,,46
50,,100
48,,38
47,,67
48,,100
48,,25
49,,75
49,,100
48,,96
49,,33
49,,88
48,,78
50,,58
51,,100
53,,96
54,,100
55,,100
54,,100
54,,100
53,,100
51,,100
49,,100
49,,100
49,,100
48,,100
45,,100
44,,100
45,,100
44,,0
43,,0
42,,0
41,,0
41,,0
43,,50
43,,88
42,,0
43,,0
47,,0
49,,0
50,,0
52,,0
52,,0
54,,0
55,,50
55,,0
53,,88
54,,54
51,,100
48,,41
49,,73
49,,80
48,,94
48,,100
49,,100
49,,100
49,,100
49,,100
50,,50
50,,100
50,,100
50,,100
49,,88
49,,94
51,,63
53,,25
53,,100
53,,75
54,,100
54,,100
53,,100
53,,100
52,,100
53,,100
51,,100
49,,100
48,,100
49,,100
49,,100
49,,100
49,,100
50,,100
50,,67
51,,100
50,,75
50,,100
51,,100
52,,100
52,,100
54,,100
53,,100
55,,100
56,,78
57,,25
56,,25
54,,25
53,,100
53,,100
51,,69
48,,75
45,,100
46,,100
46,,100
47,,100
48,,100
48,,75
49,,75
49,,67
49,,100
49,,96
50,,100
49,,100
51,,100
50,,100
51,,100
51,,100
52,,100
51,,100
50,,100
50,,55
50,,100
50,,98
50,,100
49,,100
48,,100
48,,100
47,,50
49,,94
50,,100
50,,100
50,,50
51,,100
51,,100
51,,100
50,,88
52,,94
52,,69
54,,63
56,,25
56,,25
57,,0
57,,0
57,,46
55,,50
54,,0
53,,0
50,,0
47,,0
45,,0
45,,0
47,,100
47,,100
47,,0
48,,0
49,,0
49,,50
49,,25
49,,0
49,,0
50,,0
52,,25
54,,25
55,,0
56,,100
55,,100
56,,88
53,,88
55,,25
52,,88
53,,88
50,,88
49,,56
49,,100
48,,100
50,,92
49,,94
48,,100
49,,88
48,,44
49,,88
50,,46
50,,46
52,,65
52,,97
53,,56
53,,95
54,,79
54,,67
55,,50
56,,38
56,,88
56,,58
57,,84
57,,50
59,,84
59,,63
59,,88
59,,68
59,,44
59,,60
59,,100
59,,63
59,,58
59,,100
58,,100
61,,100
60,,100
60,,100
64,,100
64,,100
64,,100
63,,100
63,,100
62,,100
65,,100
66,,94
58,,100
58,,100
59,,100
57,,31
56,,63
58,,100
56,,100
59,,100
58,,100
59,,100
59,,50
59,,100
58,,100
57,,100
58,,100
59,,100
60,,100
61,,100
61,,100
62,,100
63,,100
62,,100
61,,100
61,,100
59,,100
57,,100
56,,100
53,,100
52,,100
52,,100
51,,100
51,,100
53,,100
52,,88
53,,67
52,,0
52,,38
53,,100
53,,100
53,,96
53,,0
56,,0
57,,0
56,,0
56,,0
55,,38
55,,88
55,,75
54,,42
53,,75
53,,40
53,,100
53,,100
54,,100
56,,100
55,,100
56,,100
55,,100
55,,50
54,,100
55,,100
55,,100
55,,100
54,,100
55,,100
57,,100
57,,100
59,,25
60,,88
57,,50
58,,100
56,,84
56,,59
54,,75
54,,100
53,,100
52,,100
52,,100
52,,100
52,,100
52,,88
53,,100
52,,75
53,,100
53,,100
53,,100
53,,100
54,,100
54,,100
54,,100
55,,100
55,,100
56,,100
54,,94
54,,68
55,,38
54,,88
54,,81
53,,92
53,,71
53,,25
53,,94
53,,88
53,,88
53,,69
53,,100
53,,80
53,,100
54,,100
54,,96
54,,50
54,,50
54,,63
54,,75
54,,88
55,,50
56,,100
55,,100
58,,100
57,,100
56,,100
56,,100
55,,100
52,,100
52,,100
52,,100
52,,100
53,,100
53,,100
53,,100
53,,50
52,,50
53,,84
53,,100
53,,100
54,,88
55,,100
55,,84
55,,100
55,,79
54,,38
55,,63
56,,75
55,,81
53,,88
54,,33
53,,100
52,,100
52,,100
51,,100
51,,100
51,,100
51,,100
52,,100
52,,33
52,,100
52,,100
52,,100
52,,100
52,,100
52,,100
54,,100
55,,0
56,,0
54,,50
55,,0
54,,0
53,,54
54,,69
50,,100
48,,100
47,,100
47,,100
47,,100
48,,100
48,,100
47,,100
48,,100
47,,63
46,,25
44,,38
47,,69
48,,0
50,,25
53,,0
55,,0
56,,0
56,,0
55,,0
55,,0
53,,0
52,,0
51,,0
51,,0
47,,0
39,,0
37,,0
38,,0
39,,0
38,,0
40,,0
42,,0
41,,0
43,,0
44,,0
46,,0
49,,0
51,,0
53,,0
55,,88
55,,0
56,,0
55,,0
55,,25
55,,100
54,,97
55,,94
51,,100
51,,88
48,,100
47,,0
47,,58
48,,100
48,,100
49,,100
49,,100
49,,50
50,,50
50,,100
50,,100
50,,100
52,,100
53,,100
56,,100
56,,88
58,,25
58,,25
57,,100
56,,88
56,,25
49,,100
49,,88
46,,100
47,,100
50,,100
50,,88
50,,88
49,,88
48,,88
48,,88
49,,50
52,,100
51,,50
51,,25
51,,0
53,,0
54,,0
56,,25
58,,88
55,,100
57,,50
55,,69
56,,88
51,,50
50,,100
49,,40
50,,63
50,,75
51,,100
52,,100
50,,100
49,,100
50,,100
49,,100
49,,50
50,,100
50,,100
51,,88
51,,88
52,,50
53,,100
54,,0
56,,0
56,,0
55,,0
55,,0
56,,0
56,,0
56,,0
49,,0
45,,0
43,,0
41,,0
40,,0
40,,0
42,,0
43,,0
45,,0
45,,25
46,,88
48,,100
48,,100
50,,94
51,,88
52,,88
53,,88
53,,96
50,,100
49,,70
52,,100
51,,100
48,,100
46,,100
47,,100
47,,100
47,,63
48,,100
50,,100
51,,100
59,,100
60,,100
53,,100
52,,50
51,,75
51,,100
49,,0
52,,25
53,,0
55,,0
57,,0
56,,0
56,,0
55,,0
55,,0
54,,0
52,,0
52,,0
52,,0
46,,0
37,,0
40,,0
40,,0
40,,0
39,,0
41,,0
42,,0
42,,0
42,,0
43,,0
44,,0
46,,0
49,,0
52,,0
54,,0
55,,25
54,,0
56,,0
55,,0
54,,25
54,,96
53,,100
51,,100
48,,71
47,,100
46,,25
47,,25
48,,88
47,,88
49,,69
50,,92
49,,53
51,,71
51,,100
51,,50
51,,95
51,,42
53,,72
54,,100
56,,97
55,,100
54,,54
54,,100
54,,100
53,,100
52,,100
52,,100
52,,100
51,,100
50,,100
49,,100
47,,100
46,,88
41,,0
46,,0
44,,0
43,,0
44,,0
45,,0
48,,0
50,,38
52,,0
54,,0
55,,0
54,,25
54,,0
55,,0
55,,0
54,,0
54,,0
51,,0
46,,0
42,,0
41,,0
42,,0
40,,50
40,,0
42,,0
43,,0
44,,0
45,,0
48,,25
50,,100
51,,100
52,,100
53,,100
53,,100
57,,100
58,,100
56,,100
56,,100
55,,100
55,,100
54,,88
52,,88
50,,100
49,,100
51,,100
49,,100
50,,100
50,,100
51,,100
50,,88
50,,50
50,,50
50,,0
50,,0
51,,0
52,,0
55,,0
56,,0
57,,0
55,,0
55,,0
56,,0
57,,13
53,,77
51,,98
48,,75
47,,0
45,,7
44,,46
43,,0
44,,28
45,,0
45,,44
44,,38
44,,23
45,,0
48,,0
49,,27
48,,0
49,,5
56,,0
51,,71
53,,25
51,,100
50,,48
53,,83
52,,75
51,,0
51,,25
52,,0
49,,0
41,,0
42,,0
40,,0
40,,0
41,,0
42,,28
45,,0
47,,0
48,,0
46,,17
47,,88
48,,75
50,,0
52,,0
55,,0
57,,0
57,,0
58,,0
52,,0
53,,50
50,,75
49,,80
49,,38
46,,96
44,,50
45,,100
46,,100
46,,100
47,,100
47,,100
46,,94
43,,17
45,,13
47,,0
49,,50
49,,92
50,,0
50,,0
51,,0
54,,0
53,,0
53,,0
53,,0
52,,25
50,,100
49,,75
48,,100
44,,100
42,,100
42,,84
39,,48
43,,40
39,,67
39,,46
40,,63
40,,25
40,,59
42,,0
43,,0
45,,0
48,,0
51,,0
54,,0
54,,0
53,,0
54,,38
52,,0
52,,0
51,,0
50,,0
49,,0
43,,0
36,,0
39,,13
40,,96
36,,50
37,,0
38,,0
39,,0
40,,0
42,,0
44,,0
46,,0
46,,0
49,,0
51,,0
53,,0
56,,0
58,,0
56,,0
55,,0
51,,0
50,,13
49,,13
48,,0
39,,0
34,,0
34,,0
35,,0
36,,54
37,,0
36,,0
37,,25
38,,0
36,,0
37,,0
44,,0
46,,0
47,,0
51,,0
53,,0
53,,0
53,,0
53,,0
53,,0
52,,0
52,,0
48,,25
46,,0
39,,0
34,,0
33,,0
32,,0
34,,0
35,,0
36,,0
39,,0
38,,0
42,,75
44,,88
46,,88
46,,50
47,,0
49,,88
50,,88
50,,100
53,,50
53,,88
51,,83
50,,88
50,,50
48,,100
47,,88
47,,88
46,,38
44,,95
45,,75
46,,100
45,,100
45,,100
44,,100
43,,44
41,,0
44,,46
44,,25
46,,0
50,,0
50,,0
53,,0
56,,0
56,,0
56,,0
56,,0
56,,0
54,,0
55,,0
52,,0
44,,0
37,,0
37,,0
36,,0
38,,0
37,,0
39,,0
39,,0
39,,0
39,,0
42,,0
42,,0
45,,0
47,,0
51,,0
53,,100
54,,0
56,,88
55,,88
54,,50
53,,0
52,,0
51,,0
50,,25
45,,100
42,,88
42,,88
42,,100
43,,100
44,,100
44,,100
44,,100
45,,50
45,,100
45,,100
45,,100
46,,100
45,,100
47,,100
50,,100
50,,100
49,,100
49,,100
51,,100
52,,100
51,,100
53,,25
50,,50
43,,100
42,,100
44,,100
43,,100
41,,100
43,,100
43,,0
43,,100
40,,13
41,,0
41,,88
42,,0
41,,0
42,,0
47,,25
47,,100
48,,88
49,,50
49,,88
50,,88
48,,88
48,,0
45,,25
43,,100
39,,100
38,,100
37,,100
37,,100
38,,100
38,,92
38,,88
38,,88
39,,72
37,,25
38,,88
39,,0
41,,0
44,,0
47,,0
49,,0
50,,0
51,,0
51,,0
51,,0
50,,0
49,,0
48,,25
46,,100
39,,0
36,,0
36,,0
37,,0
38,,0
39,,0
39,,0
40,,0
41,,50
42,,100
43,,100
43,,100
44,,100
45,,100
46,,54
47,,78
48,,50
49,,63
50,,77
52,,63
53,,60
53,,100
51,,100
50,,100
49,,100
49,,100
49,,100
49,,100
50,,100
50,,100
49,,100
49,,100
49,,50
48,,100
49,,100
49,,100
49,,100
49,,100
49,,100
50,,63
50,,100
50,,100
50,,100
49,,100
49,,100
48,,100
48,,100
46,,100
45,,100
44,,100
43,,100
43,,88
42,,0
41,,0
42,,88
40,,0
40,,0
40,,0
40,,0
42,,0
42,,0
45,,0
48,,0
50,,0
51,,0
51,,0
51,,0
52,,25
52,,0
51,,88
49,,100
49,,100
44,,100
42,,88
43,,88
44,,88
47,,100
48,,100
48,,100
48,,100
49,,50
49,,100
49,,100
49,,100
48,,94
47,,46
50,,0
52,,0
53,,0
54,,13
54,,58
53,,88
54,,56
53,,25
52,,70
52,,50
50,,100
48,,100
50,,100
50,,100
50,,100
50,,100
49,,100
49,,100
50,,50
50,,100
51,,100
50,,100
51,,100
51,,100
52,,100
54,,100
53,,100
55,,100
55,,100
55,,0
55,,0
55,,100
52,,100
49,,100
48,,100
47,,100
47,,100
46,,100
45,,100
45,,100
45,,100
46,,100
45,,50
45,,100
45,,100
44,,25
46,,100
48,,100
49,,100
50,,100
50,,100
50,,100
50,,100
50,,100
50,,100
50,,97
49,,94
45,,100
44,,100
43,,100
44,,100
43,,100
43,,100
43,,88
44,,100
44,,88
44,,33
44,,100
43,,100
44,,100
42,,96
45,,100
45,,100
47,,100
50,,100
49,,100
49,,100
48,,100
47,,100
47,,100
46,,100
44,,100
40,,100
37,,88
37,,0
37,,0
37,,0
38,,25
38,,88
38,,0
40,,63
39,,94
40,,25
41,,100
42,,100
43,,100
44,,100
44,,100
45,,100
44,,100
45,,45
46,,50
46,,73
46,,69
46,,48
46,,100
46,,97
46,,44
46,,100
46,,54
46,,81
46,,33
46,,88
45,,88
46,,63
45,,44
45,,40
45,,100
45,,54
45,,44
45,,63
45,,69
46,,65
45,,88
45,,88
45,,44
44,,67
44,,66
44,,100
43,,100
43,,100
41,,100
42,,100
41,,100
41,,100
41,,100
39,,100
36,,50
37,,6
38,,10
37,,0
40,,0
41,,0
44,,100
45,,100
44,,54
46,,71
47,,48
47,,25
48,,40
53,,100
53,,63
53,,100
52,,100
51,,100
50,,100
50,,100
50,,100
50,,100
50,,100
49,,100
49,,100
49,,50
49,,100
50,,100
49,,100
49,,100
50,,100
50,,100
50,,100
50,,100
50,,100
50,,100
50,,100
49,,100
48,,100
47,,100
47,,100
47,,100
47,,100
46,,100
47,,100
47,,100
46,,100
46,,100
47,,100
47,,67
47,,100
47,,100
47,,100
47,,100
47,,100
48,,100
48,,100
48,,79
48,,92
47,,100
47,,100
46,,100
45,,100
46,,100
43,,100
44,,100
43,,100
43,,100
43,,100
42,,100
41,,100
41,,100
41,,88
38,,50
38,,0
38,,0
37,,25
39,,0
44,,0
47,,0
50,,0
51,,0
50,,0
50,,0
50,,0
50,,0
48,,0
46,,0
40,,0
33,,0
30,,0
30,,0
30,,0
31,,0
32,,0
31,,0
31,,0
34,,0
33,,0
34,,0
39,,0
43,,0
45,,0
49,,0
51,,0
52,,0
53,,0
52,,0
51,,0
50,,0
48,,0
47,,0
42,,0
36,,0
31,,0
35,,0
34,,0
36,,0
35,,0
38,,38
37,,31
38,,63
38,,100
39,,50
40,,94
40,,100
40,,100
43,,100
43,,100
45,,100
47,,88
45,,100
46,,94
44,,100
44,,100
47,,100
45,,100
42,,88
42,,100
43,,100
44,,100
42,,63
42,,61
42,,100
42,,100
42,,56
42,,100
43,,100
44,,100
45,,100
45,,100
46,,44
48,,100
49,,88
50,,25
50,,0
50,,0
48,,0
47,,0
44,,0
38,,0
32,,0
30,,0
30,,0
31,,0
31,,0
31,,0
31,,0
33,,0
33,,0
34,,0
35,,0
37,,0
39,,0
42,,0
47,,0
50,,0
50,,0
50,,0
49,,0
49,,0
48,,0
47,,0
46,,0
40,,0
31,,0
30,,0
29,,0
30,,0
30,,0
32,,0
31,,0
31,,0
33,,0
33,,0
33,,0
36,,0
38,,0
39,,25
43,,0
46,,0
48,,25
48,,25
47,,50
45,,88
44,,67
44,,67
42,,75
39,,88
35,,100
34,,100
33,,13
34,,0
36,,100
37,,88
37,,92
37,,69
39,,38
40,,100
41,,100
41,,100
41,,88
41,,88
41,,88
44,,63
45,,100
46,,94
42,,83
44,,100
46,,92
45,,100
44,,96
45,,100
45,,100
47,,88
47,,100
46,,100
45,,100
43,,100
46,,100
46,,100
43,,72
43,,100
42,,97
42,,67
42,,100
42,,100
42,,100
44,,98
45,,88
46,,100
47,,88
47,,100
46,,96
45,,88
43,,97
40,,100
39,,100
41,,100
41,,100
41,,100
41,,100
44,,100
44,,100
42,,100
43,,72
43,,88
45,,100
45,,85
47,,100
46,,100
46,,100
47,,100
46,,94
50,,100
48,,100
49,,69
48,,100
48,,100
49,,100
51,,69
52,,100
51,,75
51,,98
52,,50
52,,41
53,,100
53,,100
53,,100
54,,50
54,,100
52,,100
51,,100
51,,100
51,,100
51,,100
52,,100
54,,100
56,,100
56,,100
56,,100
55,,100
59,,100
58,,100
56,,100
54,,100
53,,100
53,,100
53,,100
51,,100
51,,100
49,,100
45,,100
44,,50
44,,100
43,,100
44,,100
45,,100
46,,100
47,,100
47,,100
48,,100
49,,100
51,,100
52,,100
51,,100
52,,100
51,,100
50,,100
49,,88
47,,100
48,,88
47,,100
47,,100
48,,100
47,,100
48,,100
48,,50
47,,100
47,,100
47,,100
47,,100
47,,100
48,,100
49,,100
51,,100
52,,88
51,,100
49,,100
50,,100
48,,100
46,,100
44,,100
43,,100
41,,88
41,,100
42,,100
41,,100
40,,100
41,,100
40,,100
40,,75
41,,100
41,,100
40,,25
41,,100
42,,100
42,,100
45,,100
46,,100
45,,100
45,,100
45,,100
44,,96
44,,0
41,,46
38,,88
36,,100
35,,100
37,,100
36,,100
36,,75
35,,63
35,,60
34,,25
33,,8
33,,60
37,,100
41,,50
38,,100
42,,100
41,,88
43,,100
42,,100
43,,100
40,,100
42,,100
44,,100
43,,100
44,,100
47,,100
47,,100
47,,100
45,,100
43,,100
42,,100
42,,100
41,,100
43,,100
42,,50
40,,100
38,,50
39,,50
44,,0
47,,0
49,,0
52,,0
55,,0
56,,0
56,,25
57,,25
56,,50
54,,88
51,,0
45,,25
40,,88
41,,50
41,,100
41,,100
42,,100
45,,100
45,,50
45,,100
43,,50
42,,100
42,,88
43,,100
45,,100
45,,100
48,,88
50,,0
50,,88
51,,88
51,,88
52,,88
50,,50
47,,100
44,,88
40,,25
37,,25
37,,0
37,,0
36,,0
36,,0
36,,0
36,,0
36,,0
36,,0
37,,0
36,,0
35,,0
39,,0
40,,0
45,,0
49,,0
50,,0
51,,0
51,,0
51,,25
48,,88
47,,88
45,,88
42,,88
39,,100
39,,88
40,,92
40,,100
40,,100
40,,100
39,,50
40,,100
40,,67
40,,100
41,,100
39,,100
40,,100
40,,100
41,,88
46,,88
45,,100
47,,88
46,,0
46,,0
44,,88
40,,0
38,,0
34,,0
32,,0
31,,0
31,,0
33,,0
32,,0
33,,0
34,,0
31,,0
32,,8
34,,100
34,,100
35,,25
35,,88
35,,88
36,,100
38,,56
40,,92
38,,92
38,,100
38,,100
36,,100
35,,98
38,,90
38,,97
37,,88
40,,100
42,,100
41,,100
41,,83
43,,75
43,,100
44,,100
44,,50
44,,100
43,,67
46,,100
46,,100
47,,100
47,,100
49,,100
49,,100
49,,63
48,,100
48,,25
48,,100
50,,25
49,,100
48,,58
48,,91
48,,100
48,,100
48,,100
48,,100
48,,100
50,,100
48,,100
51,,50
48,,50
50,,88
51,,25
51,,25
52,,50
53,,100
55,,100
56,,50
57,,88
56,,100
56,,25
56,,100
54,,100
56,,88
54,,25
53,,88
59,,88
58,,88
57,,100
58,,100
57,,100
57,,100
55,,100
55,,50
53,,100
51,,100
51,,100
51,,100
51,,100
51,,100
52,,100
52,,100
53,,100
55,,100
55,,100
57,,100
56,,100
57,,100
57,,88
57,,0
55,,100
54,,0
54,,0
54,,50
54,,100
53,,100
52,,75
51,,33
52,,100
51,,100
51,,100
48,,0
49,,13
50,,0
55,,0
60,,0
58,,0
62,,0
57,,0
60,,0
55,,25
50,,94
46,,53
39,,0
38,,0
38,,0
41,,0
40,,0
41,,0
41,,0
43,,0
44,,0
44,,0
45,,0
47,,0
47,,0
48,,0
52,,0
56,,25
58,,88
58,,88
58,,50
60,,100
58,,0
55,,25
55,,50
47,,50
45,,100
47,,100
47,,25
47,,50
46,,0
46,,0
46,,0
46,,0
45,,0
46,,0
47,,25
49,,100
48,,25
48,,80
49,,50
49,,0
50,,67
50,,14
54,,96
51,,67
50,,0
51,,0
51,,0
50,,0
50,,33
51,,0
51,,0
51,,67
51,,84
49,,75
50,,25
49,,0
51,,44
51,,25
51,,0
51,,0
52,,50
53,,25
52,,0
55,,0
65,,0
56,,50
54,,0
57,,0
56,,13
54,,94
51,,100
50,,57
48,,75
47,,0
46,,59
46,,0
46,,13
48,,0
48,,25
47,,88
46,,28
47,,60
47,,0
48,,0
48,,0
48,,0
49,,0
49,,57
49,,60
48,,0
50,,13
51,,25
52,,0
54,,0
52,,0
45,,0
41,,0
41,,0
42,,0
42,,0
43,,0
42,,0
43,,0
45,,0
45,,0
46,,0
47,,0
49,,0
48,,0
49,,0
53,,0
57,,0
58,,0
59,,0
60,,0
67,,0
68,,0
58,,0
56,,0
49,,0
44,,0
42,,0
43,,0
44,,0
44,,0
42,,0
42,,0
42,,0
42,,0
42,,0
42,,0
43,,0
44,,0
44,,0
48,,0
52,,0
53,,0
53,,0
53,,0
53,,0
52,,0
51,,0
49,,0
42,,0
37,,8
37,,59
39,,0
42,,60
40,,4
41,,19
44,,40
46,,100
43,,50
43,,0
46,,0
44,,0
43,,0
46,,0
47,,0
51,,0
52,,25
50,,94
50,,25
52,,53
48,,96
47,,100
47,,100
45,,0
46,,100
46,,100
47,,0
47,,0
47,,0
46,,63
48,,100
49,,100
49,,86
49,,67
49,,0
50,,0
51,,0
51,,0
51,,31
52,,88
53,,38
53,,79
53,,69
54,,25
51,,100
51,,100
50,,100
47,,88
45,,100
42,,100
40,,0
40,,0
41,,0
44,,83
44,,100
43,,100
42,,50
40,,0
41,,0
42,,0
43,,0
44,,0
46,,0
52,,25
53,,0
54,,0
53,,0
52,,0
51,,0
50,,0
48,,0
41,,0
36,,0
36,,0
39,,0
36,,0
37,,0
38,,0
39,,0
38,,0
40,,0
39,,0
41,,0
40,,0
42,,0
46,,0
48,,0
50,,0
53,,0
53,,0
53,,0
52,,0
52,,63
50,,63
49,,88
45,,96
43,,100
43,,94
42,,100
42,,100
43,,100
43,,100
42,,88
42,,100
42,,50
43,,100
43,,100
43,,100
44,,100
45,,100
46,,58
47,,70
48,,100
48,,68
51,,100
51,,50
51,,40
50,,55
51,,77
51,,100
51,,100
50,,88
50,,100
50,,100
49,,79
50,,46
57,,100
58,,100
57,,80
57,,100
56,,100
58,,100
58,,100
58,,100
58,,54
58,,88
57,,25
58,,75
59,,63
60,,83
60,,100
59,,100
58,,100
58,,100
58,,100
58,,100
58,,100
57,,100
56,,100
57,,100
57,,100
57,,100
57,,83
56,,100
59,,100
59,,100
58,,100
57,,100
56,,100
55,,100
55,,100
56,,100
54,,100
53,,100
53,,100
52,,100
53,,100
51,,100
50,,100
49,,100
49,,100
51,,100
50,,88
50,,100
50,,25
50,,25
49,,44
49,,94
48,,100
49,,94
48,,96
48,,88
47,,88
48,,100
49,,100
50,,100
50,,100
47,,100
46,,68
51,,100
51,,100
48,,94
48,,94
48,,100
49,,100
51,,100
50,,100
50,,100
52,,100
53,,100
54,,44
54,,100
54,,88
54,,56
56,,100
55,,100
55,,100
55,,100
58,,100
56,,100
56,,100
55,,100
57,,100
58,,100
56,,100
56,,100
55,,100
53,,100
56,,100
55,,88
54,,100
54,,88
53,,100
54,,100
54,,50
53,,100
51,,100
50,,100
54,,100
53,,100
56,,100
58,,100
59,,100
60,,100
60,,100
60,,100
58,,25
54,,100
51,,100
53,,100
51,,100
53,,100
54,,100
54,,25
48,,0
53,,0
53,,0
50,,100
51,,44
55,,0
52,,100
54,,100
53,,0
59,,88
58,,100
57,,100
60,,100
57,,100
55,,92
64,,88
64,,0
62,,0
58,,0
46,,0
40,,0
38,,0
40,,0
39,,0
40,,0
38,,0
41,,0
42,,0
41,,0
40,,0
42,,0
44,,0
44,,0
46,,0
49,,0
54,,0
57,,0
58,,0
59,,0
59,,0
63,,0
61,,0
59,,0
48,,0
44,,0
43,,0
42,,0
42,,0
42,,0
43,,0
44,,0
44,,0
46,,0
48,,25
50,,0
49,,0
52,,0
51,,0
53,,50
56,,88
57,,25
58,,88
59,,0
61,,0
63,,0
60,,0
58,,25
51,,0
47,,0
49,,25
51,,100
51,,100
52,,100
53,,100
55,,100
57,,88
58,,50
56,,100
55,,100
57,,100
59,,100
60,,100
59,,88
60,,100
57,,100
58,,100
62,,100
63,,100
68,,88
63,,50
61,,0
52,,0
43,,0
44,,0
45,,0
45,,0
45,,0
47,,0
47,,0
44,,0
45,,0
46,,0
47,,0
48,,0
50,,25
54,,100
56,,88
57,,100
60,,50
61,,0
61,,25
61,,88
59,,88
58,,100
57,,100
54,,25
52,,100
52,,100
53,,100
53,,88
52,,88
52,,100
53,,100
52,,100
52,,63
52,,88
53,,100
53,,100
53,,100
54,,100
54,,100
55,,100
56,,100
56,,100
57,,100
57,,100
56,,100
57,,100
55,,100
54,,100
53,,100
53,,100
54,,100
53,,100
52,,100
54,,100
53,,88
52,,100
52,,50
54,,100
55,,100
62,,100
62,,100
62,,100
61,,100
61,,88
62,,100
61,,88
58,,100
58,,100
58,,100
60,,100
59,,100
60,,100
61,,100
62,,100
62,,100
62,,100
62,,100
62,,100
61,,100
60,,100
56,,25
56,,50
54,,100
51,,100
52,,100
52,,100
50,,100
51,,100
52,,100
51,,100
53,,100
53,,88
52,,0
49,,25
47,,88
43,,100
42,,100
41,,100
41,,100
40,,88
39,,88
39,,0
39,,0
39,,0
38,,0
41,,0
41,,25
43,,100
45,,63
46,,25
46,,100
47,,100
47,,100
48,,100
47,,100
46,,100
46,,100
45,,100
46,,100
45,,100
44,,100
44,,100
44,,100
44,,100
44,,100
44,,100
46,,100
45,,88
45,,44
47,,100
47,,100
47,,100
48,,100
51,,100
50,,100
50,,58
51,,40
53,,100
53,,100
53,,100
57,,100
55,,88
55,,88
52,,88
52,,88
52,,100
47,,100
46,,100
50,,100
46,,100
43,,88
50,,0
46,,0
46,,0
42,,0
42,,0
43,,0
48,,0
49,,0
50,,75
52,,50
53,,59
55,,0
54,,46
52,,75
50,,0
46,,0
41,,0
39,,0
39,,0
39,,0
40,,0
40,,0
40,,0
40,,0
41,,0
41,,0
41,,0
42,,0
42,,0
43,,0
43,,0
45,,0
47,,0
53,,0
52,,0
52,,0
53,,0
51,,0
50,,0
45,,25
41,,25
39,,0
39,,38
40,,88
41,,0
38,,0
41,,0
38,,0
38,,0
40,,0
38,,0
38,,0
39,,0
39,,0
39,,0
42,,0
48,,0
50,,0
51,,0
53,,0
52,,0
51,,0
52,,0
46,,0
37,,0
32,,0
32,,0
32,,0
31,,0
32,,0
33,,0
34,,0
35,,0
34,,0
36,,0
36,,0
37,,0
38,,0
40,,0
44,,0
49,,0
53,,0
55,,0
54,,0
54,,0
55,,0
49,,0
46,,0
41,,0
36,,0
43,,0
41,,0
36,,0
38,,0
37,,0
44,,0
41,,0
