MpAlias,csv.epda.actual.1_0_0
PNodeAlias,w.ercot.hlses.unit3
MethodAlias,ercot.dam60.apizip
Comment,Hourly Day Ahead prices using Ercot API to download zip file
FirstMarketSlotStartIso8601Utc,2021-04-15T05:00:00Z
MarketSlotDurationMinutes,60
TimezoneString,US/Central
CurrencyUnit,USD
Header,Day Ahead LMP Electricity Price (CurrencyUnit/MWh)
18.85
17.65
17.7
17.95
19.19
22.31
29.9
29.51
29.65
35.22
30.69
31.51
34.02
32.36
31.8
35.98
39.6
36.59
32.55
65.65
50.72
31.1
28.99
22.46
18.63
18.05
17.73
17.9
18.65
21.61
37.22
33.82
34.92
35.92
36.34
35.89
37.39
38.61
50.25
43.41
58.51
57.06
49.98
44.51
48.3
52.64
35.78
28.88
34.18
25.59
23.21
21.47
21.29
21.06
22.57
24.01
27.95
28.41
29.57
27.84
25.22
23.91
25.03
29.82
26.98
28.81
39.17
93.74
112.62
60.0
37.7
32.93
28.78
25.69
25.35
24.36
24.47
26.23
32.59
36.66
42.83
40.32
35.08
31.56
35.18
31.03
30.59
37.45
39.95
57.23
98.86
213.28
220.02
136.09
39.75
36.26
27.84
25.3
20.62
19.13
19.34
25.77
75.0
90.02
70.34
46.51
39.96
29.86
29.37
29.95
28.55
30.71
35.67
38.83
56.74
81.34
53.75
24.5
20.9
17.71
10.08
7.11
5.91
7.61
11.72
13.19
19.88
20.07
16.75
16.85
15.83
14.55
16.14
17.53
18.13
21.02
23.0
25.09
30.23
76.05
65.81
25.33
20.99
20.31
18.86
18.69
18.06
19.47
22.1
30.15
63.72
76.14
37.52
28.17
24.75
23.56
23.36
20.7
20.26
20.34
20.49
20.12
21.67
35.94
35.75
22.61
21.86
19.69
19.24
18.66
17.03
18.02
18.42
25.83
38.6
35.83
25.74
27.46
21.76
22.69
22.57
23.18
22.16
21.27
19.85
19.88
18.28
28.13
29.74
21.54
19.78
20.3
15.82
12.78
12.23
12.24
12.41
17.72
23.59
23.29
21.41
21.16
21.52
23.6
22.62
25.09
27.36
24.04
24.72
18.29
21.88
32.96
32.79
22.73
20.85
19.61
17.84
15.86
16.69
16.17
18.13
19.4
21.48
21.23
21.42
24.2
25.51
29.41
39.52
46.19
57.63
95.75
148.64
153.87
106.8
144.89
75.0
28.95
22.85
19.91
18.72
14.17
11.75
8.03
8.91
9.6
12.12
9.69
11.77
13.46
15.04
16.46
17.37
21.48
23.37
29.29
37.34
32.85
33.14
42.71
33.39
25.19
18.92
16.23
8.6
5.54
2.75
4.15
5.49
10.36
14.13
13.93
11.9
11.02
12.46
13.58
14.56
23.5
25.49
35.3
39.8
33.83
35.08
40.26
29.97
23.15
15.49
12.63
12.94
7.71
5.86
7.02
10.27
21.12
22.2
17.76
20.33
15.57
1.46
-15.09
-11.85
-9.21
-15.87
-16.09
3.2
3.76
19.72
13.88
17.02
-12.61
5.13
17.73
21.55
19.52
19.07
20.63
21.57
26.08
29.48
23.04
19.5
22.53
25.43
26.67
28.48
33.56
35.04
43.39
81.69
50.93
39.67
37.0
32.13
26.55
21.34
18.66
21.29
17.57
14.6
13.16
16.38
18.96
23.32
19.78
19.84
19.71
19.72
18.41
21.29
20.37
17.84
18.19
10.22
17.51
26.77
45.46
68.39
31.67
30.58
27.01
20.16
18.39
17.6
18.44
19.17
19.74
21.92
26.85
28.21
25.6
21.51
19.83
27.05
28.6
27.79
31.12
34.42
34.93
36.36
54.22
75.37
34.36
31.95
29.14
