MpAlias,csv.eprt.actual.1_0_0
PNodeAlias,w.ercot.hlses.unit3
MethodAlias,ercot.rtm60.apizip
Comment,Hourly Real Time prices using Ercot API to download zip file
FirstMarketSlotStartIso8601Utc,2020-01-01T06:00:00Z
MarketSlotDurationMinutes,60
TimezoneString,US/Central
CurrencyUnit,USD
Header,Real Time LMP Electricity Price (CurrencyUnit/MWh)
13.7075
13.2725
11.37
9.4275
8.6325
10.0
10.1575
10.7675
11.935
13.585
14.19
14.225
14.955
16.4
16.1175
15.8725
16.35
17.345
16.4075
15.5175
15.4825
15.185
16.17
14.8675
14.6825
14.3
14.2325
13.6775
14.7075
14.2575
13.9675
15.7075
16.1075
16.6825
16.6575
17.115
20.535
18.935
16.8575
15.905
18.9025
34.7175
20.4975
19.1825
18.6525
17.41
18.91
18.51
20.8675
18.24
16.07
15.105
14.9025
16.9625
16.575
15.8525
15.71
14.7575
13.7075
12.9025
13.03
12.535
13.87
14.985
15.08
20.33
19.4525
19.23
18.6775
18.165
17.6525
18.4475
17.7475
16.575
16.005
14.975
15.6075
17.7
18.1325
19.58
21.0925
21.655
20.9675
20.005
18.3775
17.9175
17.0275
16.0925
16.5025
17.8675
17.5125
16.6025
15.3775
11.36
10.0675
7.3225
6.135
5.95
6.715
10.435
12.155
14.5675
17.08
18.085
18.0075
17.25
8.2475
0.35
9.865
15.0425
16.885
16.9775
17.325
19.7
19.4875
18.0775
16.82
16.27
15.03
14.59
14.1025
13.59
13.71
14.425
15.04
17.81
26.005
22.94
19.1775
19.08
17.5825
15.705
14.3475
11.84
7.74
6.245
6.62
14.295
18.5125
18.175
19.875
20.37
19.55
18.4775
17.725
17.3575
16.855
17.3925
18.665
20.9375
24.9175
20.87
18.31
17.4225
16.9075
14.8125
13.015
13.16
13.315
13.855
15.01
18.8375
17.58
16.4125
35.1775
43.29
20.3
24.9025
