MpAlias,csv.ep.da.1_0_0
PNodeAlias,w.isone.4001
MethodAlias,isoneexpress.da.web
Comment,Hourly Day Ahead prices from isoexpress
StartYearUtc,2020
StartMonthUtc,1
StartDayUtc,1
StartHourUtc,5
StartMinuteUtc,0
TimeZone,US/Eastern
CurrencyUnit,USD
PriceUid,460e588a-c57b-4e18-a926-fa3f7e8f2646
Header,Day Ahead LMP Electricity Price (Currency Unit/MWh) and duration (hrs)
22.98,1
18.3,1
16.18,1
16.09,1
15.14,1
16.51,1
17.21,1
17.85,1
17.97,1
18.29,1
18.52,1
19.02,1
18.64,1
19.42,1
19.74,1
22.15,1
24.8,1
29.5,1
29.78,1
27.4,1
25.76,1
22.91,1
18.06,1
17.17,1
16.22,1
16,1
14.97,1
16,1
16.21,1
17.57,1
28.64,1
31.71,1
32.55,1
29.97,1
27.1,1
24.13,1
23.54,1
23.47,1
24.75,1
28.07,1
30.41,1
39.32,1
36.17,1
36.33,1
31.31,1
28.16,1
23.54,1
19.81,1
18.21,1
17.54,1
17.06,1
17.22,1
18.1,1
21.63,1
23.99,1
28.12,1
27.09,1
28.43,1
29.71,1
28.01,1
27.93,1
26.9,1
26.67,1
27.11,1
28.49,1
35.45,1
29.31,1
24.46,1
23.85,1
21.81,1
18.49,1
18.29,1
15.65,1
15.49,1
15.31,1
15.24,1
15.43,1
15.89,1
16.82,1
18.29,1
20.05,1
22.74,1
26.33,1
26.06,1
26.02,1
25.87,1
25.71,1
27.13,1
26.64,1
31.36,1
27.65,1
26.55,1
24.28,1
23.06,1
20.81,1
20.3,1
17.37,1
16.81,1
16.72,1
15.74,1
15.77,1
15.77,1
16.92,1
17.17,1
17.48,1
19.33,1
18.54,1
17.8,1
17.98,1
18.16,1
19.2,1
21.14,1
26.18,1
31.38,1
31.25,1
28.93,1
25.38,1
23.48,1
19.82,1
19.68,1
17.19,1
18.68,1
17.46,1
17.66,1
19.32,1
25.13,1
41.2,1
47.83,1
37.98,1
34.92,1
31.15,1
31.34,1
38.46,1
29.7,1
30.33,1
44.16,1
33.47,1
48.51,1
42.8,1
33,1
27,1
25.51,1
21.17,1
21.66,1
19.1,1
18.81,1
18.19,1
18.43,1
19.21,1
22.06,1
31.96,1
34.2,1
26.38,1
24.98,1
24.27,1
24.45,1
24.05,1
24.18,1
25.33,1
25.55,1
26.24,1
36.59,1
33.64,1
26.08,1
26.79,1
26.45,1
24.17,1
23.99,1
20.29,1
19.12,1
18.58,1
18.31,1
19,1
22.16,1
27.95,1
30.97,1
26.66,1
27.55,1
27.65,1
26.61,1
25.07,1
25.26,1
25.2,1
26.33,1
26.13,1
36.07,1
32.43,1
29.07,1
25.84,1
24.05,1
22.92,1
21.8,1
20.4,1
20.32,1
20,1
20.04,1
20.69,1
23.39,1
27.28,1
30.15,1
27.02,1
25.39,1
22.81,1
22.06,1
21.69,1
22.4,1
22.65,1
24.25,1
28.65,1
38.24,1
36.45,1
34.64,1
32.84,1
29.66,1
23.73,1
23.58,1
17.34,1
16.95,1
16.5,1
16.78,1
16.52,1
17.97,1
26,1
31.38,1
27.04,1
26.76,1
25.63,1
21.44,1
18.85,1
18.81,1
18.8,1
19.03,1
24.6,1
29.75,1
23,1
22.16,1
19.29,1
17.69,1
16.12,1
15.04,1
14.88,1
13.65,1
13.29,1
13.63,1
13.33,1
13.42,1
14.59,1
15.57,1
16.18,1
18.37,1
16.09,1
16.21,1
15.29,1
14.33,1
14.29,1
14.36,1
16.19,1
20.14,1
17.19,1
16.32,1
15.5,1
15,1
14.54,1
12.68,1
15.63,1
15.24,1
14.52,1
14.55,1
14.56,1
13.3,1
14.98,1
15.17,1
18.59,1
19.75,1
19.41,1
17.38,1
17.62,1
17.26,1
17.07,1
18.25,1
22.52,1
30.83,1
30.17,1
29.57,1
26.05,1
23.72,1
18.39,1
17.63,1
15.96,1
15.59,1
15.43,1
15.72,1
16.28,1
22.04,1
35.19,1
35.75,1
32.48,1
30.07,1
27.2,1
24.31,1
23.14,1
23.1,1
24.6,1
27.5,1
31.34,1
43.17,1
39.63,1
30.9,1
28.23,1
26.83,1
22.32,1
19.94,1
18.7,1
17.77,1
18.21,1
17.98,1
18.69,1
22.87,1
30.17,1
37.83,1
35.51,1
34.73,1
25.64,1
24.22,1
22.71,1
22.65,1
23.68,1
23.6,1
33.58,1
38.15,1
34.6,1
27.06,1
26.8,1
23.66,1
21.84,1
20.56,1
19.05,1
18.48,1
18.16,1
18.69,1
19.8,1
24.26,1
32.07,1
40.02,1
31.9,1
23.92,1
22.85,1
21.06,1
20.91,1
20.67,1
20.86,1
23.37,1
30.77,1
44.18,1
38.06,1
37.22,1
32.7,1
28.04,1
21.34,1
21.38,1
19.75,1
19.28,1
18.33,1
18.82,1
18.93,1
20.47,1
29.92,1
33.43,1
25.62,1
25.71,1
37.31,1
32.22,1
29.75,1
29.19,1
28.57,1
31.15,1
39.16,1
50.95,1
52.93,1
44.07,1
38.86,1
35.4,1
27.95,1
27.01,1
23.47,1
21.63,1
21.24,1
22.52,1
25.73,1
37.86,1
49.76,1
55.36,1
47.42,1
43.82,1
50.64,1
48.55,1
42.94,1
41.37,1
43.73,1
46.69,1
54.61,1
67.11,1
63.65,1
60.07,1
53.09,1
53.04,1
46.39,1
44.15,1
38.37,1
37.16,1
29.78,1
28.93,1
36.86,1
36.54,1
39.95,1
47.79,1
50.97,1
50.38,1
43.33,1
45.38,1
42,1
41.93,1
42.07,1
44.17,1
48.9,1
60.02,1
50.91,1
41.34,1
41.13,1
34.97,1
29.77,1
28.21,1
32.28,1
32.71,1
31.92,1
29.05,1
29.33,1
27.56,1
27.79,1
31.48,1
31.4,1
33.13,1
30.52,1
32.15,1
30.02,1
29.47,1
26.33,1
30.84,1
39.06,1
45.53,1
41.27,1
39.26,1
37.19,1
31.59,1
32.93,1
30.12,1
32.36,1
29.85,1
30.1,1
31.41,1
32.13,1
34.23,1
39.39,1
40.85,1
39.14,1
39.4,1
38.9,1
39.04,1
38.5,1
37.41,1
38.65,1
40.39,1
49.38,1
66.97,1
62.97,1
54.09,1
46.85,1
41.14,1
38.4,1
37.95,1
38.93,1
37.55,1
36.19,1
36.16,1
38.32,1
48.38,1
52,1
71.86,1
53.85,1
46.08,1
39.91,1
38.62,1
37.44,1
38.13,1
39.14,1
40.8,1
49.38,1
62.24,1
61.12,1
53.16,1
49.92,1
48.23,1
40.93,1
40.61,1
36.88,1
36.28,1
37.03,1
37.08,1
38.79,1
41.52,1
53.62,1
56.49,1
40.67,1
33.51,1
25.04,1
23.56,1
22.76,1
22.19,1
23.78,1
24.99,1
25.58,1
34.6,1
33.49,1
31.09,1
29.58,1
26.84,1
24.1,1
24.62,1
22.59,1
26.13,1
24.87,1
25,1
26.59,1
30.3,1
34.51,1
38.15,1
34.35,1
25.3,1
20,1
20.31,1
19.55,1
19.35,1
19.44,1
19.78,1
26.6,1
33.85,1
32,1
31.82,1
29.84,1
20.93,1
23.26,1
19.38,1
19.56,1
18.39,1
18.43,1
19.05,1
20.97,1
25.31,1
28.43,1
30.59,1
25.29,1
21.21,1
19.14,1
18.16,1
18.12,1
18.11,1
18.13,1
17.93,1
19.13,1
26.94,1
24.35,1
19.81,1
18.38,1
18.15,1
18,1
17.95,1
22.66,1
18.95,1
17.49,1
17.53,1
18.12,1
18.18,1
17.93,1
21.65,1
23.31,1
25.22,1
26.15,1
25.83,1
25.49,1
25.54,1
24.18,1
24.31,1
29.33,1
34.06,1
29.63,1
23.59,1
22.45,1
20.15,1
16,1
15.53,1
10.99,1
11.34,1
10.24,1
12.15,1
10.39,1
14.18,1
13.89,1
15.71,1
16.34,1
16.7,1
16.85,1
16.66,1
16.45,1
16.51,1
16.55,1
17.57,1
24.87,1
34.28,1
34.24,1
28.43,1
25.94,1
17.12,1
15.68,1
15.24,1
15.43,1
14.93,1
14.87,1
14.39,1
15.24,1
16.41,1
18.76,1
26.35,1
23.47,1
18.56,1
19.67,1
16.96,1
16.52,1
16.3,1
16.62,1
17.12,1
22.04,1
31.68,1
29.91,1
24.31,1
19.43,1
16.97,1
16.23,1
16.45,1
16.11,1
15.86,1
15.45,1
15.91,1
16.04,1
17.15,1
25.98,1
30.26,1
20.99,1
17.91,1
18.38,1
18.27,1
18.18,1
18.24,1
18.85,1
18.61,1
18.81,1
29.51,1
27.03,1
22.36,1
19.02,1
18.26,1
17.61,1
18.7,1
17.64,1
16.94,1
16.61,1
16.59,1
17.07,1
24.46,1
27.05,1
30.16,1
26.59,1
20.39,1
20.21,1
18.93,1
18.55,1
18.61,1
18.95,1
22.91,1
26.03,1
31.77,1
32.44,1
29.39,1
26.55,1
23.67,1
21.58,1
23.97,1
21.1,1
20.68,1
19.97,1
20.58,1
21.38,1
23.87,1
32.51,1
38.34,1
30.41,1
23.9,1
25.55,1
21.29,1
20.31,1
20.33,1
21.54,1
24.54,1
28.16,1
33.78,1
32.32,1
28.32,1
27.76,1
22.84,1
20.2,1
20.26,1
20.4,1
19.89,1
19.44,1
19.57,1
20.9,1
24.19,1
31.44,1
32.5,1
22.37,1
19.5,1
17.95,1
17.16,1
17.18,1
17.56,1
17.6,1
18.61,1
19.61,1
28.78,1
27.93,1
21.14,1
21.55,1
18.53,1
17.42,1
19.02,1
21.48,1
22.67,1
23.83,1
22.28,1
22.16,1
24.48,1
24.57,1
24.64,1
28.95,1
28.84,1
27.67,1
27.41,1
25.5,1
21.72,1
20.6,1
21.85,1
25.76,1
28,1
26.28,1
23.56,1
21.81,1
20.18,1
19.12,1
18.81,1
20.08,1
20.85,1
20.36,1
19.77,1
19.51,1
19.85,1
18.25,1
18.53,1
25.77,1
29.87,1
24.58,1
21.36,1
19.84,1
19.05,1
19.14,1
20.57,1
22.09,1
30.77,1
28.93,1
24.33,1
20.51,1
19.83,1
18.54,1
17.28,1
18.03,1
17.83,1
17.8,1
17.62,1
18.01,1
23.2,1
31.19,1
35.12,1
25,1
22.24,1
19.74,1
17.75,1
15.72,1
15.54,1
15.8,1
17.72,1
17.6,1
29.16,1
25.52,1
22.27,1
18.54,1
18.38,1
14.77,1
15.57,1
15.83,1
16.38,1
15.92,1
15.92,1
15.94,1
19.97,1
22.89,1
28.92,1
24.26,1
24.18,1
26.3,1
26.7,1
26.21,1
22.38,1
22.22,1
21.84,1
26.4,1
31.55,1
28.45,1
25.73,1
21.83,1
18.54,1
17.23,1
16.35,1
12.88,1
10.46,1
10.47,1
10.44,1
12.33,1
15.39,1
20.23,1
30.34,1
22.81,1
20.39,1
25.19,1
23.5,1
20.25,1
20.13,1
20.42,1
23.85,1
28.26,1
32.77,1
33.29,1
31.19,1
30.07,1
25.06,1
22.41,1
22.19,1
18.27,1
17.95,1
17.82,1
17.96,1
18.04,1
21.22,1
25,1
30.44,1
29.93,1
30.73,1
32.48,1
29.95,1
28.46,1
28.47,1
27.85,1
28.03,1
29.88,1
30.98,1
28.26,1
27.34,1
24.39,1
27.26,1
17.89,1
16.87,1
17.28,1
17.32,1
17.05,1
16.96,1
16.79,1
17.49,1
27.9,1
29.65,1
29.61,1
30.76,1
35.17,1
34.24,1
30.37,1
28.1,1
23.96,1
24.01,1
28.91,1
35.24,1
31.98,1
30.97,1
30.02,1
21.73,1
22.44,1
22.62,1
25.6,1
25.37,1
26.09,1
26.4,1
25.77,1
26.76,1
28.81,1
33.31,1
30.98,1
28.15,1
26.44,1
25.18,1
23.01,1
22.18,1
22.78,1
26.47,1
27.32,1
39.83,1
39.84,1
38.34,1
34.68,1
29.07,1
26.34,1
26.53,1
26.21,1
23.75,1
25.22,1
26.35,1
27.79,1
33.27,1
25.19,1
27.97,1
29.79,1
30.22,1
25.64,1
24.5,1
24.16,1
22.98,1
22.9,1
23.13,1
26.83,1
39.01,1
34.23,1
24.96,1
24.16,1
23.16,1
21.06,1
20.97,1
18.61,1
17.86,1
16.32,1
16.47,1
18.2,1
20.61,1
24.21,1
32.65,1
39.5,1
36.01,1
35.85,1
35.76,1
35.13,1
33.62,1
26.19,1
26.78,1
24.81,1
36.71,1
33.28,1
25.65,1
22.49,1
21.66,1
20.84,1
17.22,1
15.33,1
14.75,1
14.81,1
14.81,1
15.94,1
18.49,1
26.65,1
33.16,1
33.29,1
33.61,1
31.65,1
31.73,1
30.64,1
30.52,1
27.02,1
25.12,1
30.72,1
33.05,1
30.49,1
26.08,1
22.89,1
21.12,1
18.2,1
16.95,1
15.25,1
12.81,1
10.43,1
10.6,1
12.33,1
15.62,1
26.99,1
29.1,1
21.31,1
17.29,1
17.21,1
16.83,1
16.47,1
16.53,1
16.68,1
17.27,1
20.72,1
31.14,1
28.88,1
24.59,1
19.58,1
18.4,1
16.43,1
16.01,1
12.35,1
13.1,1
12.63,1
12.95,1
13.22,1
16.52,1
19,1
21.02,1
22.93,1
24.67,1
30.3,1
29.1,1
28.35,1
32.02,1
28.35,1
26.75,1
27.64,1
34.09,1
33.8,1
32.55,1
26.78,1
22.73,1
20.64,1
19.74,1
18.8,1
17.49,1
15.72,1
15,1
17.57,1
22.15,1
26.9,1
27.95,1
27.16,1
21.27,1
27.66,1
25.22,1
25,1
24.61,1
25.22,1
28.03,1
30.5,1
42.15,1
42.75,1
38.15,1
35.01,1
32.6,1
30.14,1
30.1,1
31.38,1
28.05,1
28.79,1
29.33,1
28.54,1
32.28,1
30,1
32.97,1
32.76,1
29.42,1
25.47,1
23.34,1
22.5,1
19.91,1
19.6,1
22.76,1
24.22,1
31.26,1
33.02,1
26,1
24.14,1
23.28,1
23.36,1
23.6,1
26.58,1
23.18,1
23.02,1
20.53,1
19.77,1
23.22,1
21.61,1
19.8,1
23.75,1
26.3,1
23.63,1
20.62,1
20.14,1
18.8,1
18.69,1
21.29,1
23.86,1
33.25,1
33.93,1
28.72,1
23.25,1
23.95,1
19.54,1
19.39,1
18.68,1
18.42,1
18.23,1
18.26,1
18.53,1
21.94,1
29.69,1
33.07,1
32.04,1
26.11,1
18.81,1
18.65,1
18.2,1
18.11,1
18.02,1
19.13,1
19.88,1
32.85,1
36.38,1
34.06,1
30.64,1
32.88,1
22.79,1
18.83,1
21.5,1
24.08,1
20.36,1
20.71,1
26,1
27.61,1
31.01,1
34.15,1
31.97,1
29.91,1
33.24,1
31.32,1
29.16,1
25.72,1
23.97,1
22.39,1
22.28,1
27,1
24.44,1
21.7,1
18.81,1
18.01,1
16.93,1
15.15,1
15.1,1
14.76,1
10.45,1
10.36,1
13.38,1
15.99,1
19.27,1
26.64,1
19.6,1
18.18,1
18.21,1
17.87,1
17.02,1
16.35,1
16.18,1
17.91,1
23.55,1
33.15,1
34.19,1
32.19,1
28.05,1
26.01,1
18.9,1
19.01,1
19.94,1
18.91,1
19.17,1
19.15,1
21.22,1
27.24,1
26.72,1
29.91,1
24.16,1
20.89,1
22.73,1
21.95,1
21.87,1
21.82,1
22,1
23.25,1
27.23,1
34.96,1
37.36,1
35.02,1
33.11,1
24.51,1
24.1,1
23.85,1
25.15,1
25.69,1
24.73,1
26.06,1
24.71,1
28.68,1
35.83,1
37.33,1
35.54,1
30.42,1
27.3,1
22.57,1
21.28,1
20.67,1
20.71,1
21.46,1
26.71,1
34.45,1
35.81,1
30.31,1
30,1
26.86,1
21.59,1
20.24,1
21.1,1
19.17,1
18.76,1
18.87,1
19.09,1
22.48,1
22.7,1
31.64,1
24.45,1
22.04,1
19.63,1
17.86,1
16.99,1
15.44,1
15.49,1
17.42,1
18.73,1
24.83,1
27.41,1
26.33,1
21.25,1
18.79,1
18.29,1
17.34,1
18.95,1
17.11,1
16.77,1
16.82,1
17.28,1
17.79,1
18.25,1
22.69,1
18.91,1
17.59,1
17.25,1
16.35,1
15.51,1
15.23,1
15.12,1
16.53,1
22.17,1
32.37,1
38.39,1
31.43,1
30.19,1
26.62,1
21.17,1
22.35,1
17.14,1
16.64,1
16.45,1
16.39,1
17.36,1
21.98,1
31.99,1
32.13,1
28.06,1
19.23,1
18.35,1
16.68,1
16.4,1
15.96,1
16.28,1
17.22,1
20.19,1
31.11,1
33.1,1
28.8,1
24.85,1
17.97,1
16.48,1
15.94,1
16.26,1
15.71,1
15.98,1
16.17,1
16.56,1
17.57,1
23.54,1
22.21,1
26.09,1
26.25,1
26.87,1
24.73,1
24.61,1
23.41,1
20.19,1
21.22,1
25.57,1
29.62,1
29.85,1
21.66,1
20.59,1
19.29,1
17.21,1
16.61,1
14.93,1
11.39,1
10.92,1
10.46,1
12.9,1
15.48,1
17.41,1
20.15,1
19.98,1
21.05,1
22.06,1
25.96,1
22.38,1
20.78,1
20.24,1
20.11,1
22.32,1
28,1
28.28,1
24.59,1
19.67,1
18.17,1
16.57,1
15.3,1
15.62,1
14.07,1
13.18,1
12.95,1
12.44,1
14.14,1
21.2,1
25,1
21.12,1
19.97,1
20.79,1
17.73,1
17.15,1
16.9,1
16.92,1
17.73,1
22.4,1
27.78,1
29.3,1
27.57,1
25.74,1
24.1,1
18.32,1
20.34,1
18.26,1
17.25,1
17,1
16.75,1
17,1
24.97,1
25.61,1
27.71,1
20.84,1
17.66,1
18.07,1
17.7,1
17.31,1
17.27,1
17.39,1
18.11,1
19.61,1
25.84,1
28.06,1
25.72,1
20.13,1
19.64,1
18.27,1
18.39,1
19.79,1
17.97,1
17.7,1
17.94,1
18.21,1
20.33,1
21.54,1
20.66,1
21.74,1
21.39,1
19.68,1
20.65,1
19.11,1
18.55,1
18.73,1
18.24,1
19.07,1
22.38,1
27.49,1
23.38,1
19.83,1
19.04,1
18.1,1
18.34,1
20.28,1
19.16,1
17.52,1
17.73,1
18.3,1
19.12,1
18.72,1
18.34,1
17.95,1
16.49,1
14.8,1
13.67,1
12.82,1
12.75,1
12.66,1
13.49,1
16.51,1
19.58,1
25.89,1
20.82,1
17.55,1
16.71,1
16.54,1
16.79,1
18.52,1
19.91,1
18.38,1
18.41,1
20.28,1
22.71,1
31.55,1
32.01,1
28.34,1
25.14,1
19.86,1
17.93,1
16.03,1
14.92,1
14.89,1
16.09,1
18.69,1
24.94,1
28.23,1
24.46,1
18.92,1
16.11,1
15.3,1
14.67,1
13.48,1
11.98,1
11.98,1
12.01,1
12,1
14.29,1
23.17,1
23.92,1
19.33,1
17.77,1
18.01,1
17.96,1
17.91,1
18.94,1
19.04,1
20.95,1
23.97,1
28,1
30.65,1
26.39,1
24.54,1
19.83,1
15.57,1
14.06,1
12.05,1
11.26,1
11.32,1
11.32,1
11.36,1
12.8,1
14.95,1
20.85,1
17.15,1
15.88,1
15.57,1
14.82,1
14.5,1
14.34,1
14.24,1
14.34,1
15.7,1
21.24,1
23.74,1
21.29,1
16.27,1
14.99,1
14.38,1
14.07,1
12.01,1
12.03,1
11.39,1
10.98,1
12.03,1
14.75,1
21.07,1
23.23,1
16.3,1
14.97,1
14.02,1
12.37,1
12.39,1
12.39,1
12.38,1
13.35,1
16,1
22.51,1
25.28,1
23.95,1
22.31,1
19.04,1
15.66,1
14.4,1
14.86,1
14.42,1
14.38,1
14.44,1
14.57,1
15.94,1
19.06,1
22.56,1
22.86,1
22.29,1
21.15,1
20.7,1
20.16,1
20.45,1
20.3,1
22.11,1
23.05,1
24.15,1
24.95,1
19.45,1
19.21,1
17.87,1
17.32,1
15.04,1
16.28,1
14.86,1
14.37,1
13.92,1
15.02,1
15.69,1
16.13,1
16.46,1
17.1,1
16.58,1
15.44,1
14.94,1
14.19,1
13.45,1
13.42,1
13.96,1
15.4,1
24.33,1
29.15,1
27.05,1
24.53,1
24.77,1
17.59,1
18.63,1
18.37,1
18.17,1
16.47,1
16.22,1
17.29,1
17.65,1
16.93,1
15.92,1
15.1,1
15.72,1
14.03,1
13.93,1
13.87,1
13.47,1
13.93,1
14.49,1
16.2,1
24.08,1
27.71,1
23.31,1
19.17,1
17.65,1
14.58,1
15.07,1
14.11,1
14.05,1
14.11,1
14.16,1
18.16,1
25.13,1
30.42,1
27.24,1
22.78,1
18.4,1
15.95,1
15.2,1
14.73,1
14.72,1
15.46,1
16.16,1
18.9,1
25.57,1
31.66,1
25.29,1
21.71,1
17.2,1
14.5,1
12.88,1
11.64,1
10.05,1
10.41,1
11.52,1
12.44,1
16.78,1
22.77,1
21.08,1
19.05,1
17.16,1
15.48,1
15.3,1
15.09,1
15.28,1
15.38,1
16.09,1
17.12,1
19.28,1
23.21,1
20,1
16.04,1
14.31,1
13.77,1
11.63,1
11.45,1
8.9,1
10.2,1
11.47,1
11.81,1
15.48,1
21.32,1
15.49,1
15.11,1
15.76,1
14.65,1
14.34,1
14.86,1
14.63,1
15.85,1
18.31,1
22.32,1
25.37,1
28.38,1
27.65,1
25.27,1
19.65,1
14.9,1
15.85,1
14.55,1
14.88,1
15.21,1
14.81,1
19.48,1
25.38,1
30.66,1
25.57,1
19.65,1
18.74,1
17.76,1
16.27,1
16.02,1
16.01,1
16.31,1
17.87,1
23.53,1
25.64,1
29.71,1
27.42,1
21.64,1
17.73,1
16.44,1
15.18,1
15.29,1
14.5,1
14.74,1
14.9,1
15.32,1
18,1
24.27,1
24.72,1
24.17,1
24.4,1
22.1,1
19.63,1
16.75,1
15.59,1
14.81,1
15.75,1
16.96,1
17.96,1
24.06,1
18.19,1
15.53,1
17.37,1
14.47,1
15.51,1
13.33,1
12.71,1
12.83,1
12.78,1
14.33,1
16.1,1
17.48,1
18.97,1
15.64,1
14.63,1
14.02,1
13.8,1
13.42,1
13.19,1
13.77,1
13.93,1
15.48,1
19.75,1
26.84,1
26.77,1
17.38,1
14.81,1
14.78,1
14.32,1
13.88,1
12.98,1
12.66,1
13.2,1
14.29,1
13.85,1
14.59,1
14.69,1
14.89,1
15.35,1
14.84,1
14.08,1
13.39,1
12.88,1
14.16,1
15.21,1
16.04,1
25.15,1
28.71,1
26.63,1
25.81,1
20.68,1
16.42,1
16.28,1
15.66,1
15.06,1
15.86,1
18.51,1
21.09,1
28.09,1
34.04,1
28.68,1
23.33,1
22.57,1
18.54,1
17.56,1
16.78,1
16.62,1
16.82,1
17.73,1
21.38,1
26.51,1
29.72,1
25.05,1
22.61,1
17.3,1
16.61,1
14.62,1
13.46,1
12.71,1
13,1
13.47,1
15,1
18.8,1
26.22,1
23.5,1
25.43,1
24.53,1
24.17,1
23.52,1
21.32,1
18.21,1
17.73,1
16.41,1
17.81,1
19.32,1
23.25,1
18.69,1
15.5,1
14.74,1
12.43,1
12.7,1
12.63,1
12.66,1
12.67,1
12.68,1
14.52,1
21.17,1
21.49,1
17.89,1
17.11,1
15.35,1
14.09,1
13.14,1
13.04,1
13.15,1
12.97,1
14.82,1
16.69,1
23.84,1
26.07,1
25.22,1
22.02,1
17.07,1
14.4,1
14.32,1
13.55,1
12.93,1
13.31,1
13.77,1
18.23,1
17.56,1
21.28,1
20.98,1
23.88,1
23.01,1
22.5,1
20.29,1
19.83,1
19.02,1
18.16,1
17.72,1
18.29,1
18.66,1
18.04,1
16.54,1
14.96,1
15.03,1
14.91,1
12.28,1
11.88,1
11.83,1
11.77,1
11.82,1
12.44,1
15.11,1
16.69,1
17.85,1
19.45,1
18.46,1
17.43,1
16.76,1
14.82,1
13.89,1
14.3,1
14.52,1
16.12,1
15.41,1
15.95,1
13.65,1
13.4,1
11.57,1
11.07,1
9.79,1
8.22,1
7,1
7,1
8.9,1
10.2,1
10.38,1
11.5,1
13.16,1
13.89,1
13.83,1
12.68,1
12.43,1
12.02,1
11.64,1
11.79,1
12.42,1
12.71,1
13.98,1
17.21,1
17.64,1
15.76,1
13.82,1
13.2,1
12.91,1
12.6,1
12.35,1
12.57,1
12.51,1
13.29,1
12.99,1
13.49,1
15.18,1
14.97,1
13.77,1
13.37,1
13.01,1
12.16,1
12.22,1
12.46,1
13.88,1
16.15,1
18.48,1
27.52,1
26.66,1
22.48,1
15.67,1
14.66,1
13.91,1
13.51,1
13.52,1
13.57,1
14.38,1
15.61,1
19.58,1
24.52,1
21.56,1
23.47,1
23.3,1
22.61,1
22.37,1
21.76,1
19.58,1
18.65,1
18.41,1
20.48,1
22.23,1
24.03,1
19.97,1
17.58,1
16.15,1
13.15,1
14.52,1
14.02,1
13.64,1
13.81,1
13.78,1
15.06,1
17.45,1
20.94,1
22.78,1
23.26,1
17.31,1
15.89,1
14.78,1
14.43,1
14.13,1
13.95,1
14.03,1
16.36,1
18.12,1
22.97,1
20.33,1
18.32,1
14.11,1
12.64,1
14.96,1
14.33,1
13.7,1
13.77,1
14.28,1
15,1
19.57,1
19.18,1
17.86,1
17.57,1
18.85,1
17.86,1
17.85,1
17.79,1
17.76,1
17.78,1
19.2,1
19.01,1
20.66,1
20.5,1
18.3,1
18.16,1
16.28,1
14.59,1
13.47,1
12.89,1
12.53,1
12.54,1
12.81,1
15.1,1
19.25,1
23.02,1
23.75,1
24.15,1
19.57,1
17.12,1
15.91,1
14.97,1
14.5,1
14.95,1
15.77,1
18.78,1
21.92,1
26.7,1
25.69,1
18.9,1
16.64,1
14.31,1
13.22,1
12.46,1
12.4,1
11.99,1
12.32,1
13.17,1
14.5,1
16.18,1
17.54,1
17.34,1
17.57,1
16.61,1
15.49,1
13.88,1
13.37,1
13.01,1
12.9,1
13.39,1
14.58,1
17.15,1
16.1,1
14.02,1
13.36,1
12.61,1
11.9,1
12.4,1
11.72,1
11.73,1
11.67,1
11.95,1
12.22,1
12.72,1
13.35,1
15.03,1
14.04,1
13.36,1
13.77,1
13.18,1
12.84,1
13.38,1
15.09,1
15.7,1
17.5,1
21.75,1
18.13,1
14.97,1
13.16,1
12.41,1
14.2,1
12.14,1
12.09,1
12.35,1
12.38,1
12.15,1
12.31,1
12.31,1
14.12,1
15.04,1
20.14,1
21.2,1
19.12,1
15.52,1
15.05,1
15.16,1
16.24,1
19.05,1
19.04,1
22.43,1
18.98,1
15.36,1
12.91,1
12.4,1
12.72,1
11.83,1
11.86,1
11.8,1
11.83,1
12.29,1
14.44,1
14.76,1
16.29,1
18.53,1
20.37,1
19,1
17.66,1
18.49,1
17.05,1
16.86,1
17.95,1
24.28,1
24.39,1
23.47,1
19.67,1
17.67,1
16.14,1
15.92,1
13.95,1
12.63,1
12.79,1
12.64,1
12.83,1
14.38,1
15.6,1
18.2,1
19.26,1
23.24,1
21.53,1
19.41,1
17.83,1
16.75,1
15.92,1
14.96,1
16.75,1
17.95,1
23.45,1
25.05,1
22.21,1
20.12,1
17.33,1
15.85,1
16.69,1
15.09,1
14.7,1
14.75,1
15.13,1
19.09,1
19.5,1
25.09,1
25.32,1
22.81,1
18.61,1
17.97,1
17.73,1
16.94,1
16.49,1
16.45,1
17.9,1
20.58,1
21.14,1
25.27,1
23.31,1
20.29,1
18.91,1
17.69,1
14.75,1
13.49,1
12.82,1
13.16,1
13.73,1
14.75,1
16.67,1
19.91,1
22.4,1
21.24,1
19.91,1
18.01,1
17.48,1
17.41,1
17.29,1
17.26,1
17.34,1
18.13,1
19.32,1
23.27,1
18.02,1
17.2,1
16.47,1
14.44,1
16.14,1
15.59,1
14.95,1
14.95,1
15.34,1
15.85,1
16.29,1
19.76,1
22.07,1
23.24,1
22.09,1
21.42,1
21.03,1
20.87,1
19.91,1
18.52,1
18.28,1
20,1
21,1
21.52,1
20.4,1
17.65,1
17.94,1
16.41,1
14.85,1
14.45,1
13.5,1
13.38,1
13.7,1
14.35,1
14.68,1
15.38,1
17.51,1
21.83,1
23.75,1
23.63,1
19.57,1
16.75,1
15.53,1
15.5,1
17.01,1
19.53,1
20.99,1
24.84,1
24.85,1
20.74,1
17.96,1
17.01,1
15.45,1
14.66,1
14.73,1
14.76,1
14.64,1
14.33,1
14.43,1
15.32,1
17,1
17.33,1
18.23,1
17.22,1
16.89,1
16.2,1
16.37,1
17,1
16.95,1
18.6,1
21.04,1
24.69,1
27.41,1
18.75,1
15.2,1
14.03,1
14.39,1
13.7,1
13.59,1
13.55,1
13.57,1
15.4,1
16.67,1
31.21,1
27.74,1
24.14,1
18.47,1
16.85,1
15.97,1
15.99,1
15.5,1
15.49,1
17.62,1
23.57,1
26.07,1
31.57,1
30.67,1
24,1
18.92,1
17.48,1
14.75,1
14.11,1
14.5,1
14.67,1
14.75,1
17.5,1
24.47,1
27.71,1
24.33,1
17.86,1
14.78,1
14.75,1
14.69,1
14.75,1
14.64,1
14.67,1
16.44,1
21.47,1
27.55,1
28.12,1
25.91,1
23.69,1
18.88,1
17.46,1
16.23,1
15.15,1
15.97,1
15.84,1
15.84,1
16.59,1
24.41,1
22.65,1
23.99,1
24.63,1
24,1
22.42,1
19.64,1
18.47,1
17.94,1
17.98,1
19.57,1
23.24,1
23.23,1
25.93,1
26.06,1
20.16,1
19.81,1
17.71,1
16.87,1
15.97,1
15.58,1
15.44,1
15.95,1
19.59,1
24.57,1
30.9,1
26.6,1
30.47,1
27.8,1
24.33,1
27.6,1
26.96,1
20.75,1
22.26,1
22.23,1
23.82,1
23.21,1
26.02,1
25.96,1
23.76,1
21.37,1
15.75,1
14.63,1
14.24,1
13.83,1
13.23,1
14.11,1
15.69,1
16.22,1
18.56,1
21.38,1
23.07,1
21.08,1
20.87,1
20.33,1
18.44,1
16.07,1
15.81,1
17.76,1
18.7,1
21.79,1
25.25,1
21.51,1
19.78,1
15.69,1
14.63,1
16.19,1
14.32,1
13.83,1
14.14,1
14.18,1
15.57,1
15.89,1
15.63,1
15.4,1
14.41,1
14.05,1
13.75,1
13.66,1
13.39,1
13.35,1
13.23,1
13.44,1
14.71,1
16.18,1
19.11,1
21.68,1
16.16,1
16,1
15.2,1
13.77,1
14.02,1
13.62,1
13.58,1
13.67,1
13.8,1
13.6,1
14.28,1
14.85,1
15.1,1
14.5,1
14.2,1
13.81,1
13.71,1
13.55,1
13.67,1
13.9,1
14.87,1
15.59,1
16.78,1
16.98,1
14.87,1
13.77,1
12.81,1
12.81,1
11.82,1
11.23,1
11.29,1
11.74,1
13.52,1
13.9,1
14.6,1
15.26,1
18.34,1
17.23,1
18.08,1
16.29,1
16,1
14.17,1
14.25,1
14.07,1
15.36,1
16.12,1
16.13,1
16.82,1
14.33,1
12.75,1
11.28,1
11.6,1
10.09,1
6.96,1
6.95,1
9.81,1
12.61,1
15.84,1
16.05,1
15.58,1
14.52,1
14.41,1
14.54,1
14.25,1
13.75,1
13.41,1
13.49,1
13.53,1
15.88,1
17.45,1
19.69,1
19.76,1
18.21,1
14.12,1
13.83,1
16.4,1
15.55,1
15.02,1
15.07,1
15.8,1
17.67,1
26.81,1
28.22,1
28.75,1
23.75,1
21.45,1
18.36,1
16.91,1
16.67,1
16.47,1
16.46,1
17.34,1
23.75,1
26.06,1
26.01,1
26.05,1
25,1
19.75,1
17.14,1
16.22,1
16.07,1
15.86,1
15.83,1
15.96,1
18.24,1
20,1
23.42,1
20.13,1
18.29,1
16.28,1
15.87,1
14.9,1
14.43,1
14.28,1
14.51,1
15.58,1
16.8,1
17.19,1
21.69,1
21.77,1
18.45,1
16.85,1
16.14,1
14.75,1
14.41,1
13.92,1
13.49,1
14.3,1
14.99,1
15.44,1
21.14,1
16.77,1
15.65,1
15.49,1
14.88,1
14.58,1
14.84,1
14.18,1
14.71,1
16.17,1
16.99,1
18.38,1
18.73,1
19.02,1
18.52,1
17.29,1
15.96,1
17.75,1
16,1
15.87,1
15.73,1
15.94,1
16.13,1
18.35,1
16.07,1
18.25,1
20.98,1
22.27,1
23.21,1
20.07,1
16.79,1
16.01,1
15.98,1
16.01,1
17.4,1
20.03,1
24.53,1
24.74,1
30.6,1
23.37,1
18.78,1
19.44,1
17.59,1
16.99,1
16.08,1
17.43,1
18.19,1
17.66,1
18.72,1
19.95,1
16.02,1
14.72,1
14.04,1
14.11,1
13.73,1
13.45,1
13.66,1
15.8,1
16.65,1
17.37,1
23.45,1
24.48,1
18.96,1
16.19,1
14.32,1
16.22,1
14.75,1
14.57,1
14.36,1
14.82,1
19.43,1
17.69,1
21.12,1
18.62,1
19.09,1
18.67,1
18.71,1
19.71,1
18.69,1
18.48,1
18.03,1
18.55,1
20.96,1
23.75,1
23.75,1
26.83,1
22.93,1
19.75,1
17.42,1
16.01,1
15.22,1
14.73,1
14.28,1
15.13,1
16.06,1
19.25,1
18.4,1
17.37,1
15.28,1
15.68,1
16.34,1
15.66,1
16.06,1
15.48,1
15.53,1
17.87,1
20.09,1
21.51,1
23.75,1
25.13,1
20.14,1
15.83,1
14.91,1
14.59,1
14.04,1
13.93,1
13.73,1
13.86,1
15.28,1
16.5,1
23,1
19,1
17.33,1
17.28,1
16.92,1
16.98,1
16.45,1
15.82,1
15.72,1
16.45,1
18.23,1
21.67,1
24.81,1
26.88,1
22,1
18.44,1
15.96,1
16.16,1
15.01,1
14.75,1
14.94,1
15.75,1
16.49,1
20.53,1
23.96,1
20.55,1
18.43,1
18.38,1
17.87,1
17.22,1
17.07,1
17.39,1
18.44,1
18.82,1
20.35,1
23.05,1
26.15,1
28.2,1
25.41,1
18.76,1
17.33,1
16.42,1
16.57,1
16.34,1
16.39,1
17.08,1
17.77,1
21.61,1
21.54,1
23.75,1
24.14,1
23.09,1
23.75,1
24.68,1
21.46,1
19.64,1
18.86,1
19.77,1
20.68,1
22.69,1
23.75,1
21.55,1
26.55,1
20.63,1
17.96,1
19.52,1
16.94,1
16.38,1
16.26,1
16.54,1
18.21,1
18.13,1
20.21,1
20.46,1
19.52,1
17.21,1
17.45,1
16.25,1
16.18,1
15.94,1
16.17,1
16.8,1
19.89,1
23.13,1
25.47,1
28.4,1
20.96,1
19.88,1
16.79,1
16.25,1
15.78,1
15.83,1
15.4,1
15.74,1
15.61,1
15.98,1
15.83,1
16.44,1
18.81,1
22.29,1
19.97,1
20.04,1
19.84,1
19.59,1
19.68,1
20.07,1
25.08,1
23.75,1
24.44,1
24.11,1
20.31,1
16.67,1
15.96,1
14.94,1
14.03,1
13.64,1
13.82,1
14.36,1
15.57,1
18.28,1
18.06,1
19.01,1
19.23,1
20.4,1
21.72,1
23.72,1
23.18,1
20.34,1
19.54,1
21,1
23.57,1
23.75,1
26.81,1
23.48,1
22.09,1
18.47,1
16.75,1
15.15,1
14.39,1
14.62,1
14.61,1
14.88,1
16.11,1
16.27,1
18.31,1
18.76,1
18.48,1
16.97,1
16.75,1
15.73,1
15.61,1
15.66,1
15.62,1
16.74,1
18.51,1
18.97,1
21.91,1
25.31,1
19.45,1
15.81,1
15.67,1
14.34,1
13.95,1
13.91,1
13.89,1
14.29,1
15.44,1
16.37,1
21.75,1
19.35,1
17.18,1
16.83,1
16.75,1
16.95,1
16.82,1
16.61,1
18.1,1
20.37,1
22.15,1
22,1
26,1
26.26,1
20,1
15.33,1
14.37,1
13.9,1
13.84,1
13.41,1
13.64,1
13.61,1
14.04,1
14.65,1
16.2,1
17.41,1
18.42,1
19.4,1
18.65,1
19.28,1
19,1
17.49,1
17.22,1
18.01,1
18.54,1
18.29,1
18.56,1
18.7,1
14.4,1
13.85,1
13.05,1
12.57,1
11.74,1
11.11,1
11.02,1
11.98,1
13.63,1
15.92,1
18.1,1
19.83,1
22.16,1
22.23,1
20.36,1
18.76,1
18.64,1
17.02,1
16.89,1
17.67,1
18.22,1
18.77,1
18.29,1
19.62,1
19.33,1
17.06,1
14.71,1
13.68,1
11.58,1
11.14,1
11.45,1
11.55,1
12.59,1
13.29,1
14.86,1
13.91,1
13.14,1
13.02,1
12.94,1
12.9,1
12.2,1
11.93,1
11.71,1
12.88,1
15.37,1
16.79,1
17,1
24.57,1
19.46,1
14.19,1
12.64,1
12.9,1
11.71,1
11.91,1
11.96,1
11.98,1
12.08,1
11.87,1
12.31,1
12.75,1
12.95,1
13.18,1
14.35,1
14.02,1
14.13,1
13.84,1
16.35,1
19.78,1
26.08,1
29.39,1
27.74,1
30.48,1
22.19,1
15.77,1
14,1
13.07,1
11.69,1
11.03,1
11.16,1
11.77,1
13.17,1
17.76,1
15.08,1
14.92,1
14.79,1
14.89,1
15.2,1
15.42,1
16.47,1
15.38,1
15.03,1
15.14,1
17.47,1
17.7,1
20.09,1
20.13,1
15.71,1
13.61,1
11.89,1
13.64,1
12.99,1
12.45,1
12.57,1
12.96,1
14,1
15.22,1
17.51,1
17.52,1
14.16,1
13.53,1
13.12,1
13.31,1
13.13,1
13.1,1
13.28,1
15.28,1
14.23,1
16.41,1
18.73,1
24,1
18.81,1
15.48,1
13.37,1
15.62,1
13.93,1
13.39,1
13.34,1
14.25,1
15.53,1
16.99,1
18.92,1
18.12,1
17.67,1
17.91,1
18.04,1
18.1,1
18.02,1
17.93,1
17.97,1
19.18,1
21.93,1
23.06,1
22.43,1
27.07,1
19.49,1
17.84,1
15.42,1
16.01,1
15.27,1
14.96,1
15,1
15.32,1
17.09,1
21.81,1
18.72,1
20.14,1
18.41,1
16.68,1
16.24,1
16.05,1
15.53,1
15.29,1
15.48,1
17.66,1
18.48,1
19.71,1
20.04,1
24.83,1
20.65,1
17.74,1
15.94,1
13.58,1
12.88,1
12.31,1
12.35,1
13.08,1
14.11,1
15,1
14.66,1
14.82,1
14.14,1
13.77,1
14.08,1
14.1,1
14.28,1
14.18,1
15.22,1
16.92,1
18.31,1
18.8,1
18.13,1
21.95,1
17.93,1
17.07,1
14.88,1
14.69,1
13.88,1
12.45,1
13.49,1
13.46,1
13.97,1
13.77,1
14.03,1
14.17,1
14.29,1
14.32,1
13.66,1
13.33,1
12.82,1
12.37,1
12.31,1
13.61,1
15.15,1
17.27,1
18.3,1
23.31,1
19.47,1
14.88,1
13.42,1
14.66,1
12.89,1
12.33,1
12.7,1
12.33,1
12.76,1
13.49,1
13.26,1
14.3,1
14.28,1
13.48,1
13.17,1
12.12,1
12.18,1
12.04,1
12.14,1
12.16,1
13.08,1
15.22,1
18.01,1
24.67,1
19.84,1
13.27,1
12.3,1
11.3,1
11.97,1
11.58,1
11.63,1
12.25,1
14.43,1
14.5,1
17.08,1
18.69,1
18.65,1
18.49,1
18.51,1
18.38,1
17,1
17.05,1
16.66,1
18.55,1
20.3,1
23.62,1
22.1,1
26.95,1
25.04,1
16.59,1
15.68,1
12.46,1
12.06,1
11.69,1
11.57,1
12.08,1
13.5,1
16.47,1
14.93,1
13.69,1
13.24,1
13,1
12.68,1
12.49,1
12.57,1
12.51,1
12.53,1
12.93,1
13.87,1
16.57,1
16.92,1
20.32,1
16.79,1
13.39,1
12.4,1
13.12,1
12.72,1
12.57,1
12.68,1
13.56,1
14.21,1
16.07,1
15.78,1
13.53,1
12.74,1
12.57,1
12.36,1
12.29,1
12.04,1
11.88,1
11.87,1
11.97,1
13.21,1
15.21,1
16.5,1
18.74,1
15.9,1
12.99,1
12.32,1
11.97,1
11,1
11.03,1
10.76,1
11.92,1
12.52,1
12.92,1
13.93,1
12.71,1
11.93,1
11.77,1
11.59,1
11.9,1
11.66,1
11.56,1
11.77,1
12.11,1
13.75,1
15.81,1
16.9,1
19.21,1
15.83,1
13.07,1
12.34,1
11.76,1
10.74,1
11.1,1
11.17,1
11.21,1
11.4,1
13.84,1
13.33,1
13.94,1
13.87,1
13.41,1
13.06,1
15.82,1
16.17,1
18.86,1
18.09,1
19.51,1
19.18,1
18.51,1
16.42,1
14.81,1
15.45,1
13.46,1
12.27,1
12.47,1
12.31,1
11.18,1
11.31,1
11.15,1
11.07,1
11.26,1
11.28,1
11.29,1
11.22,1
11.27,1
11.31,1
11.85,1
11.9,1
12.04,1
13.07,1
14.39,1
16.5,1
19.32,1
18.67,1
20.35,1
17.37,1
14.32,1
12.95,1
12.29,1
11.85,1
11.25,1
10.98,1
11.01,1
11.11,1
11.12,1
11.43,1
11.59,1
11.55,1
12.02,1
12.15,1
12.65,1
12.13,1
12.07,1
12.05,1
14.41,1
16.67,1
15.17,1
16.5,1
18.62,1
14.59,1
12.09,1
11.16,1
11.76,1
11.05,1
11.04,1
11.06,1
11.11,1
11.95,1
14.53,1
16.2,1
16.25,1
16.5,1
16.8,1
16.94,1
16.76,1
16.74,1
16.5,1
16.91,1
18.2,1
18.95,1
19.2,1
19.22,1
22.45,1
20.99,1
16.86,1
14.27,1
12.49,1
12.16,1
12.14,1
12.13,1
12.52,1
13.91,1
14.98,1
18.78,1
16.68,1
16.23,1
16.5,1
16.52,1
16.7,1
16.5,1
15.34,1
15.69,1
16.81,1
17.64,1
21.74,1
25.7,1
26.07,1
24.34,1
16.9,1
15.28,1
15.47,1
14.36,1
14.11,1
14.34,1
15.19,1
15.61,1
18.57,1
20.76,1
18.64,1
14.79,1
14.47,1
14.18,1
14.22,1
14.05,1
14.27,1
14.11,1
15.28,1
16.91,1
17.72,1
18.96,1
24.21,1
21.35,1
17.2,1
14.3,1
12.95,1
12.99,1
12.88,1
12.94,1
12.85,1
14.43,1
16.33,1
19.28,1
16,1
13.74,1
13.47,1
13.49,1
13.43,1
13.15,1
13.14,1
13.14,1
14.06,1
16.5,1
18,1
18.29,1
18.78,1
18.57,1
14.59,1
15.64,1
15.84,1
12.32,1
11.24,1
11.1,1
11.1,1
12.39,1
16.5,1
15.61,1
17.54,1
18.3,1
13.44,1
13.65,1
13.44,1
13.58,1
16.01,1
14.18,1
16.74,1
20.03,1
22.98,1
19.97,1
21.02,1
23.91,1
15.69,1
14.32,1
12.86,1
12.1,1
11.29,1
11.55,1
11.46,1
11.7,1
11.95,1
12.34,1
12.14,1
12.31,1
14.29,1
14.23,1
14.57,1
14.38,1
13.12,1
13.11,1
12.55,1
15.75,1
16.25,1
16.5,1
17.8,1
16.06,1
12.32,1
12.15,1
14.59,1
12.89,1
12.43,1
12.37,1
12.14,1
12.59,1
12.2,1
12.31,1
12.74,1
12.82,1
12.22,1
12.5,1
12.19,1
11.95,1
11.94,1
12.23,1
13.17,1
14.43,1
16.5,1
16.25,1
16.93,1
14.36,1
13.81,1
12.49,1
11.62,1
11.16,1
11.06,1
11.05,1
11.1,1
11.22,1
11.4,1
11.84,1
12.06,1
12.19,1
12.47,1
12.6,1
12.69,1
12.51,1
12.51,1
14.46,1
16.5,1
16.74,1
17.05,1
17.55,1
19.54,1
16.8,1
13.17,1
12.19,1
11.33,1
11.03,1
11.03,1
11.04,1
11.2,1
12.33,1
14.36,1
15.79,1
14.68,1
15.7,1
15.55,1
15.81,1
16.83,1
16.86,1
18.31,1
19.42,1
23.23,1
25.28,1
24.21,1
23.15,1
22.1,1
21.07,1
17.05,1
14.2,1
15.32,1
14.62,1
13.64,1
14.34,1
14.45,1
14.7,1
15.15,1
14.99,1
15.19,1
16.63,1
16.58,1
16.8,1
18.58,1
20.59,1
18.95,1
23.44,1
25.86,1
28.23,1
26.27,1
22.24,1
22.87,1
19.32,1
17.62,1
17.55,1
18.47,1
17.18,1
16.46,1
16.51,1
16.37,1
16.92,1
18.96,1
18.32,1
18.58,1
19.73,1
18.54,1
19.16,1
18.62,1
19.09,1
19.27,1
19.11,1
21.36,1
23.33,1
21.76,1
20.26,1
21.56,1
21.43,1
18.4,1
16.24,1
16.94,1
16.06,1
14.62,1
14.5,1
14.68,1
15.12,1
16.7,1
18.68,1
18.72,1
20.01,1
18.66,1
18.83,1
19.34,1
19.64,1
19.28,1
22.77,1
24.27,1
23.52,1
22.63,1
18.83,1
19.9,1
18.87,1
18.71,1
17.23,1
18.72,1
16.96,1
15.98,1
14.68,1
14.71,1
14.88,1
15.09,1
15.81,1
16.22,1
17.07,1
16.15,1
16.05,1
16.16,1
16.13,1
16.09,1
15.98,1
17.04,1
18.71,1
23.03,1
22.75,1
22.61,1
23.89,1
18.24,1
16.08,1
23.07,1
21.11,1
22.02,1
22.08,1
23.17,1
24.01,1
17.89,1
15.88,1
16.06,1
16.01,1
20.76,1
17.41,1
18.98,1
19.27,1
16.23,1
15.9,1
16.88,1
18.01,1
18.65,1
19.64,1
30.54,1
26.53,1
18.35,1
16.03,1
15.43,1
13.58,1
13.07,1
13.16,1
14,1
15.59,1
17.19,1
18.36,1
16.74,1
16.9,1
16.39,1
15.62,1
16.21,1
16.41,1
15.84,1
15.2,1
16.5,1
19.59,1
19.25,1
19.39,1
22.79,1
22.92,1
17.47,1
15.37,1
17.54,1
15.77,1
14.48,1
13.97,1
14.14,1
15.73,1
17.27,1
19.27,1
18.44,1
20.25,1
17.12,1
15.18,1
15.28,1
16.48,1
16.5,1
17.08,1
18.46,1
21.86,1
21.9,1
22.03,1
21.71,1
22.75,1
18.68,1
16.57,1
14.47,1
14.33,1
14.68,1
14.1,1
14.44,1
15.09,1
15.23,1
15.68,1
16.05,1
18.62,1
18.17,1
19.51,1
20.75,1
20.8,1
23.3,1
24.36,1
27.29,1
29.35,1
26.31,1
24.07,1
21.98,1
20.15,1
20.38,1
18.58,1
14.79,1
14.06,1
13.73,1
13.02,1
13.63,1
14.12,1
14.97,1
19.52,1
16.43,1
20.06,1
19.59,1
20.93,1
21.29,1
26.44,1
24.14,1
26.85,1
31.55,1
31.81,1
30.29,1
25.19,1
25.58,1
22.01,1
19.8,1
19.27,1
16.74,1
15.41,1
14.75,1
14.7,1
14.66,1
15.26,1
16.28,1
18.27,1
17.31,1
18.08,1
18.81,1
22.39,1
21.13,1
22.03,1
24.32,1
25.88,1
30.87,1
30.88,1
30.76,1
25.56,1
25.79,1
25.14,1
22.19,1
20.82,1
20.87,1
17.35,1
16.51,1
16.26,1
15.94,1
15.28,1
15.41,1
16.34,1
17.68,1
21,1
20.81,1
20.62,1
22.96,1
24.27,1
23.52,1
24.44,1
25,1
25.58,1
23.24,1
22.91,1
21.46,1
21.06,1
17.73,1
15.9,1
19.44,1
18.36,1
17.37,1
16.32,1
15.65,1
14.84,1
14.21,1
14.99,1
15.24,1
16.42,1
16.29,1
15.44,1
16.52,1
16.42,1
16.4,1
16.48,1
15.38,1
21.69,1
22.88,1
22.91,1
25.68,1
22.51,1
18.52,1
15.82,1
15.04,1
14.7,1
14.6,1
14.5,1
14.7,1
14.5,1
14.83,1
14.97,1
15.39,1
15.6,1
15.02,1
15.35,1
15.49,1
15.74,1
16.74,1
16.5,1
18.99,1
22.03,1
22.22,1
22.58,1
22.57,1
19.54,1
18.93,1
16.67,1
17.57,1
16.43,1
15.75,1
15.61,1
15.8,1
16.43,1
17.82,1
19.85,1
20.04,1
20.85,1
20.42,1
17.99,1
19.15,1
22.95,1
22.55,1
26.07,1
31.37,1
32.68,1
32.64,1
28.71,1
26.67,1
24.41,1
20.89,1
17.72,1
15.91,1
15.38,1
14.83,1
14.4,1
14.9,1
15.2,1
15.86,1
17.86,1
16.16,1
18.27,1
19.45,1
19.77,1
20.83,1
20.42,1
21.08,1
23.81,1
26.12,1
28.28,1
24.93,1
22.68,1
19.58,1
19.27,1
16.78,1
15.08,1
14.68,1
14.26,1
14.27,1
13.98,1
14.22,1
14.61,1
15.21,1
17.21,1
19.22,1
19.15,1
17.01,1
18.97,1
19.15,1
19.38,1
19.74,1
22.17,1
23.05,1
23.95,1
23.1,1
22.73,1
19.38,1
19.33,1
17.66,1
14.97,1
14.55,1
14.51,1
14.23,1
13.95,1
14.13,1
14.95,1
14.98,1
15.95,1
18.21,1
19.89,1
20.03,1
20.85,1
21.14,1
21.51,1
24.79,1
26.34,1
27.97,1
28.73,1
27.23,1
26.99,1
22.68,1
20.43,1
20.52,1
19.62,1
15.29,1
14.15,1
14.07,1
14.01,1
14.1,1
13.9,1
14.05,1
14.07,1
14.61,1
14.84,1
13.84,1
13.93,1
14.27,1
14.15,1
14.04,1
15.99,1
18.04,1
22.24,1
22.39,1
19.56,1
20.02,1
20.57,1
14.61,1
13.98,1
14.61,1
13.95,1
13.55,1
13.34,1
13,1
13.21,1
13.08,1
12.48,1
13.35,1
13.51,1
13.7,1
13.81,1
13.69,1
13.93,1
13.87,1
15.19,1
19.18,1
20.23,1
22.42,1
22.38,1
24.02,1
19.64,1
16.26,1
13.81,1
13.56,1
12.9,1
12.31,1
11.98,1
12.7,1
13.37,1
15.94,1
19.49,1
17.47,1
16.39,1
15.67,1
14.49,1
16.01,1
17.29,1
17.76,1
20.88,1
22.09,1
26.59,1
25.6,1
25.54,1
26.01,1
27,1
18.72,1
14.43,1
15.32,1
14.04,1
14.03,1
13.87,1
13.54,1
13.72,1
16.4,1
16.95,1
19.33,1
19.23,1
15.75,1
14.52,1
14.64,1
15.86,1
16.89,1
16,1
21.22,1
25.96,1
24.15,1
21.49,1
18.95,1
18.88,1
17.01,1
14.13,1
12.48,1
12.83,1
11.93,1
11.11,1
11.5,1
13.44,1
15.21,1
14.1,1
13.17,1
12.89,1
13.79,1
13.95,1
15.44,1
15.44,1
15.18,1
17.02,1
20.42,1
24.41,1
24.98,1
21.49,1
19.03,1
19.11,1
15.91,1
13.9,1
13.19,1
13.21,1
12.3,1
11.93,1
12.35,1
12.81,1
13.97,1
14.04,1
14.1,1
14.13,1
15.11,1
15.12,1
17.87,1
18.44,1
18.81,1
25.45,1
26.18,1
28.68,1
29.22,1
26.07,1
23.97,1
19.73,1
16.12,1
15.37,1
14.99,1
14.53,1
13.83,1
13.47,1
13.47,1
13.92,1
13.95,1
15.88,1
18.18,1
19.27,1
21.02,1
21.85,1
23.15,1
24.98,1
29.36,1
30.69,1
32.95,1
35.46,1
30.08,1
27.7,1
24.01,1
21.42,1
19.9,1
19.04,1
18.87,1
17.24,1
17.17,1
15.42,1
14.76,1
15.06,1
14.38,1
15.7,1
16.05,1
18.55,1
21.53,1
24,1
25.72,1
26.13,1
27.77,1
29.96,1
35.63,1
36.28,1
35.77,1
31.14,1
27.23,1
25.27,1
21.21,1
20.07,1
17.73,1
17.51,1
15.06,1
14.78,1
14.67,1
15.01,1
14,1
14.88,1
15.48,1
16.08,1
19.39,1
18.69,1
21.23,1
24.46,1
24.37,1
27.92,1
31.74,1
36.3,1
34.93,1
31.67,1
27.86,1
24.15,1
19.92,1
19.75,1
20.56,1
18.72,1
17.03,1
16.13,1
15.95,1
17.49,1
20.09,1
23.07,1
23.96,1
25.19,1
25.89,1
24.39,1
25.49,1
26,1
28.82,1
34.67,1
38.54,1
38.1,1
33.09,1
30.13,1
27.4,1
24.68,1
23.33,1
22,1
17.76,1
15.64,1
15.19,1
15.2,1
15.21,1
14.94,1
15.67,1
19.95,1
21.52,1
22.93,1
24.77,1
25.15,1
26.5,1
28.75,1
30.48,1
37.52,1
39.17,1
41.41,1
38.08,1
29.56,1
26.56,1
25.36,1
21.4,1
20.4,1
18.8,1
16.35,1
15.75,1
15.37,1
15.65,1
16.01,1
16.36,1
18.05,1
20.5,1
22.6,1
18.32,1
19.26,1
21.84,1
24.99,1
27.4,1
28.08,1
30.56,1
35.19,1
32.25,1
29.27,1
26.14,1
19.08,1
20.93,1
19.42,1
17.02,1
15.39,1
14.94,1
14.82,1
14.82,1
15.27,1
15.73,1
16.94,1
16.99,1
18.08,1
18.1,1
18.13,1
20.26,1
21.8,1
23.87,1
26.18,1
28.07,1
29.75,1
29.28,1
26.74,1
25.44,1
23.04,1
19.45,1
17.94,1
17.17,1
16.6,1
14.97,1
14.66,1
14.63,1
15.28,1
16.07,1
22.54,1
20.83,1
22.26,1
22.9,1
25.05,1
25.5,1
26.07,1
28.06,1
28.84,1
32.32,1
33.41,1
30.94,1
28.49,1
25.69,1
25.28,1
21.17,1
19.08,1
16.53,1
15.47,1
14.09,1
14.21,1
13.99,1
14.02,1
13.88,1
14.23,1
15.03,1
19.34,1
20.24,1
20.38,1
21.9,1
22.78,1
23.17,1
23.96,1
25.5,1
26.86,1
26.14,1
25.02,1
24.15,1
22.99,1
20.82,1
19.7,1
16.08,1
15.3,1
14.94,1
14.12,1
13.98,1
13.93,1
13.8,1
14.18,1
15.02,1
16.38,1
17.4,1
20.46,1
22.27,1
23.63,1
24.55,1
27,1
29.77,1
33.29,1
31.98,1
29.55,1
29.16,1
25.64,1
21.58,1
19.18,1
14.83,1
14.04,1
13.92,1
13.66,1
13.97,1
13.88,1
15.24,1
16.32,1
18.36,1
20.16,1
20.07,1
21.22,1
25.52,1
26,1
27.64,1
28.61,1
29.36,1
33.48,1
29.23,1
28.48,1
25.59,1
22.27,1
19,1
14.9,1
15,1
14.12,1
14.07,1
13.74,1
13.76,1
14.1,1
14.91,1
18.2,1
17.98,1
19.39,1
19.89,1
21.1,1
21.87,1
24.1,1
24.16,1
23.4,1
25.99,1
27.56,1
26.41,1
23.99,1
21.64,1
20.13,1
18.87,1
15.53,1
16.31,1
14.86,1
14.12,1
14.04,1
14.16,1
15.02,1
17.42,1
21.52,1
17.35,1
18.17,1
18.37,1
19.73,1
18.18,1
21.42,1
23.31,1
23.34,1
23.35,1
26.26,1
22.88,1
21.28,1
20.21,1
19.65,1
19.06,1
18.18,1
15.59,1
14.05,1
13.47,1
13.5,1
13.45,1
14.01,1
14.9,1
16.26,1
16.38,1
17.91,1
18.36,1
19.31,1
21.18,1
24.89,1
28.13,1
27.65,1
29.4,1
34.01,1
29.63,1
27.64,1
24.8,1
24.37,1
21.01,1
20.64,1
17.63,1
16.85,1
14.67,1
14.11,1
14.11,1
14,1
14.07,1
14.29,1
16.45,1
18.39,1
16.76,1
20.03,1
20.9,1
19.64,1
18.15,1
18.97,1
20.46,1
20.02,1
16.84,1
15.96,1
15.27,1
14.59,1
14.51,1
14.51,1
16.6,1
14.62,1
14.66,1
13.83,1
13.73,1
13.55,1
12.87,1
13.53,1
14.36,1
16.37,1
15.41,1
16.07,1
14.62,1
16.32,1
18.93,1
21.35,1
22.78,1
24.1,1
23.24,1
21.25,1
19.13,1
17.17,1
17.66,1
14.83,1
15.21,1
14.06,1
13.98,1
13.52,1
13.37,1
13.42,1
12.76,1
12.74,1
13.8,1
16.42,1
17.15,1
17.69,1
20.51,1
21.14,1
23.11,1
27.77,1
28.3,1
34.66,1
31.82,1
27.67,1
27.26,1
21.74,1
20.51,1
18.64,1
15.46,1
14.54,1
13.94,1
13.8,1
13.81,1
14.25,1
15.57,1
18.25,1
19.95,1
17.94,1
19.41,1
21.03,1
21.86,1
25.09,1
27.74,1
30.81,1
31.75,1
34.53,1
30.07,1
26.56,1
22.39,1
20.54,1
19.76,1
17.29,1
15.33,1
13.81,1
13.63,1
13.33,1
13.33,1
13.81,1
14.83,1
14.72,1
17.84,1
15.61,1
16.86,1
16.63,1
18.59,1
19.13,1
21.41,1
23.57,1
25.59,1
29.15,1
25.59,1
22.54,1
19.89,1
19.48,1
16.91,1
16.17,1
16.35,1
14.67,1
13.69,1
13.32,1
13.72,1
14.29,1
15.57,1
16.3,1
16.47,1
18.44,1
19.13,1
18.56,1
21.63,1
24.36,1
25.26,1
26.74,1
30.43,1
30.95,1
29.7,1
25.97,1
24.59,1
19.96,1
20.38,1
20.75,1
18.19,1
15.76,1
14.87,1
14.59,1
14.73,1
15.3,1
17.22,1
18.5,1
21.61,1
22.58,1
24.04,1
26.09,1
28.13,1
32.92,1
35.17,1
40.04,1
42.64,1
45.65,1
40.42,1
35.12,1
30.73,1
25.63,1
22.39,1
20.79,1
19.3,1
17.16,1
15.86,1
14.59,1
14.81,1
15.42,1
16.43,1
18.36,1
19.55,1
21.15,1
21.97,1
23.5,1
25.61,1
26.71,1
24.75,1
25.7,1
26.66,1
26.58,1
24.18,1
20.6,1
19.78,1
18.72,1
18.7,1
18.89,1
20.59,1
19.06,1
16.73,1
15.8,1
15.19,1
15.56,1
14.85,1
15.92,1
18.45,1
20.32,1
22.37,1
22.32,1
25.26,1
26.73,1
27.27,1
29.77,1
33.75,1
34.36,1
31.71,1
28.86,1
27.08,1
25.86,1
21.24,1
20.68,1
21.1,1
18.66,1
15.9,1
15.88,1
14.97,1
14.87,1
14.73,1
14.17,1
16.03,1
18.94,1
17.18,1
20.14,1
20.76,1
24.7,1
28.53,1
29.51,1
36.02,1
41.27,1
39.49,1
31.63,1
27.45,1
26.94,1
22.15,1
21.09,1
17.35,1
16.86,1
16.79,1
15.73,1
16.08,1
16.25,1
18.09,1
22.61,1
21.06,1
24.77,1
24.47,1
27.08,1
30.47,1
29,1
33.25,1
28.43,1
29.83,1
29.72,1
27.66,1
24.02,1
22.62,1
18.95,1
19.11,1
20.05,1
20.94,1
17.18,1
15.91,1
15.67,1
15.7,1
16.12,1
17.12,1
21.09,1
22.73,1
20.55,1
20.99,1
22.82,1
23.16,1
25.56,1
24.51,1
26.49,1
27.58,1
29.79,1
25.7,1
25.3,1
23.32,1
20.25,1
18.81,1
16.19,1
16.54,1
15.79,1
15.55,1
14.61,1
14.94,1
15.58,1
15.72,1
16.13,1
17.62,1
17.98,1
18.28,1
18.41,1
18.54,1
18.4,1
20.98,1
25.27,1
25.63,1
27.02,1
25.69,1
22.96,1
20.57,1
18.01,1
18.01,1
17.57,1
17.96,1
16.87,1
16.48,1
15.68,1
15.73,1
15.89,1
18.05,1
20.44,1
21.04,1
20.62,1
20.57,1
20.47,1
21.22,1
24.36,1
25.18,1
27.23,1
26.68,1
29.07,1
28.45,1
24.53,1
21.93,1
19.92,1
17.93,1
15.62,1
14.66,1
13.31,1
12.36,1
11.94,1
12.43,1
13,1
14.91,1
15.74,1
16.99,1
17.72,1
15.61,1
16.43,1
17.24,1
19.5,1
22.03,1
22.62,1
25.85,1
30.05,1
27.93,1
24.59,1
23.13,1
22.24,1
19.88,1
18.45,1
20.22,1
15.87,1
15.51,1
14.83,1
14.38,1
14.67,1
13.98,1
15.72,1
17.61,1
18.48,1
18.43,1
20.62,1
21.63,1
23.25,1
25.09,1
33.02,1
36.97,1
41.4,1
39.04,1
33.15,1
31.65,1
25.65,1
24.95,1
21.59,1
18.71,1
16.63,1
16.14,1
15.74,1
15.68,1
15.62,1
14.47,1
14.74,1
16.21,1
18.6,1
23.04,1
25.7,1
30.32,1
33.1,1
36.56,1
41.63,1
51.78,1
59.14,1
54.83,1
38.13,1
33.39,1
32.43,1
26.12,1
24.36,1
19.5,1
18.6,1
17.16,1
16.64,1
16.57,1
18,1
18.83,1
20.68,1
23,1
25.5,1
29.52,1
34.46,1
39.29,1
49.2,1
54.63,1
60.65,1
63.39,1
64.72,1
58.14,1
45.53,1
34.03,1
29.56,1
24.72,1
25.2,1
23.03,1
19.49,1
17.61,1
16.97,1
17.11,1
17.03,1
17.19,1
20.77,1
23.23,1
21.44,1
23.5,1
23.22,1
26.06,1
31.03,1
31.43,1
35.85,1
40.01,1
42.21,1
35.56,1
28.13,1
24.67,1
21.79,1
22.22,1
22.52,1
18.48,1
17.39,1
16.41,1
16.08,1
15.85,1
16.24,1
16.26,1
19.29,1
22.17,1
21.78,1
22.28,1
21.55,1
24.14,1
26.18,1
27.05,1
28.52,1
32.9,1
32.76,1
29.19,1
25.85,1
22.02,1
20.61,1
21.01,1
17.28,1
18.38,1
17.14,1
16.14,1
16.09,1
16.93,1
18.54,1
19.98,1
20.53,1
21.27,1
25.35,1
24.68,1
27.41,1
29.9,1
30.99,1
31.52,1
33.7,1
37.2,1
35.33,1
31.82,1
30.32,1
27.23,1
24.89,1
22.59,1
20.2,1
21.49,1
17.87,1
17.17,1
16.63,1
17.09,1
17.37,1
17.76,1
21.64,1
21.16,1
21.19,1
22.55,1
25.41,1
24.78,1
30.18,1
31.3,1
35.17,1
41.65,1
41.44,1
35.71,1
29.06,1
26.59,1
23.42,1
21.71,1
19.85,1
17.37,1
15.81,1
15.73,1
15.4,1
15.35,1
15.2,1
14.87,1
15.93,1
17.94,1
20.17,1
18.95,1
20.03,1
23.19,1
25.29,1
29.89,1
31.31,1
36.02,1
37.63,1
34.96,1
28.96,1
24.75,1
23.92,1
23.38,1
19.56,1
17.37,1
15.89,1
15.59,1
15.45,1
15.27,1
15.06,1
14.55,1
15.48,1
15.76,1
16.64,1
18.35,1
21,1
21.6,1
25.1,1
24.35,1
30.9,1
35.26,1
41.03,1
36.77,1
30.65,1
26.15,1
22.9,1
24.79,1
20,1
20.68,1
17.91,1
16.93,1
15.89,1
15.9,1
16.51,1
18.12,1
24.64,1
23.29,1
28.11,1
29.9,1
33.8,1
38.51,1
59.11,1
73.78,1
84.32,1
94.2,1
93.63,1
83.32,1
64.83,1
47.83,1
33.49,1
30.87,1
29.55,1
25.33,1
23.99,1
20.34,1
18.44,1
18.63,1
20.05,1
25.62,1
25.76,1
30.48,1
30.94,1
34.09,1
33,1
43.78,1
57.2,1
52.49,1
65.45,1
68.67,1
72.93,1
51.22,1
38.57,1
30.3,1
25.16,1
23.3,1
23.88,1
23.33,1
20.68,1
18.74,1
17.87,1
17.79,1
18.56,1
19.64,1
19.86,1
20.75,1
22.81,1
24.79,1
25.38,1
30.55,1
33.88,1
36.38,1
41.6,1
46.03,1
49.89,1
41.28,1
35.76,1
32.15,1
26.93,1
26.13,1
23.17,1
21.38,1
20.19,1
18.4,1
17.72,1
17.72,1
18.33,1
21.87,1
23.03,1
23.27,1
26.21,1
27.95,1
31.38,1
32.46,1
33.81,1
37,1
36.97,1
46.48,1
47.93,1
38.08,1
34.55,1
31.93,1
26.6,1
26.77,1
22.89,1
20.94,1
19.35,1
18.21,1
17.91,1
17.89,1
18.67,1
18.67,1
22.36,1
25.64,1
24.58,1
24.28,1
25.73,1
26.21,1
30.63,1
32.15,1
33.91,1
35.69,1
36.63,1
36.37,1
32.43,1
27.37,1
25.51,1
25.14,1
22.03,1
17.81,1
16.15,1
15.86,1
15.32,1
15.22,1
15.35,1
14.93,1
15.77,1
16.15,1
17.87,1
18.77,1
21.29,1
25.43,1
25.33,1
26.64,1
30.18,1
34.16,1
37.74,1
35.22,1
29.54,1
26.22,1
26.15,1
23.24,1
20.82,1
18.36,1
16.83,1
16.09,1
15.82,1
15.81,1
15.46,1
15.34,1
15.49,1
15.96,1
18.14,1
18.72,1
21.62,1
23.81,1
24.47,1
27.29,1
31.82,1
35.68,1
37.74,1
36.73,1
34.48,1
32.79,1
28.06,1
26.13,1
19.92,1
21.06,1
20.05,1
19.15,1
17.7,1
17.73,1
19.32,1
22.81,1
26,1
28.76,1
31.91,1
28.88,1
31.88,1
31.86,1
32.58,1
38.73,1
40.44,1
48.68,1
56.08,1
50.19,1
38.13,1
32.09,1
28.59,1
27.87,1
25.38,1
22.66,1
19.7,1
19.53,1
17.96,1
18.04,1
21.04,1
24.18,1
28,1
28.62,1
29.54,1
29.29,1
28.55,1
32.8,1
33.96,1
34.14,1
33.99,1
35.81,1
36.77,1
34.82,1
29.28,1
30.63,1
24.42,1
25.08,1
21.21,1
17.59,1
16.46,1
15.98,1
15.83,1
15.71,1
16.41,1
17.4,1
20.05,1
21.45,1
24.19,1
22.36,1
21.79,1
26.44,1
27.84,1
31.15,1
35.51,1
38.13,1
41.6,1
36.09,1
29.31,1
25.38,1
22.51,1
22.19,1
22.36,1
18.81,1
17.15,1
16.21,1
16.02,1
16.02,1
16.48,1
16.17,1
20.43,1
20.31,1
22.75,1
22.95,1
21.15,1
24.95,1
25.09,1
30.37,1
31.34,1
34.55,1
39.49,1
34.59,1
31.9,1
30.16,1
23.85,1
21.24,1
22.42,1
16.32,1
15.54,1
15.09,1
14.62,1
15.17,1
15.69,1
15.9,1
18.26,1
20.05,1
19.81,1
19.78,1
21.69,1
21.61,1
24.77,1
25.56,1
28.84,1
30.84,1
30.3,1
27.37,1
23.57,1
22.29,1
20.71,1
18.33,1
18.28,1
17.1,1
15.73,1
14.93,1
14.79,1
14.84,1
15.79,1
14.37,1
14.89,1
15.73,1
16,1
17.87,1
17.95,1
19.11,1
21.32,1
19.31,1
26.32,1
27.48,1
29.73,1
30.58,1
25.41,1
24.7,1
18.5,1
18,1
18.89,1
16.13,1
14.86,1
14.79,1
14,1
13.94,1
13.84,1
13.41,1
15.54,1
15.81,1
17.19,1
20.6,1
21.97,1
25.37,1
27.95,1
29.24,1
34.75,1
39.87,1
48.08,1
42.29,1
40.49,1
32.86,1
28.85,1
24.02,1
22.76,1
18.49,1
17.76,1
16.46,1
16.11,1
16.1,1
17.12,1
17.49,1
21.02,1
24.26,1
23.71,1
26.06,1
24.33,1
32.4,1
41.98,1
39.28,1
44.24,1
48.95,1
54.31,1
51.75,1
42,1
36.75,1
28.75,1
27.21,1
26.04,1
27.24,1
23.4,1
21.42,1
20.32,1
20.35,1
22.32,1
26.1,1
27.79,1
29.74,1
33.27,1
35.57,1
36.46,1
41.7,1
47.94,1
56,1
72.66,1
76.6,1
76.97,1
59,1
46.96,1
39.45,1
33.08,1
29.1,1
27.23,1
29.27,1
25.26,1
22.75,1
21.14,1
21.68,1
25.37,1
29.91,1
31.22,1
35.57,1
39.24,1
39.61,1
38.64,1
38.68,1
43.43,1
47.91,1
54.38,1
54.65,1
58.78,1
48.63,1
41.64,1
37.91,1
31.57,1
29.36,1
30.14,1
25.85,1
22.32,1
21.42,1
21.87,1
21.92,1
22.71,1
24.26,1
24.74,1
38.78,1
41.12,1
41.75,1
34.45,1
41.32,1
42.32,1
44.19,1
44.15,1
47.12,1
47.03,1
43.58,1
37.02,1
32.83,1
29.77,1
26.8,1
26.02,1
21.22,1
20.19,1
18.92,1
17.43,1
18.09,1
19.42,1
20.99,1
22.01,1
30.02,1
29.83,1
28.89,1
29.7,1
31.78,1
41.16,1
43.68,1
43.83,1
48.9,1
48.67,1
39.88,1
30.23,1
29.26,1
24.97,1
22.14,1
21.83,1
19.63,1
17.57,1
17.1,1
16.57,1
15.81,1
16.51,1
14.8,1
15.8,1
16.43,1
16.28,1
18.03,1
19.43,1
20.48,1
21.25,1
22.66,1
27.13,1
27.11,1
28.76,1
26.28,1
22.87,1
21.94,1
20.21,1
17.71,1
17.01,1
15.75,1
15.41,1
13.04,1
13.39,1
13.47,1
13.61,1
11.57,1
12.06,1
13.83,1
14.26,1
14.95,1
16.83,1
17.45,1
19.67,1
19.8,1
22.1,1
24.84,1
27.52,1
30.6,1
25.49,1
23.67,1
17.83,1
16.15,1
17.01,1
15.9,1
15.61,1
14.5,1
12.99,1
13.45,1
16,1
16.8,1
18.19,1
19.14,1
18.92,1
22.04,1
22.05,1
22.37,1
23.91,1
24.07,1
28.04,1
31.96,1
36.86,1
33.64,1
29.03,1
22.75,1
20.08,1
17.05,1
17.18,1
15.84,1
13.39,1
12.49,1
11.91,1
12.17,1
15.67,1
16.22,1
17.73,1
18.5,1
18.83,1
20.49,1
22.33,1
22.67,1
23.54,1
28.05,1
31.77,1
35.84,1
39.32,1
39.58,1
31.55,1
29.34,1
22.91,1
18.84,1
18.56,1
18.08,1
17.15,1
15.58,1
15.47,1
15.59,1
15.71,1
17.33,1
17.97,1
17.78,1
17.6,1
17.62,1
19.26,1
20.26,1
21.62,1
25.96,1
28.55,1
29.99,1
33.36,1
31.23,1
29.54,1
24.74,1
19.22,1
17.46,1
17.31,1
15.62,1
15.61,1
15.49,1
15.17,1
15.16,1
15.58,1
15.82,1
16.87,1
16.91,1
17.05,1
17.58,1
18.86,1
20.07,1
20.79,1
24.41,1
24.62,1
27.5,1
33.05,1
33.85,1
29.17,1
26.67,1
21.78,1
17.93,1
15.87,1
15.74,1
15.64,1
13.57,1
13.28,1
13.58,1
15.62,1
15.7,1
15.97,1
17.2,1
18.4,1
18.75,1
21.76,1
21.85,1
24.79,1
29.92,1
32.46,1
38.71,1
43.4,1
36.57,1
33.13,1
28.07,1
22.96,1
20.53,1
19.72,1
19.12,1
17.19,1
16.09,1
15.78,1
16.07,1
15.89,1
15.85,1
16.1,1
17.51,1
18.59,1
20.85,1
21.98,1
22.33,1
26.02,1
27.29,1
30.3,1
33.48,1
39.03,1
34.64,1
29.17,1
27.17,1
22.55,1
22.08,1
19.98,1
18.28,1
16.08,1
16.85,1
15.79,1
15.78,1
15.61,1
15,1
15.76,1
16.03,1
18.02,1
18.6,1
22.32,1
23.04,1
26.56,1
29.95,1
35.15,1
42.14,1
44.68,1
44.88,1
35.36,1
33.34,1
29.6,1
20.15,1
19.58,1
18.73,1
18.38,1
17.8,1
16.35,1
16.88,1
18.58,1
19.33,1
33,1
36.6,1
32.18,1
28.81,1
32.29,1
36.8,1
38.64,1
41.94,1
45.15,1
45.21,1
46.85,1
38.73,1
31.36,1
30.85,1
25.35,1
21.18,1
24.66,1
19.25,1
18.66,1
16.27,1
16.07,1
16.13,1
18.43,1
18.89,1
21.11,1
21.49,1
29.4,1
27.74,1
31.11,1
33.62,1
40.27,1
39.04,1
38.69,1
42.06,1
41.18,1
35.67,1
31.11,1
25.21,1
24.14,1
21.71,1
20.65,1
19.02,1
17.1,1
16.06,1
15.12,1
15.41,1
16.07,1
16.42,1
17.42,1
17.83,1
18.23,1
16.34,1
16.58,1
17.27,1
17.73,1
18.58,1
21.07,1
22.05,1
25.12,1
23.11,1
21.6,1
19.19,1
17.16,1
15.96,1
15.17,1
15.14,1
14.09,1
13.85,1
13.33,1
13.62,1
15,1
15.59,1
16.01,1
16.14,1
16.23,1
17.25,1
17.69,1
20,1
21.44,1
26.02,1
29.13,1
30.02,1
31.75,1
30.34,1
28.53,1
29.05,1
23.44,1
19.97,1
16.94,1
15.47,1
14.9,1
14.99,1
14.79,1
14.86,1
15.25,1
15.67,1
15.99,1
16.3,1
17.35,1
18.09,1
19.84,1
21.62,1
23.26,1
25.57,1
28.07,1
30.89,1
31.48,1
29.37,1
26.66,1
25.85,1
22.39,1
20.06,1
19.66,1
21.16,1
18.86,1
17.48,1
16.31,1
16.13,1
17.17,1
17.09,1
18.44,1
18.46,1
21.37,1
21.9,1
24.2,1
25.08,1
26.94,1
25.35,1
27.2,1
28.73,1
29.95,1
29.61,1
28.81,1
26.29,1
23.12,1
21.94,1
18.53,1
16.87,1
15.53,1
15.49,1
12.25,1
12.06,1
11.86,1
10.31,1
11.22,1
12.64,1
13.62,1
14.82,1
15.16,1
15.43,1
15.52,1
15.51,1
15.7,1
17.21,1
20.01,1
20.04,1
18.42,1
16.76,1
15.53,1
14.01,1
12.91,1
12.03,1
11.86,1
10.96,1
10.52,1
11.6,1
12.03,1
13.21,1
14.92,1
16.05,1
16.05,1
15.56,1
15.77,1
16,1
16.63,1
16.99,1
19.07,1
21.57,1
24.12,1
22.04,1
20.86,1
16.3,1
16.07,1
15.98,1
15.76,1
15.6,1
12.87,1
11.6,1
11.35,1
11.38,1
13.27,1
16.04,1
16,1
15.99,1
16.04,1
16.87,1
17.24,1
19.89,1
19.79,1
21.69,1
24.98,1
26,1
27.85,1
26.18,1
24.81,1
23.38,1
17.23,1
15.86,1
15.23,1
14.15,1
13.11,1
12.76,1
12.5,1
12.66,1
13.11,1
14.82,1
16.41,1
17.5,1
17.94,1
17.97,1
18.95,1
19.88,1
20.86,1
21.85,1
22.11,1
23.56,1
26.6,1
26.45,1
26.23,1
23.24,1
19.91,1
18.01,1
16.94,1
16.67,1
16.51,1
16.5,1
16.44,1
16.83,1
17.16,1
22.23,1
21.82,1
22.07,1
24.97,1
24.23,1
22.25,1
28.5,1
31.85,1
34.68,1
39.57,1
39.44,1
41.12,1
33.88,1
32.62,1
28.86,1
21.6,1
21.98,1
20.27,1
17.28,1
17.02,1
16.66,1
15.78,1
15.37,1
16.21,1
17.59,1
19.5,1
22.1,1
23.11,1
20.7,1
23.02,1
23.02,1
21.68,1
22.71,1
24.81,1
26.99,1
27.48,1
24.55,1
22.35,1
21.36,1
18.51,1
18.05,1
18.56,1
17.17,1
15.75,1
15.08,1
14.92,1
14.25,1
14.56,1
14.89,1
15.49,1
16.46,1
16.87,1
15.32,1
16.33,1
17.12,1
16.86,1
17.89,1
20.62,1
23.86,1
29.02,1
26.03,1
28.03,1
21.15,1
18.61,1
16.29,1
15.76,1
16.44,1
15.06,1
14.49,1
14.38,1
13.99,1
13.97,1
13.85,1
13.01,1
13.76,1
15.31,1
15.32,1
15.46,1
16.54,1
15.89,1
16.77,1
18.42,1
23.77,1
27.4,1
28.18,1
27.51,1
23.21,1
19.26,1
16.88,1
17.06,1
16.4,1
16.26,1
15.56,1
15.19,1
14.52,1
14.14,1
14.57,1
14.59,1
16.27,1
17.16,1
17.89,1
17.82,1
17.68,1
20.04,1
22.36,1
27.48,1
28.56,1
31.31,1
31.98,1
30.11,1
26.86,1
20,1
17.19,1
17.34,1
17,1
16.29,1
15.71,1
15.71,1
16.27,1
17.52,1
19.02,1
20.92,1
19.27,1
20.59,1
23.49,1
25.5,1
29.51,1
34.02,1
37.37,1
40.56,1
47.76,1
47.62,1
38.28,1
37.91,1
31.66,1
24.95,1
20.93,1
20.86,1
20.37,1
18.81,1
17.65,1
17.05,1
17.56,1
19.76,1
25.01,1
28.98,1
31,1
31.52,1
26.99,1
31.5,1
36.1,1
43.63,1
45.4,1
46.27,1
49.19,1
49.99,1
47.71,1
43.66,1
34.02,1
26.74,1
22.95,1
22.06,1
25.84,1
23.09,1
20.75,1
20.25,1
20.73,1
24.71,1
26.64,1
28.47,1
33.05,1
37.39,1
34.74,1
38.82,1
42.42,1
50.23,1
51.95,1
50.11,1
53.22,1
52.07,1
51.52,1
49.89,1
37.01,1
31.55,1
25,1
25.6,1
19.06,1
17.92,1
17.55,1
17.39,1
17.51,1
19.2,1
21.17,1
28.88,1
34.66,1
30.76,1
24.62,1
22.19,1
22.28,1
19.48,1
19.19,1
20.16,1
20.47,1
28.46,1
24.31,1
23.05,1
21.02,1
19.29,1
17.71,1
17.25,1
20.33,1
19.88,1
19.12,1
18.77,1
18.27,1
18.58,1
19.42,1
17.42,1
18.25,1
18.25,1
15.86,1
16.27,1
15.83,1
15.74,1
16.95,1
17.69,1
18.15,1
23.74,1
25.84,1
28.24,1
18.85,1
16.4,1
15.71,1
15.77,1
14.33,1
13.04,1
12.46,1
12.05,1
12.31,1
12.67,1
13.05,1
12.1,1
13.93,1
14.55,1
15.34,1
15.74,1
15.55,1
15.85,1
16.02,1
17.42,1
18.66,1
25.18,1
27.17,1
29.95,1
19.08,1
17.87,1
16.86,1
16.12,1
14.02,1
12.23,1
12.03,1
11.92,1
16.09,1
19.02,1
22.35,1
21.68,1
24.35,1
24.71,1
24.84,1
25.66,1
26.53,1
27.63,1
28.73,1
32.07,1
31.66,1
35.27,1
32.16,1
30.77,1
26.53,1
22.82,1
19.9,1
18.83,1
14.86,1
14,1
14.12,1
13.78,1
13.9,1
15.32,1
22.13,1
25.38,1
21.71,1
18.45,1
17.77,1
17.88,1
16.6,1
16.82,1
18.22,1
18.26,1
21.5,1
25.6,1
26.19,1
28.17,1
21.54,1
18.23,1
16.8,1
15.97,1
14.95,1
15.05,1
14.04,1
13.32,1
13.48,1
15.16,1
19.2,1
21.06,1
19.41,1
17.97,1
17.75,1
15.89,1
16.41,1
16.98,1
17.52,1
17.52,1
20.76,1
25.47,1
25.61,1
28.6,1
21.04,1
17.01,1
14.75,1
14.11,1
15.08,1
13.57,1
13.99,1
13.42,1
15.13,1
16.52,1
19.01,1
19.38,1
21.31,1
19.63,1
19.04,1
20.59,1
22.48,1
22.49,1
25.69,1
26.76,1
29.69,1
29.57,1
28.19,1
27.37,1
21.82,1
20.24,1
19.68,1
19.62,1
17.13,1
14.41,1
13.16,1
12.77,1
13.65,1
16.72,1
19.17,1
25,1
26.68,1
24.73,1
24.05,1
22.49,1
20.02,1
18.69,1
17.72,1
16.89,1
17.84,1
18.47,1
18.87,1
18.5,1
20.08,1
17.62,1
16.27,1
16.06,1
13.01,1
12.24,1
11.83,1
11.51,1
11.92,1
13.25,1
12.86,1
12.9,1
17.08,1
15.76,1
11.85,1
11.65,1
11.55,1
11.16,1
11.3,1
11.08,1
11.72,1
14.08,1
18.2,1
21.49,1
16.73,1
16.24,1
11.87,1
12.1,1
12.52,1
12.09,1
11.99,1
11.87,1
11.97,1
12.13,1
12.16,1
13.2,1
17.63,1
16.04,1
14.16,1
13,1
12.17,1
12.34,1
12.07,1
12.31,1
13.32,1
18.92,1
22.84,1
32.11,1
28.45,1
19.42,1
16.56,1
13.03,1
15.15,1
15.26,1
14.65,1
14.63,1
14.56,1
19.07,1
25.8,1
29.36,1
29.37,1
23.97,1
19.47,1
18.39,1
18.35,1
17.75,1
18.09,1
18.77,1
22.89,1
29.5,1
33.83,1
33.79,1
29.35,1
22.4,1
18.38,1
14.4,1
15.76,1
14.18,1
12.96,1
13.08,1
13.43,1
16.01,1
26.55,1
35,1
40.51,1
23.5,1
16.45,1
15.88,1
15.6,1
15.48,1
16.37,1
15.22,1
18.66,1
24.8,1
27.21,1
27.8,1
19.12,1
15.25,1
13.21,1
12.36,1
10.9,1
10.27,1
9.88,1
9.73,1
10.04,1
11.02,1
18.21,1
24.74,1
23.35,1
17.93,1
17.18,1
17.74,1
18.1,1
18.39,1
17.9,1
20.66,1
24.47,1
29.65,1
31,1
40.32,1
20.82,1
16.47,1
16.16,1
14.56,1
12.44,1
11.69,1
11.7,1
11.25,1
11.71,1
12.15,1
24.63,1
25.75,1
26.93,1
26.16,1
25.3,1
25,1
26.88,1
27,1
28.07,1
28.9,1
30.89,1
39.63,1
40.68,1
40.76,1
28.11,1
27.66,1
20.75,1
18.74,1
17.61,1
17.45,1
16.63,1
15.64,1
17.58,1
18.75,1
21.04,1
28.23,1
35.12,1
29.89,1
28.98,1
33.61,1
30.82,1
23.4,1
27.46,1
30.56,1
35.69,1
45.32,1
35.25,1
32.34,1
22.96,1
25.49,1
22.67,1
20.4,1
18.08,1
15.6,1
15.05,1
15.1,1
14.95,1
15.75,1
15.22,1
14.99,1
17.66,1
21.69,1
18.93,1
22.22,1
18.57,1
20.67,1
25.67,1
18.94,1
26.99,1
29.86,1
28.01,1
26.02,1
18.02,1
17.67,1
16.17,1
15.73,1
13.84,1
12.12,1
11.5,1
11.26,1
11.53,1
11.92,1
11.98,1
11.67,1
13.82,1
15.22,1
16.17,1
17.87,1
17.04,1
17.56,1
17.5,1
17.65,1
20.96,1
26.21,1
29.25,1
29.63,1
22.45,1
18.56,1
16.2,1
15.16,1
15.46,1
13.64,1
12.54,1
12.59,1
12.69,1
15.99,1
20.52,1
22.01,1
25.79,1
27.4,1
28.29,1
25.66,1
23.59,1
27.37,1
24.93,1
27.92,1
30.84,1
35.02,1
35,1
31.27,1
22.05,1
18.31,1
16.22,1
15.38,1
14.5,1
14.43,1
12.68,1
11.99,1
12.72,1
14.15,1
19.75,1
15.91,1
26.54,1
28.18,1
42.32,1
39.71,1
48.32,1
48.47,1
36.9,1
25.19,1
28.31,1
48.42,1
48.34,1
42.62,1
47.35,1
22.38,1
17.05,1
17.17,1
16.88,1
15.01,1
15,1
14.89,1
15.31,1
16.38,1
20.2,1
20.92,1
25.49,1
24.86,1
22.6,1
21.37,1
17.18,1
16.75,1
16.14,1
15.63,1
16.72,1
17.83,1
21.48,1
22,1
17.53,1
14.18,1
13.04,1
12.83,1
13,1
11.79,1
11.5,1
11.26,1
11.36,1
13.26,1
15.73,1
15.88,1
15.85,1
15.81,1
15.87,1
15.91,1
15.88,1
16.12,1
15.98,1
16.9,1
23.22,1
25.89,1
30.11,1
27.37,1
23.52,1
19.35,1
15.84,1
15.68,1
14.88,1
11.82,1
11.53,1
11.46,1
11.82,1
15.05,1
16.92,1
17.66,1
20.14,1
20.37,1
23.5,1
19.66,1
19.45,1
17.55,1
17.45,1
16.78,1
17.77,1
19.47,1
23.33,1
20.4,1
16.1,1
15.83,1
12.65,1
15.12,1
17.16,1
16.07,1
15.46,1
15.19,1
14.98,1
15.91,1
18.6,1
17.34,1
19.55,1
19.81,1
17.17,1
12.93,1
12.43,1
12.74,1
12.78,1
16.81,1
20.56,1
21.99,1
30.58,1
26.72,1
21.57,1
17.3,1
15.92,1
16.08,1
17.04,1
17.01,1
15.59,1
15.82,1
15.83,1
16.27,1
17.4,1
17.45,1
17.08,1
17.54,1
17.55,1
12.73,1
14.27,1
12.21,1
12.38,1
16.65,1
19.03,1
24.39,1
38.24,1
27.2,1
22.44,1
16.49,1
15.86,1
15.64,1
16.96,1
15.62,1
14.94,1
14.94,1
16.3,1
17.44,1
24.57,1
28.24,1
24.26,1
22.59,1
19.89,1
18.46,1
17.63,1
18.32,1
20.16,1
21.45,1
23.46,1
27.34,1
36.26,1
31.18,1
23.72,1
20.47,1
16.98,1
16.13,1
16.1,1
15.89,1
14.79,1
14.44,1
15.81,1
18.57,1
23.34,1
27.42,1
25.3,1
24.04,1
22.25,1
19.07,1
18.86,1
18.69,1
19.03,1
22.74,1
23.49,1
28.37,1
35.46,1
33.38,1
25.89,1
19.21,1
16.06,1
15.27,1
16.25,1
15.95,1
15.23,1
15.25,1
16.09,1
18.33,1
23.32,1
30.79,1
28.74,1
24.96,1
23.73,1
23.03,1
22.75,1
22.47,1
22.77,1
28.52,1
25.51,1
30.71,1
31.75,1
31.78,1
24.12,1
19.71,1
16.07,1
14.87,1
13.83,1
12.9,1
12.42,1
12.11,1
12.56,1
14.69,1
19.24,1
27.8,1
23.75,1
16.74,1
16.16,1
15.62,1
14.89,1
13.8,1
14.67,1
15.02,1
16.17,1
23.75,1
29.39,1
29.03,1
22.98,1
17.57,1
14.36,1
14.26,1
15.45,1
14.77,1
14.4,1
14.67,1
15.44,1
17.64,1
24.6,1
40.15,1
29.44,1
21.61,1
16.7,1
15.36,1
16.14,1
14.92,1
13.94,1
14.75,1
16.92,1
25.06,1
30.4,1
31.12,1
24.51,1
23.42,1
19.5,1
17.02,1
15.75,1
13.37,1
13.53,1
11,1
12.18,1
14.07,1
15.38,1
16.88,1
16.02,1
16.79,1
16.62,1
16.75,1
15.98,1
15.37,1
15.74,1
17.68,1
19.84,1
25.53,1
30.63,1
27.39,1
23.15,1
19.79,1
16.41,1
15.01,1
13.83,1
13.41,1
13.05,1
13.07,1
13.4,1
13.74,1
13.83,1
13.62,1
14.55,1
15.35,1
13.77,1
14.05,1
12.72,1
12.61,1
14.2,1
18.57,1
21.26,1
27.13,1
38.69,1
30.55,1
25.08,1
18.68,1
15.73,1
14.05,1
13.79,1
13.34,1
12.45,1
12.43,1
13.7,1
14.3,1
15.95,1
20.39,1
20.9,1
23.75,1
23.31,1
22.86,1
22.59,1
22.33,1
22.11,1
23.2,1
23.96,1
30.94,1
34.97,1
32.71,1
25.71,1
19.07,1
16.97,1
17.1,1
19.83,1
17.91,1
15.17,1
15.15,1
16.61,1
19.49,1
25.57,1
33.22,1
36.52,1
39.49,1
40.17,1
39.41,1
40.39,1
29.45,1
28.57,1
27.7,1
35.24,1
41.43,1
41.23,1
39.71,1
29.71,1
22.7,1
17.71,1
15.5,1
20.32,1
18.88,1
17,1
16.47,1
17.47,1
19.54,1
24.52,1
38.75,1
32.69,1
23.81,1
21.51,1
18.9,1
17.22,1
17.68,1
18.01,1
18.43,1
23.01,1
30.23,1
42.06,1
34.75,1
22.37,1
18.57,1
17.13,1
15.38,1
15.92,1
13.55,1
12.91,1
12.6,1
13.51,1
16.03,1
28.28,1
32.35,1
26.82,1
21.69,1
20.62,1
19.99,1
19.82,1
18.3,1
19.39,1
18.82,1
21.73,1
27.49,1
33.51,1
31.05,1
20.25,1
18.45,1
15.03,1
16.92,1
15.06,1
13.62,1
13.11,1
13.36,1
13.74,1
16.99,1
21,1
27.71,1
28.67,1
28.84,1
30.64,1
29.61,1
31.02,1
28.19,1
27.99,1
25.07,1
26.31,1
31.04,1
34.56,1
30.37,1
26.43,1
21.69,1
18.7,1
19.04,1
19.05,1
18.03,1
15.95,1
15.66,1
15.94,1
16.3,1
17.29,1
21.45,1
25.19,1
26.04,1
20.93,1
17.62,1
14.97,1
14.29,1
14.28,1
14.35,1
14.13,1
18.79,1
27.86,1
23.51,1
19.16,1
16.21,1
14.91,1
16.61,1
17.1,1
16.69,1
15.89,1
14.83,1
15.67,1
16.82,1
16.79,1
17.33,1
18.62,1
17.69,1
17.32,1
15.88,1
15.25,1
14.28,1
14.69,1
15.12,1
18.39,1
21.54,1
32.79,1
25.64,1
20.33,1
17.04,1
17.6,1
15.72,1
16.77,1
15.3,1
13.64,1
13.65,1
15.4,1
17.32,1
22.55,1
29.02,1
30.6,1
30.79,1
31.66,1
29.26,1
26.72,1
23.98,1
24,1
26.76,1
30.15,1
35.56,1
43.03,1
34.36,1
26.58,1
21.28,1
21.28,1
17.4,1
15.92,1
15.86,1
15.21,1
14.99,1
15.72,1
17.46,1
23.72,1
26.29,1
29.14,1
28.9,1
27.67,1
28.63,1
25.78,1
24.41,1
25.43,1
27.92,1
31.41,1
34.85,1
41.4,1
31.33,1
23.43,1
20.22,1
18.89,1
16.58,1
17.88,1
16.65,1
15.63,1
15.78,1
16.08,1
17.53,1
24.82,1
31.2,1
36.39,1
32.28,1
35.5,1
32.1,1
31.5,1
33.71,1
31.54,1
31,1
34.2,1
37.29,1
41.1,1
33.91,1
25.59,1
22.44,1
19.27,1
18.89,1
19.08,1
17.57,1
17.18,1
17.18,1
16.94,1
19.5,1
24.24,1
29,1
27.77,1
26.77,1
24.26,1
25.37,1
24.64,1
26.03,1
25.4,1
29.2,1
36.27,1
42.97,1
48.94,1
40.5,1
34.31,1
23.62,1
23.06,1
22.54,1
15.27,1
14.41,1
14.02,1
13.89,1
14.4,1
15.17,1
20.4,1
26.08,1
28.61,1
28.56,1
27.51,1
24.1,1
20.55,1
20.29,1
20.22,1
21.45,1
24.39,1
29.93,1
33.45,1
27.72,1
19.78,1
18.94,1
16.89,1
13.96,1
15.21,1
13.05,1
12.74,1
12.4,1
12.62,1
12.83,1
13.44,1
16,1
19.82,1
20.52,1
26.36,1
26.11,1
21.98,1
20.97,1
20.89,1
21.84,1
22.39,1
31.11,1
43.53,1
24.1,1
22.23,1
16.48,1
17.29,1
16.24,1
17.06,1
15.94,1
16.7,1
16.11,1
16.24,1
17.27,1
18.56,1
20.45,1
23.63,1
22.5,1
23.48,1
22.41,1
22.02,1
20.81,1
22.93,1
22.48,1
30.86,1
38.91,1
54.37,1
38.97,1
29.46,1
27.15,1
24.03,1
21.97,1
21.99,1
21.33,1
21.29,1
22.19,1
22.19,1
26.39,1
29.93,1
31.78,1
32.84,1
37.59,1
40.51,1
40.52,1
40.7,1
39.8,1
35.73,1
35.87,1
39.26,1
40.85,1
52.79,1
36.98,1
27.53,1
27.29,1
25.18,1
21.49,1
18.7,1
18.88,1
15.05,1
11.38,1
18.02,1
19.2,1
27.54,1
30.95,1
34,1
33.18,1
32.47,1
32.33,1
28.65,1
28.98,1
29.03,1
31,1
32.11,1
39.94,1
49.5,1
37.54,1
31.74,1
32.34,1
31.22,1
29.56,1
33.36,1
32.52,1
32.16,1
31.6,1
31.89,1
37.3,1
40.36,1
49.36,1
51.6,1
53.37,1
49.84,1
41.89,1
41.44,1
32.74,1
32.01,1
34.94,1
39.62,1
46.15,1
55.37,1
45.21,1
34.99,1
29.6,1
28.27,1
26.96,1
26.66,1
24.54,1
22.39,1
21.07,1
23.31,1
27.13,1
40.77,1
38.17,1
40.02,1
45.26,1
47.5,1
44.9,1
45.52,1
45.43,1
43.63,1
42.01,1
45.91,1
52.14,1
62.91,1
46.37,1
40.3,1
39.38,1
36.95,1
33.99,1
44.01,1
42.91,1
39.93,1
40.13,1
43.58,1
49.92,1
55.69,1
57.97,1
58.4,1
62.9,1
70.17,1
68.95,1
59.11,1
52.37,1
49.15,1
49.25,1
54.26,1
56.02,1
67.42,1
50.86,1
47.8,1
52.2,1
51.92,1
51.81,1
45.63,1
40.43,1
35.94,1
35.18,1
39.99,1
43.09,1
47.68,1
58.04,1
59.78,1
51.23,1
45.41,1
40.48,1
39.73,1
37.26,1
35.09,1
38.02,1
45.31,1
62.41,1
60.06,1
49.76,1
58.8,1
57.91,1
49.16,1
47.03,1
44,1
38.52,1
39.82,1
42.18,1
38.24,1
37.75,1
38.07,1
39.42,1
38.12,1
45.33,1
47.15,1
40.7,1
40.25,1
39.46,1
40.07,1
40.12,1
39.55,1
50.6,1
57.82,1
49.41,1
37.15,1
33.09,1
32.89,1
30.87,1
28.76,1
25.38,1
25.33,1
25.28,1
25.42,1
26.28,1
34.28,1
72.19,1
58.49,1
56.49,1
50.09,1
52.9,1
49.38,1
50.42,1
50.61,1
57.94,1
58.31,1
71,1
76.52,1
71.64,1
56.14,1
53.08,1
49.12,1
41.98,1
33.52,1
31.08,1
29.54,1
28.6,1
28.56,1
29.67,1
33.18,1
49.05,1
51.28,1
48.86,1
42.11,1
41.85,1
35.8,1
35.02,1
34.69,1
37.82,1
47.24,1
56.8,1
70.14,1
58.17,1
52.3,1
52.04,1
44.2,1
43.87,1
39.27,1
36.53,1
35.46,1
36.82,1
35.93,1
35.87,1
40.02,1
54.47,1
58.99,1
49.48,1
38.34,1
27.64,1
24.64,1
23.71,1
23.4,1
24.06,1
25.7,1
49,1
63.66,1
49.6,1
34.83,1
27.84,1
26.04,1
22.43,1
21.57,1
19.58,1
19.09,1
17.49,1
16.37,1
18.73,1
20.61,1
23.7,1
25.08,1
23.82,1
22.22,1
17.31,1
18.34,1
17.97,1
17.7,1
16.93,1
17.48,1
27.39,1
37.48,1
30.33,1
22.23,1
17.91,1
17.26,1
16.17,1
11.51,1
10.97,1
10.55,1
10.03,1
10,1
10.05,1
12.21,1
18.83,1
20.21,1
18.89,1
17.07,1
15.89,1
14.81,1
14.4,1
15.08,1
15.62,1
18.03,1
25.27,1
28.42,1
21.79,1
17.17,1
15.78,1
13.85,1
13.73,1
11.57,1
8.56,1
8.02,1
7.35,1
8.07,1
8.3,1
8.74,1
9.2,1
9.22,1
10.93,1
9.43,1
8.11,1
8.84,1
9.58,1
8.92,1
10.53,1
10.73,1
22.34,1
25.9,1
16.38,1
14.17,1
12.96,1
11.14,1
9.91,1
10.04,1
7.35,1
6.38,1
6.55,1
6.32,1
6.43,1
6.73,1
8.02,1
6.76,1
7.62,1
7.64,1
7.67,1
7.55,1
8.37,1
8.33,1
9.79,1
10.72,1
25.07,1
32.06,1
21.09,1
17.43,1
14.21,1
12.33,1
9.81,1
8.93,1
10.05,1
9.34,1
7.71,1
7.71,1
7.77,1
10.99,1
15.77,1
17.82,1
17.17,1
14.2,1
11.6,1
11.4,1
14.78,1
16.57,1
16.63,1
24.01,1
28.22,1
47.17,1
26.61,1
22.57,1
18.52,1
15.73,1
10.78,1
10,1
11.02,1
9.19,1
9.06,1
8.44,1
9.63,1
11.47,1
13.53,1
15.37,1
20.83,1
12.89,1
13.34,1
13.08,1
12.9,1
13.45,1
15.92,1
20.81,1
23.98,1
28,1
19.19,1
16.02,1
15.8,1
12.86,1
11.58,1
10.17,1
11.03,1
10.25,1
8.51,1
9.6,1
9.5,1
10.39,1
10.06,1
11.6,1
12.01,1
15,1
16.25,1
17.79,1
18.84,1
18.96,1
20.07,1
18.98,1
26.11,1
30.61,1
25,1
20.8,1
17.84,1
16.49,1
16.45,1
13.72,1
17.06,1
16.11,1
14.81,1
11.73,1
14.28,1
17.8,1
21.09,1
28.71,1
28.18,1
31.45,1
31.22,1
29.01,1
27.65,1
27.63,1
28.31,1
25.33,1
28.89,1
34.75,1
31.29,1
27.63,1
22.84,1
21.28,1
19.12,1
15.79,1
18,1
14.75,1
14.95,1
14.13,1
14.38,1
16.06,1
21.34,1
25.46,1
26.01,1
26.75,1
31.92,1
29.21,1
34.58,1
34.53,1
30.63,1
29.16,1
37.45,1
39.22,1
31.4,1
27.19,1
24.21,1
23.48,1
23.14,1
22.24,1
21.82,1
19.25,1
17.6,1
18.54,1
17.83,1
18.99,1
21.78,1
26.39,1
26.36,1
23.51,1
21.13,1
19.81,1
19.48,1
19.57,1
20.36,1
22.4,1
24.65,1
31.04,1
23.71,1
25.2,1
23.66,1
22.61,1
21.04,1
22.45,1
20.15,1
25.12,1
24.05,1
23.86,1
22.32,1
26.13,1
23.61,1
25.41,1
27.26,1
28.42,1
28.11,1
27.89,1
29.13,1
28.77,1
27.79,1
28.87,1
37.81,1
42.81,1
35.35,1
30.08,1
25.13,1
21.32,1
19.48,1
16.74,1
16.58,1
16.67,1
16.77,1
16.59,1
17.05,1
17.66,1
22.74,1
32.01,1
26.48,1
22.49,1
22.52,1
22.25,1
21.95,1
21.6,1
22.51,1
21.63,1
35.76,1
42.58,1
36.31,1
30.23,1
27.38,1
23.96,1
23.62,1
20.1,1
22.26,1
21.32,1
20.99,1
21.12,1
27.08,1
35.07,1
36.69,1
35.43,1
29.73,1
29.67,1
34.75,1
32.77,1
31.41,1
31.44,1
33.38,1
36.9,1
44.65,1
50.96,1
45.91,1
42.84,1
36.81,1
36.77,1
32.39,1
32.14,1
30.68,1
30.34,1
30.47,1
30.4,1
30.19,1
31.96,1
36.38,1
44.91,1
37.1,1
34.58,1
42.65,1
40.41,1
38.82,1
40.18,1
42.17,1
42.6,1
51.74,1
66.48,1
65.94,1
57.94,1
50.32,1
45.54,1
45.87,1
45.21,1
38.05,1
35.81,1
35.12,1
36.9,1
40.37,1
48.4,1
84.66,1
76.37,1
65.22,1
48.79,1
36.83,1
31.1,1
29.22,1
29.1,1
23.38,1
22.99,1
39.17,1
49.17,1
38.39,1
31.32,1
25.25,1
28.82,1
22.65,1
18.8,1
20.11,1
18.53,1
18.03,1
18.17,1
19.02,1
21.2,1
29.2,1
34.8,1
31.37,1
29.7,1
25.69,1
24.56,1
23.15,1
23.87,1
24.69,1
29.82,1
32.13,1
37.18,1
29.09,1
23.71,1
22.57,1
18.56,1
18.33,1
17.62,1
14.5,1
14.56,1
14.23,1
13.87,1
14.23,1
14.57,1
14.58,1
16.25,1
16.51,1
16.36,1
16.04,1
15.54,1
15.66,1
15.54,1
16.72,1
18.88,1
27.56,1
33.88,1
34.01,1
26.77,1
24.14,1
23.9,1
22.12,1
20.3,1
22.99,1
23.64,1
20.94,1
20.5,1
21.49,1
22.37,1
23.15,1
24.24,1
70.66,1
37.76,1
37.72,1
37.7,1
37.77,1
37.66,1
26.81,1
30.19,1
39.71,1
60.87,1
38.97,1
30.46,1
23.2,1
22.08,1
21.66,1
16.96,1
16.26,1
15.51,1
15.49,1
15.87,1
16.19,1
17.13,1
21.66,1
25.25,1
31.02,1
31.4,1
33.77,1
33.23,1
33.12,1
31.67,1
27.92,1
29.18,1
29.8,1
39.36,1
34.97,1
32.69,1
25.03,1
28.64,1
24.11,1
19.3,1
19.69,1
19.5,1
18.74,1
19.3,1
19.41,1
21.11,1
25.7,1
33.86,1
24.43,1
20.26,1
24.96,1
23.75,1
23.74,1
23.85,1
25.6,1
29.43,1
39.58,1
52.08,1
51.82,1
39.97,1
38.23,1
35.43,1
33.94,1
35.87,1
24.37,1
23.6,1
22.48,1
22.58,1
23.76,1
24.41,1
38.51,1
34.93,1
36.33,1
35.65,1
26.57,1
29.29,1
24.6,1
23.85,1
23.55,1
22.95,1
30.97,1
37.44,1
31.02,1
24.57,1
21.76,1
21.11,1
21.51,1
19.82,1
17.27,1
15.87,1
15.26,1
15.02,1
16.03,1
16.4,1
17.11,1
19.68,1
24.73,1
30.3,1
32.02,1
32.9,1
31.46,1
25.92,1
20.73,1
21.62,1
25.1,1
26.14,1
22.58,1
20.17,1
18.58,1
17.03,1
16.3,1
15.9,1
13.36,1
13.16,1
11.63,1
12.52,1
12.98,1
13.45,1
15.28,1
18.24,1
18.16,1
18.1,1
19.07,1
18.17,1
19.17,1
19.89,1
20.92,1
23.09,1
24.18,1
31.32,1
27.25,1
21.88,1
17.97,1
16.46,1
17.46,1
14.5,1
13.36,1
12.89,1
11.32,1
11.01,1
12.58,1
11.52,1
13.38,1
13.97,1
15.54,1
15.98,1
14.97,1
16.42,1
15.11,1
14.88,1
14.51,1
17.95,1
20.02,1
25.22,1
20.08,1
18.13,1
15.21,1
16.03,1
15.73,1
13.95,1
13.26,1
12.41,1
12.29,1
11.15,1
11.75,1
12.53,1
13.52,1
13.65,1
13.69,1
13.69,1
13.62,1
13.35,1
13.67,1
13.87,1
13.72,1
19.63,1
22.85,1
33.09,1
30,1
24.38,1
21.61,1
18.36,1
16.65,1
14.62,1
13.17,1
12.3,1
12.16,1
12.07,1
11.83,1
13.3,1
19.56,1
23.04,1
24.56,1
29.51,1
26.46,1
29.46,1
29.56,1
28.77,1
27.99,1
25.04,1
28.46,1
31.77,1
24.9,1
21.63,1
20.44,1
16.97,1
13.87,1
11.88,1
12.5,1
11.71,1
11.29,1
11.55,1
11.68,1
12.96,1
20.96,1
23.75,1
22.32,1
21.39,1
22,1
21.75,1
20.94,1
20,1
20.09,1
20.97,1
29.64,1
36.22,1
30.7,1
24.21,1
20.29,1
21.15,1
19.17,1
17.67,1
17.27,1
16.65,1
16.37,1
16.66,1
16.8,1
19.15,1
30.22,1
26.81,1
25.52,1
24.27,1
23.42,1
23.43,1
23.73,1
23.34,1
23.43,1
28.61,1
33.21,1
48.68,1
34.28,1
31.71,1
30.24,1
30.63,1
26.6,1
22.52,1
21.3,1
19.85,1
18.89,1
19.01,1
20.68,1
23.11,1
30.75,1
38.45,1
33.68,1
23.75,1
22.41,1
21.28,1
20.93,1
20.82,1
21.59,1
24.95,1
30.4,1
41.8,1
36.27,1
27.63,1
24.08,1
22.41,1
21,1
19.51,1
22.22,1
21.52,1
20.36,1
20.57,1
23.4,1
22.84,1
27.72,1
31.86,1
27.5,1
29.28,1
27.88,1
24.77,1
24.18,1
25.18,1
25.33,1
24.95,1
27.88,1
33.62,1
27.26,1
23.21,1
24.82,1
23.21,1
21.42,1
19.72,1
18.91,1
18.39,1
19.37,1
19.13,1
19.21,1
19.02,1
20.05,1
22.18,1
26.01,1
26.74,1
36.04,1
36.64,1
33.68,1
32.69,1
33.62,1
28.46,1
29.76,1
37.97,1
35,1
28.81,1
26.24,1
26.56,1
25.24,1
22.36,1
19.23,1
19.11,1
19.82,1
19.02,1
19.15,1
22.06,1
21.52,1
24.82,1
24.24,1
25.66,1
23.79,1
23.25,1
25.59,1
23.84,1
23.67,1
23.75,1
32.35,1
46.86,1
43.68,1
39.68,1
32.29,1
28.76,1
25.21,1
22.13,1
22.6,1
21.78,1
20.72,1
22.48,1
23.75,1
26.45,1
31.71,1
34.82,1
32.31,1
26.82,1
28.33,1
26.07,1
26.14,1
26.82,1
29.06,1
31.09,1
48.61,1
57.08,1
51.38,1
44.61,1
36.25,1
29.39,1
35.22,1
27.87,1
27.81,1
30.45,1
30.49,1
29.16,1
29.84,1
25.75,1
37.82,1
43.85,1
40.01,1
36.1,1
36.56,1
34.77,1
32.45,1
31.91,1
29.46,1
32.96,1
49.2,1
52.61,1
49.52,1
39.82,1
33.98,1
28.39,1
27.77,1
25.41,1
25.49,1
25.91,1
25.59,1
24.99,1
25.77,1
26.55,1
32.01,1
38.8,1
36.14,1
35.73,1
32.09,1
32.92,1
33,1
31.99,1
31.97,1
36.11,1
38.23,1
47.32,1
38.56,1
32.56,1
28.08,1
25.45,1
25,1
23.52,1
24.49,1
23.78,1
21.73,1
22.77,1
22.63,1
25.01,1
40.01,1
48.52,1
36.25,1
26.09,1
24.08,1
23.34,1
22.96,1
23.56,1
24.98,1
24.28,1
30.11,1
41.74,1
36.65,1
29.72,1
25.5,1
26.94,1
23.65,1
23.25,1
24.24,1
22.97,1
23.01,1
23.17,1
25.21,1
29.55,1
39.79,1
38.27,1
35.57,1
31.57,1
32,1
28.51,1
26.71,1
24.79,1
24.84,1
30.77,1
38.36,1
44.97,1
34.11,1
25.2,1
26.31,1
29.02,1
25.99,1
22.23,1
25.15,1
26,1
22.81,1
24.62,1
25.2,1
26.49,1
26.57,1
27.28,1
28.36,1
32.85,1
35.72,1
37.95,1
38.62,1
39.47,1
38.68,1
39.47,1
41.38,1
39,1
35.5,1
27.48,1
25.03,1
25.23,1
21.12,1
20.23,1
21,1
20.65,1
18.67,1
19.7,1
19.79,1
20.48,1
18.59,1
19.4,1
20.94,1
25.75,1
25.1,1
24.32,1
25.17,1
24.98,1
25.83,1
24.68,1
34.93,1
42.19,1
34.67,1
24.63,1
24.46,1
23.99,1
20.15,1
18.47,1
16.74,1
10.38,1
11.49,1
17.11,1
18.16,1
21.4,1
24.43,1
27.92,1
28.55,1
32.17,1
33.34,1
38.61,1
35.75,1
40.15,1
38.1,1
38.95,1
54.52,1
61.94,1
48.3,1
37.24,1
28.53,1
28.43,1
25.96,1
25.26,1
25.52,1
23.37,1
22.66,1
22.42,1
22.92,1
28.06,1
31.51,1
40.71,1
31.65,1
27.99,1
36.94,1
37.71,1
36.42,1
37.21,1
37.53,1
42.3,1
55.09,1
70.71,1
60.73,1
53.34,1
50.88,1
42.28,1
45.53,1
49.09,1
51.22,1
50.17,1
46.83,1
49.8,1
55,1
58.42,1
58.73,1
64.62,1
56.84,1
55.11,1
60.86,1
59.88,1
59.53,1
60.09,1
59.62,1
65.61,1
82.79,1
95.42,1
83.38,1
69.98,1
63.37,1
56.8,1
61.72,1
59.72,1
72.89,1
62.27,1
60.03,1
60.66,1
76.94,1
74.39,1
67.04,1
79.31,1
92.96,1
85.05,1
90.41,1
87.57,1
84.76,1
79.79,1
71.61,1
74.22,1
88.07,1
102.23,1
91.61,1
83.48,1
82.25,1
65.93,1
79.37,1
79.95,1
94.86,1
96.04,1
90.27,1
87.93,1
91.93,1
99.87,1
118.45,1
126.17,1
118.61,1
92.08,1
99.52,1
90.33,1
83.53,1
81.81,1
83.29,1
93.66,1
119.14,1
126.44,1
118.57,1
112.7,1
93.63,1
92.39,1
93.33,1
92,1
98.95,1
81.62,1
79.65,1
80.01,1
83.18,1
93.64,1
93.42,1
96.18,1
100.54,1
101.08,1
91.78,1
89.88,1
68.82,1
71.4,1
71.73,1
99.9,1
115.04,1
153.45,1
104.97,1
99,1
102.7,1
71.33,1
90.65,1
94.52,1
74.48,1
67.96,1
56.86,1
57.77,1
58.56,1
61.36,1
69.99,1
63.91,1
67.63,1
76.07,1
77.34,1
74.16,1
59.77,1
58.9,1
58.74,1
60.72,1
75.3,1
83.89,1
70,1
60.04,1
57.5,1
44.77,1
44.08,1
42.59,1
52.84,1
47.47,1
40.35,1
44.84,1
52.47,1
56.54,1
75.75,1
65.24,1
63.4,1
69.89,1
54.14,1
51.24,1
49.74,1
48.85,1
47.99,1
53.5,1
76.7,1
83.65,1
70.29,1
62.66,1
48.9,1
46.28,1
43.8,1
40.68,1
41.31,1
39.7,1
40.46,1
40.48,1
41.66,1
43.14,1
53.1,1
56.72,1
56.98,1
58.8,1
48.02,1
38.22,1
34.77,1
33.66,1
34.68,1
35.82,1
60.3,1
61.89,1
52.77,1
47.34,1
45.37,1
34.81,1
33.47,1
32.12,1
29.29,1
27.87,1
26.18,1
26.86,1
27.27,1
30.82,1
35.71,1
44.62,1
47.21,1
40.82,1
40.34,1
36.15,1
33.13,1
35.68,1
37.15,1
41.69,1
70.13,1
88.35,1
86.03,1
69.88,1
43.07,1
42.29,1
32.93,1
29.49,1
24.34,1
21.29,1
21.19,1
20.81,1
20.97,1
21.4,1
25,1
27.84,1
34.68,1
35.3,1
27.77,1
27.06,1
27.28,1
28.1,1
26.03,1
24.14,1
29.73,1
34.57,1
28.58,1
25.06,1
24.42,1
21.67,1
20.27,1
20.07,1
19.08,1
18.29,1
16.47,1
16.14,1
16.35,1
16.44,1
17.23,1
19.04,1
21.76,1
25.74,1
30.64,1
30.94,1
30.59,1
30.13,1
30.13,1
30.51,1
35.87,1
38.14,1
35.15,1
34.64,1
29.03,1
28.86,1
26.61,1
21.53,1
17.06,1
16.74,1
16.73,1
16.07,1
20.25,1
19.09,1
20.08,1
25.36,1
32.42,1
35.22,1
37.21,1
36.03,1
35.91,1
36.12,1
32.21,1
38.16,1
50.43,1
57.85,1
55.64,1
56.9,1
49.3,1
43.43,1
34.3,1
35.75,1
32.17,1
33.79,1
32.56,1
32.66,1
32.7,1
34.37,1
32.68,1
33.22,1
33.75,1
33.76,1
32.81,1
32.15,1
31.74,1
32.58,1
35.57,1
48.78,1
62.31,1
85.4,1
69.65,1
54.62,1
53.69,1
41.72,1
35.24,1
31.55,1
31.05,1
30.42,1
29.56,1
28.08,1
28.36,1
31.37,1
45.67,1
55.12,1
53.1,1
53.42,1
49.51,1
46.65,1
41.41,1
34.88,1
34.04,1
36.77,1
52.06,1
61.45,1
51.63,1
43.06,1
37.05,1
34.41,1
32.98,1
32.96,1
28.01,1
24.55,1
20.2,1
23.15,1
26.64,1
27.87,1
37.29,1
36.73,1
35.3,1
32.82,1
31.06,1
30.97,1
29.96,1
30.69,1
32.13,1
42.45,1
50.21,1
61.48,1
55.94,1
49.97,1
39.8,1
38.62,1
35.21,1
36.55,1
31.45,1
28.82,1
27.67,1
27.79,1
28.3,1
35.18,1
49.11,1
47.21,1
51.95,1
54.42,1
40.96,1
39.14,1
34.66,1
33.81,1
32.63,1
33.7,1
39.89,1
49.23,1
43.54,1
34.75,1
33.88,1
31.28,1
24.96,1
25,1
21.9,1
20.22,1
19.28,1
19.1,1
20.21,1
21.26,1
23.84,1
28.96,1
30.29,1
32.52,1
30.33,1
31.8,1
30.02,1
28.5,1
30.61,1
34.74,1
35.77,1
43.49,1
36.39,1
30.24,1
29.75,1
29.97,1
25.57,1
25.92,1
