MpAlias,csv.eprt.sync.1_0_0
PNodeAlias,w.isone.4001
MethodAlias,isoneexpress.finalrt.hr.web
Comment,Final hourly realtime energy prices scraped from isone isoexpress
StartYearUtc,2021
StartMonthUtc,1
StartDayUtc,1
StartHourUtc,5
StartMinuteUtc,0
UniformSliceDurationHrs,1
TimezoneString,US/Eastern
CurrencyUnit,USD
PriceUid,df3f8137-7787-4ac5-abd9-ae1b705379e1
Header,Real Time LMP Electricity Price (Currency Unit/MWh)
25.62,
42.53,
23.61,
23.89,
23.82,
23.86,
36.67,
31.35,
23.87,
22.08,
20.85,
21.07,
23.31,
27.32,
25.35,
26.73,
35.74,
47.52,
44.54,
34.57,
32.94,
25.71,
34.71,
42.03,
31.86,
24.36,
25.11,
21.52,
20.82,
21.8,
22.92,
21.96,
24.57,
25.09,
25.01,
25.64,
21.07,
22.71,
23.23,
24.02,
30.09,
49.2,
44.76,
38.88,
38.09,
40.01,
30.32,
23.56,
22.27,
24.14,
24.15,
24.23,
24.37,
25.08,
40.72,
37.35,
41.15,
46.18,
45.07,
38.7,
33.31,
31.38,
37.83,
46.9,
41.88,
51.83,
52.75,
41.42,
41.91,
29.47,
29.51,
24.56,
26.01,
27.8,
26.05,
25.89,
25.25,
26.71,
27.68,
24.33,
26.14,
27,
31.85,
28.44,
26.61,
24.81,
24.93,
26.64,
31.6,
31.68,
37.8,
39.76,
36.72,
24.17,
21.91,
20.74,
27.79,
27.04,
23.67,
25.2,
30.48,
33.2,
45.35,
52.67,
43.26,
31.03,
34.11,
61.36,
47.42,
43.59,
46.88,
50.31,
51.71,
49.34,
50.42,
50.2,
43.71,
41.87,
28.82,
28.76,
35.38,
32.37,
29.89,
27.96,
29.92,
28.96,
29.43,
27.85,
30.5,
28.78,
25.94,
26.1,
25.69,
26.1,
29.95,
46.6,
47.95,
57.42,
31.78,
30.02,
26.76,
24.46,
23.92,
25.29,
24.93,
24.72,
24.11,
23.73,
24.7,
26.84,
25.95,
35.69,
36.44,
29.87,
24.91,
24.18,
23.71,
22.51,
23.62,
24.98,
31.24,
38.95,
32.36,
37.71,
29.3,
25.6,
24.22,
24.11,
27.58,
25.68,
24.21,
24.38,
25.09,
25.45,
25.19,
35.37,
33.69,
27.47,
27.22,
27.07,
27.1,
26.87,
27.58,
27.65,
34.54,
34.4,
32.87,
29.02,
27.61,
27.32,
29.53,
27.76,
27.35,
27.45,
25.38,
24.57,
24.02,
24.45,
29.09,
30.44,
29.61,
28.59,
30.62,
29.73,
29.14,
28,
28.61,
32.32,
45.51,
41.93,
40.07,
37.08,
32.77,
26.75,
25.49,
26.36,
32.02,
25.59,
25.51,
24.1,
24.24,
24.75,
24.92,
26.02,
26.13,
24.91,
27.92,
14.7,
28.23,
29.14,
29.5,
33.8,
40.66,
48.19,
54.95,
51.6,
42.69,
39.55,
32.76,
30.65,
30.68,
31.35,
32.37,
33.29,
33.14,
44.02,
51.69,
51.33,
57.54,
60.06,
60.11,
62.73,
60.32,
57.55,
56.41,
56.25,
57.94,
68.86,
67.05,
66.77,
60.72,
59.56,
53.32,
37.08,
31.67,
31.33,
32.25,
34.31,
32.69,
37.56,
42.84,
49.09,
52.55,
47.85,
34.8,
30.8,
31.08,
32.39,
35.44,
39.57,
41.38,
47.39,
48.85,
43.49,
36.39,
36.24,
34.17,
32.04,
32.11,
35.52,
34.49,
35.02,
35.75,
36.15,
40.96,
50.79,
70.32,
46.29,
41.83,
39.34,
36.96,
37.15,
36.54,
37.57,
43.22,
46.11,
48.79,
39.81,
35.59,
33.71,
32.1,
32.74,
34.03,
34.18,
35.18,
35.3,
35.47,
35.16,
33.29,
35.72,
36.05,
40.13,
36.4,
36.61,
35.68,
35.09,
36.4,
35.49,
35.76,
48.13,
38.03,
33.29,
33.31,
32.52,
31.59,
28.05,
29.02,
29.17,
27.23,
27.19,
25.69,
20.46,
25.21,
29.27,
30.23,
29.31,
25.48,
25.55,
25.61,
25.53,
25.64,
25.9,
25.35,
26.77,
26.39,
25.26,
24.84,
23.88,
19.59,
16.46,
21.69,
11.13,
18.52,
14.64,
17.1,
13.03,
12.95,
20,
20.25,
21.38,
32.83,
34.17,
32.64,
24.95,
18.97,
20.25,
23.73,
39.49,
31.67,
26.8,
19.47,
18.1,
25.86,
16.1,
49.75,
41.4,
30.07,
27.62,
28.48,
27.92,
25.21,
22.8,
28.4,
20.47,
22.39,
20.18,
31.73,
34.19,
35.06,
30.37,
38.02,
48.09,
37.36,
30.92,
28.12,
26.61,
18.09,
16.48,
18.35,
21.46,
20.16,
18.83,
23.54,
29.28,
32.27,
32.91,
32.19,
28.91,
29.39,
28.18,
31.3,
31.8,
27.04,
29.61,
35.7,
45.4,
42.39,
42.02,
34.88,
26.67,
23.62,
25.77,
23.4,
19.2,
19.69,
20.86,
19.77,
26.09,
29.14,
48.24,
43.72,
29.71,
34.97,
36,
36,
36.73,
40.11,
45.57,
49.32,
57.1,
51.89,
45.79,
43.08,
38.17,
36.69,
35.99,
36.26,
36.3,
35.43,
35.75,
37.87,
48.08,
47.57,
50.31,
43.85,
49.86,
46.33,
41.97,
33.49,
37.35,
43.71,
49.92,
50.06,
45.98,
57.16,
40.36,
52.44,
35.2,
29.81,
29.87,
44.36,
37.96,
38.03,
37.55,
37.93,
49.03,
57.9,
64.22,
58.04,
59.86,
71.35,
85.74,
71.02,
82.84,
71.24,
73.21,
78.27,
93.3,
86.41,
79.87,
65.73,
50.63,
33.71,
30.04,
30.26,
32.63,
31.15,
31.26,
33.8,
32.81,
46.83,
37.72,
34.2,
32.4,
30.46,
29.22,
29.98,
30.74,
30.71,
29.9,
30.66,
42.92,
38.47,
31.37,
30.3,
27.72,
26.38,
26.2,
32.7,
30.69,
26.45,
25.99,
25.74,
26.73,
29.69,
31.19,
27.88,
24.56,
33.27,
29.74,
2.28,
-0.16,
14.45,
30.44,
44.3,
53.95,
62,
52.5,
65.64,
41.22,
37.35,
33.26,
64.76,
55.1,
58.04,
57.49,
59.33,
66.01,
52.9,
64.34,
55.39,
40.62,
35.78,
35.89,
35.35,
35.55,
37.18,
56.06,
82.84,
157.89,
148.92,
112.27,
83.93,
82.24,
64.12,
59.62,
57.82,
56.55,
56.39,
58.09,
62.48,
89.23,
63.17,
76.88,
71.04,
42.82,
38.57,
37.27,
35.59,
34.57,
37.28,
40.13,
48.52,
54.89,
54.45,
49.74,
45.04,
38.92,
37.05,
34.82,
35.39,
34.4,
35.12,
37.5,
37.02,
37.16,
39.19,
45.61,
40.91,
37.2,
38.04,
39.08,
42.32,
44.54,
57.89,
54.59,
52.15,
72.29,
61.61,
62.03,
44.72,
40,
37.29,
39.38,
43.08,
37.77,
40.04,
45.38,
41.28,
44.82,
47.69,
64.42,
63.35,
62.42,
64.87,
55.86,
53.08,
47.44,
47.03,
52.65,
54.57,
76.49,
67.33,
54.54,
40.68,
39.21,
38.5,
38.26,
42.63,
44.28,
48.48,
47.79,
53.44,
42.2,
41.56,
81.27,
92.59,
93.17,
107.8,
112.25,
102.04,
78.45,
73.44,
69.87,
75.42,
88.05,
90.49,
81.3,
70.32,
67.32,
57.34,
59.17,
58.73,
61.7,
61.74,
59.21,
59,
82.7,
106.17,
113.67,
121.94,
165.07,
123.84,
98.98,
82.75,
70.58,
75.13,
77.02,
76.91,
93.24,
101.79,
99.95,
95.82,
93.89,
94.65,
85.21,
115.98,
102.95,
106.65,
108.19,
123.05,
153.02,
153.54,
122.82,
116.7,
115.68,
113.3,
89.37,
74.8,
73.19,
72.19,
65.13,
75.21,
96.39,
94.6,
86.62,
88.45,
72.41,
73.87,
75.8,
82.32,
77.46,
78.34,
64.76,
59.82,
56.1,
55.37,
60.45,
65.61,
86.97,
100.47,
85.18,
88.59,
85.55,
83.62,
83.92,
91.28,
96.09,
93.81,
81.15,
79.85,
78.27,
60.59,
53.26,
56.19,
53.28,
47.74,
50.77,
46.86,
53.49,
67.36,
82.77,
75.95,
71.44,
59.27,
79.9,
91.28,
101.06,
94.79,
93.2,
96.44,
112.55,
118.91,
105.21,
87.09,
61.87,
56.36,
50.46,
62.14,
83.73,
68.8,
41.92,
55.09,
60.19,
73.76,
59.39,
63.73,
84.55,
77.99,
112.55,
107.64,
90.26,
64.83,
75.18,
77.98,
99.62,
97.12,
84.19,
93.78,
91.71,
70.05,
87.63,
128.2,
151.37,
142.93,
147.91,
125.79,
160.38,
202.14,
239.98,
244.81,
206.7,
148.79,
146.88,
171.04,
151.4,
132.15,
110.25,
146.97,
165.94,
203.52,
189.87,
161.91,
127.63,
103.07,
93.4,
93.13,
97.88,
95,
94.77,
91.53,
95.36,
103.67,
123.79,
119.17,
101.6,
87.17,
82.29,
89.3,
88.9,
88.27,
87.6,
99.2,
120.17,
126.85,
120.06,
104.16,
90.96,
80.65,
75,
69.19,
70.07,
67.49,
67.04,
68.9,
72.31,
72.58,
91.5,
128.08,
147.95,
143.27,
137.19,
145.3,
96.86,
71.99,
65.13,
79.33,
128.15,
122.78,
78.94,
62.92,
58.31,
60.01,
62.73,
60.99,
52.6,
47.88,
47.15,
46.79,
48.71,
66.94,
58.89,
52.12,
45.98,
20.63,
24.17,
31.11,
21.37,
31.97,
34.89,
44.43,
60.99,
64.85,
51.17,
41.83,
39.37,
32.52,
8.29,
-1.66,
17.85,
20.29,
3.15,
25.21,
24.13,
25.61,
19.09,
36.63,
43.84,
84.05,
118.54,
153.75,
182.36,
184.87,
167.41,
160.79,
186.79,
194.39,
133.3,
91.16,
74.63,
78.22,
76.5,
70.87,
72.69,
63.31,
64.53,
61.86,
73.4,
78.13,
82.15,
89.08,
103.21,
113,
91.44,
88.81,
84.22,
83.61,
83.74,
86.48,
100.1,
112.36,
94.3,
76.14,
65.55,
62.78,
64.44,
73.06,
75.42,
69,
63.93,
58.17,
48.87,
67.12,
82.31,
118.62,
111.9,
113.49,
137.33,
153.82,
135.96,
99.3,
89.58,
85.89,
91.87,
93.73,
88.97,
79.02,
74.8,
73.19,
59.94,
54.46,
54.53,
76.72,
84.2,
115.47,
105.8,
172.56,
186.83,
203.6,
153.57,
135.72,
150.48,
87.35,
77.98,
68.98,
67.86,
70.28,
83.4,
89.52,
84.79,
74.96,
68.56,
55.47,
55.79,
73.8,
70.81,
69.68,
69.85,
74.17,
69.92,
63.62,
74.07,
74.72,
75.92,
81.31,
77.6,
69.56,
67.88,
63.81,
68.12,
67.73,
70.78,
72.44,
67.62,
65.67,
67.53,
71.03,
68.13,
66.37,
56.64,
54.99,
56.33,
59.58,
64.55,
70.04,
73.79,
81.03,
80.59,
98.96,
103.4,
98.21,
93.38,
88.31,
90.67,
95.95,
94.91,
98.5,
92.08,
84.45,
81.05,
80.97,
79.83,
82.07,
71.18,
60.1,
58.34,
55.35,
63.39,
67.48,
70.15,
74.22,
72.45,
97.27,
86.07,
75.02,
69.24,
67.35,
78.55,
67.71,
82.81,
99.54,
91.12,
88.16,
64.33,
55.76,
54.15,
63.19,
61.65,
53.4,
52.6,
57.24,
49.92,
48.82,
52.55,
60.17,
66.46,
67.44,
69.79,
68.52,
65.96,
60.93,
60.76,
61.55,
64.39,
64.75,
62.35,
61.37,
60.88,
60.28,
61.92,
67.04,
63.08,
57.76,
50.73,
57.67,
64.79,
63.06,
64.42,
92.07,
98.93,
104.52,
104.55,
103.46,
99.77,
103.3,
108.22,
106.33,
119.79,
108.43,
86.81,
92.94,
82.37,
75.01,
79.37,
67.68,
64.3,
61.67,
61.36,
64.32,
66.68,
66.05,
63.05,
71.73,
73.48,
72.82,
72.86,
80.98,
69.05,
71.81,
73.18,
66.82,
64.55,
67.14,
59.09,
56.34,
55.99,
55.28,
56.24,
62.06,
63.44,
58.96,
60.69,
62.77,
81.28,
104.51,
88.26,
65.66,
57.37,
78.09,
75.2,
71.73,
71.59,
75.57,
80.33,
92.38,
115.42,
147.6,
95.06,
95.77,
85.72,
80.7,
78.56,
68.77,
73.09,
73.37,
73.24,
74.88,
83.99,
95.31,
87.79,
96.79,
94.52,
99.46,
96.64,
101.94,
115.13,
109.14,
104.27,
93.81,
93.11,
98,
94.84,
88.92,
81.12,
90.66,
86.26,
85.67,
88.07,
88.42,
88.4,
87.24,
82.15,
76.44,
73.19,
77.97,
96.38,
80.15,
79.29,
82.56,
84.21,
76.31,
74.33,
69.89,
71.96,
77.84,
69.68,
62.82,
58.91,
53.71,
51.23,
57.91,
66.22,
68.98,
56.31,
64.86,
78.21,
76.43,
66.95,
72.55,
78.45,
66.25,
57.44,
54.76,
52.85,
51.01,
50.21,
55.54,
64.66,
75.17,
65.45,
58.78,
58.9,
54.11,
50.69,
64.77,
74.6,
71.93,
67.83,
69.15,
70.57,
68.93,
56.28,
53.69,
52.09,
51.85,
50.61,
49.73,
48.43,
46.08,
49.98,
54.17,
68.05,
73.74,
68.6,
59.32,
53.59,
51.17,
47.85,
50.59,
47.47,
46.82,
48.19,
59.27,
71.57,
90.72,
104.79,
103.53,
91.04,
92.74,
80.27,
71.87,
79.43,
77.89,
87.28,
92.14,
84.28,
75.48,
65.04,
53.87,
54.27,
48.83,
44.04,
41.78,
37.19,
41.1,
39.69,
41.17,
40.38,
52.74,
64.68,
60.72,
45.89,
35.37,
33.01,
33.6,
34.35,
34.64,
34.27,
38.32,
49.08,
53.08,
47.25,
42.87,
38.76,
35.8,
27.62,
25.56,
23.98,
23.87,
23.94,
23.56,
26.23,
35.41,
34.09,
24.45,
13.55,
11.52,
13.09,
21.32,
22.74,
20.1,
4.06,
25.34,
37.17,
50.89,
34.07,
26.95,
26.93,
22.25,
15.53,
17.28,
17.87,
15.62,
14.92,
19.13,
20.87,
33.12,
26.23,
20.77,
16.57,
0.83,
2.48,
-2.59,
-10.99,
-5.44,
23.1,
32.25,
56.95,
55.36,
50.72,
47.95,
37.14,
29.04,
22.79,
20.7,
18.28,
19.18,
19.87,
20.71,
28.06,
47.43,
47.03,
39.54,
29.02,
23.21,
15.46,
15.19,
20.69,
19.3,
20.76,
30.52,
37.62,
50.9,
36.71,
38.73,
38.47,
38.87,
46.73,
33.38,
33.74,
34.65,
33.4,
35.03,
49.22,
57.28,
62.02,
60.96,
64.76,
59.03,
58.68,
53.08,
47.28,
41.06,
45.58,
49.16,
47.46,
51.67,
37.75,
36.31,
38.16,
25.34,
31.88,
57.67,
48.72,
50.45,
32.14,
30.48,
28.93,
25.72,
28.84,
57.59,
47.06,
56.92,
45.84,
36.73,
56.05,
57.29,
42.12,
55.79,
64.28,
68.46,
44.56,
44.01,
32.71,
25.68,
26.22,
28.04,
28.25,
25.77,
25.5,
26.82,
32.83,
64.72,
52.79,
54.23,
58.98,
75.3,
78.74,
80.01,
48.93,
35.57,
33.9,
38.13,
52.71,
51.11,
47.99,
39.74,
33.09,
32.13,
38.21,
46.41,
42.34,
46.34,
52.94,
87.61,
105.62,
118.33,
122.3,
78.16,
45.05,
45.76,
44.06,
42.45,
41.82,
43.6,
46.1,
54.14,
81.66,
87.98,
69.67,
68.66,
66.03,
53.57,
51.01,
66.89,
66.91,
54.97,
54.85,
64.53,
77.77,
86.33,
99.23,
87.42,
54.31,
35.37,
35.25,
36.59,
37.98,
38.79,
55.7,
64.29,
81.48,
89.73,
75.46,
61.63,
54.26,
41.71,
34.3,
40.31,
40.09,
37.04,
36.33,
37.23,
53.29,
45.64,
50.79,
40.99,
39,
50.36,
54.65,
48.79,
43.19,
40.31,
40.43,
47.76,
57.11,
62.06,
59.18,
56.7,
56.94,
54.22,
48.85,
54.18,
58.82,
51.73,
52.3,
52.43,
69.31,
79.64,
78.12,
58.6,
52.92,
48.95,
47.28,
45.2,
43.24,
45.57,
47.95,
54.07,
61.31,
65.27,
59.35,
63.77,
50.32,
47.16,
55.84,
58.17,
46.77,
44.51,
43.71,
46.69,
58.02,
44.94,
55.45,
41.61,
38.3,
35.65,
35.07,
32.83,
29.13,
31.03,
35.14,
41.54,
50.86,
68.22,
50.23,
48.13,
43.14,
38.54,
37.93,
53.38,
40.6,
33.95,
37.07,
46,
56.08,
48.68,
38.17,
32.42,
31.32,
27.02,
28.77,
24.75,
23.76,
27.72,
33.42,
41.89,
54.95,
58.86,
63.38,
62.13,
47.15,
44.54,
37.31,
40.89,
39.85,
37.94,
40.81,
41.69,
46.66,
65.84,
51.56,
43.73,
40.8,
35.59,
35.38,
37.48,
36.91,
36.37,
39.02,
49.47,
95.09,
126.67,
78.64,
63.28,
51.81,
52.17,
40.19,
33.7,
39.14,
38.63,
37.67,
36.54,
45.82,
60.22,
66.74,
54.04,
33.18,
26.11,
24.79,
24.24,
24.64,
25.62,
26.15,
26.62,
41.98,
42.81,
39.99,
40.75,
30.38,
27.36,
24.43,
22.27,
22.44,
22.58,
22.86,
24.54,
27.13,
33.34,
33.31,
26.95,
23.14,
23.12,
22.44,
22.36,
22.35,
22.73,
23.46,
26.62,
32.09,
37.22,
34.21,
28.55,
23.38,
21.91,
20.64,
19.17,
19.27,
18.53,
18.71,
20.07,
20.42,
35.48,
50.26,
52.1,
50.53,
39.96,
25.72,
21.28,
19.55,
18.5,
20.46,
25.05,
26.68,
29.77,
27.18,
32.23,
25.81,
18.63,
17.1,
14.03,
14.35,
16.07,
17.21,
14.76,
15.05,
18.19,
18.57,
15.5,
5.43,
9.96,
2.74,
15.42,
13.15,
16.18,
17.27,
19.05,
22.22,
23.99,
23.31,
25.45,
21.5,
18.71,
12.75,
13.31,
15.12,
14.3,
12.94,
12.75,
13.59,
16.96,
17.14,
8.04,
5.69,
6.69,
6.59,
-8.33,
-1.76,
5.61,
11.28,
26.13,
35.27,
45.66,
37.52,
33.12,
29.37,
25.06,
9.81,
22.62,
25.68,
25.29,
24.44,
25.01,
58.76,
55.81,
51.41,
25.22,
26.24,
29.35,
44.14,
33.52,
37.42,
41.01,
40.32,
58,
71.91,
110.49,
106.65,
76.91,
58.85,
50.59,
40.39,
40.53,
38.42,
35.98,
33.9,
49.93,
87.07,
147.85,
146.68,
89.5,
78.69,
50.57,
41.35,
37.06,
27.64,
28.62,
41.07,
56.46,
75.35,
70.28,
65.87,
69.65,
63.52,
55.07,
50.39,
48.33,
53.15,
47.21,
45.38,
46.71,
75.25,
102.68,
77.32,
51.63,
42.97,
43.67,
43.93,
38.52,
33.78,
34.25,
42.09,
53.2,
60.04,
64.05,
53.28,
50.12,
37.15,
32.85,
29.73,
29.23,
28.51,
28.75,
29.92,
40.13,
44.39,
61.44,
77.68,
69.06,
48.62,
29.51,
26.27,
24.94,
24.45,
23.45,
23.73,
25.74,
24.18,
33.97,
23.67,
25.02,
29.7,
22.02,
23.04,
23.54,
22.76,
23.24,
23.94,
21.82,
23.15,
24.5,
30.66,
48.14,
50.97,
49.09,
48.81,
37.48,
32.75,
34.2,
35.94,
42.64,
49.3,
37.03,
27.58,
29.93,
22.34,
21.27,
21.69,
19.91,
19.14,
19.28,
19.99,
17.86,
23.17,
28.98,
22.66,
16.68,
12.81,
14.26,
10.54,
9,
1.28,
6.5,
16.91,
24.29,
26.68,
29.46,
33.79,
27.95,
27.55,
25.58,
23.8,
23.97,
23.6,
22.91,
23.57,
23.84,
24.31,
24.23,
22.83,
20.79,
13.62,
10.16,
8.09,
-17.33,
-10.51,
0.41,
7.21,
17.44,
20.72,
23.12,
23.85,
25.55,
21.12,
19.34,
18.12,
17.18,
16.59,
17.09,
17.94,
20.95,
21.69,
22.24,
23.18,
17.81,
11.06,
9.66,
9.58,
6.97,
5.28,
7.01,
11.91,
17.23,
25.21,
25.14,
25.58,
22.18,
21.19,
17.29,
16.88,
16.93,
15.76,
16.33,
16.28,
28.08,
57.18,
53.18,
27.8,
21.55,
19.45,
17.95,
17.15,
16.6,
15.58,
1.4,
17.59,
29.62,
51.06,
39.2,
38.93,
25.96,
19.69,
19.12,
17.75,
17.92,
17.25,
17.6,
18.57,
30.14,
46.1,
52.65,
40.17,
34.93,
22.42,
20.2,
19.65,
18.29,
17.95,
18.06,
20.37,
27.46,
25.25,
25.69,
23.08,
26.32,
21.05,
19.01,
17.8,
17.36,
17.2,
17.48,
17.29,
16.41,
17.04,
17.79,
19.39,
19.81,
22.14,
21.03,
18.58,
18.6,
17.61,
19.66,
22.01,
26.09,
21.85,
28.32,
27.21,
19.62,
17.61,
16.92,
18.14,
17.76,
16.72,
16.73,
17.08,
16.57,
22.32,
31.54,
35.26,
33.69,
29.78,
29.83,
31.99,
21.21,
16.09,
15.64,
16.65,
26.51,
35.28,
33.57,
30.45,
23.61,
19.01,
18.81,
19.93,
18.06,
16.51,
15.85,
16.49,
15.57,
23.01,
29.41,
37.29,
33.32,
39.02,
32.77,
24.89,
22.82,
22.77,
18.44,
16.63,
22.66,
24.05,
24.83,
24.19,
18.15,
17.81,
16.92,
14.22,
9.65,
13.74,
14.35,
15.2,
16.39,
25.11,
27.02,
28.96,
20.33,
14.6,
14.64,
15.09,
15.26,
15.53,
15.51,
17.2,
27.55,
30.44,
33.45,
35.15,
24.31,
19.6,
17.37,
16.17,
15.55,
15.44,
15.55,
15.72,
15.17,
15.5,
13.65,
15.26,
22.41,
30.85,
38.28,
34.97,
35.83,
34.49,
34.06,
37,
39.23,
33.12,
35.25,
28.82,
22.64,
28.6,
17.59,
17.52,
17.14,
16.58,
16.33,
17.31,
17.39,
29.66,
35.44,
32.45,
18.74,
26.37,
16.2,
4.93,
8.79,
-9.34,
12.38,
14.11,
19.61,
29.78,
20.96,
27.61,
21.96,
12.4,
13.77,
5.39,
12.32,
15.09,
16.34,
17.63,
22.2,
32.05,
31.3,
23.13,
16.5,
15.18,
14.43,
10.12,
-10.22,
-25.16,
-12.36,
3.66,
15.12,
19.01,
25.19,
19.77,
16.69,
3.89,
14.2,
16.16,
14.76,
15.33,
14.7,
14.79,
16.62,
15.98,
18.54,
20.08,
19.66,
20.04,
21.26,
19.46,
16.05,
12.38,
20.46,
26.55,
34.26,
26.72,
30.51,
23.3,
14.31,
17.58,
13.45,
17.46,
16.62,
16.17,
16.63,
16.76,
17.11,
16.73,
18.97,
18.66,
19.71,
26.31,
23.55,
20.72,
20.17,
19.1,
20.61,
22.03,
22.61,
21.52,
21.85,
21.78,
21.39,
18.19,
19.58,
21.54,
22.2,
21.37,
21.69,
23.33,
26.94,
29.18,
30.39,
29.89,
27.94,
30.81,
38.42,
34.34,
35.28,
25.72,
42.36,
51.55,
62.16,
59.86,
61.34,
51.64,
46.32,
52.08,
47,
38.86,
57.44,
46.46,
39.34,
42.24,
56.76,
128.68,
130.19,
58.43,
63.2,
22.83,
20.13,
17.85,
17.54,
16.98,
16.75,
17.74,
21.15,
43.89,
48.85,
47.46,
47.76,
37.84,
34.54,
24.29,
24.14,
24.15,
23.45,
24.07,
24.93,
25.13,
21.94,
22.26,
19.52,
17.89,
17.26,
16.58,
-7.81,
-16.22,
-11.4,
12.6,
16.66,
17.73,
26.26,
34.78,
38.06,
24.75,
19.75,
18.76,
18.75,
18.7,
18.99,
21.78,
21.02,
32.3,
41.43,
24.08,
20.93,
19.24,
17.98,
17.8,
18.05,
17.14,
17.1,
17.47,
21.87,
23.77,
23.96,
22.62,
25.76,
19.07,
17.37,
19.74,
16.51,
17.24,
18.82,
21.05,
23.76,
26.18,
33.08,
34.62,
21.07,
16.15,
15.15,
15.4,
15.19,
15.37,
15.21,
15.92,
17.82,
24.84,
32.06,
26.56,
19.13,
17.52,
16.52,
8.71,
14.85,
15.52,
15.55,
15.66,
16.98,
31.92,
34.98,
23.57,
17.18,
16.58,
17.91,
17.75,
18.13,
17.44,
17.2,
17.67,
26.73,
30.42,
41.44,
39.56,
31.08,
20,
17.08,
16.82,
17.13,
15.79,
16.15,
17.49,
18.73,
27.1,
34.75,
25.07,
17.23,
16.18,
16.35,
17.24,
16.38,
16.68,
16.02,
16.84,
17.99,
20.39,
29.65,
27.91,
19.26,
21.57,
16.78,
19.84,
16.38,
16.05,
17.07,
16.95,
17.22,
21.2,
32.72,
28.9,
28.35,
16.68,
15.55,
15.94,
15.76,
16.46,
16.7,
17.57,
22.39,
27.9,
33.16,
24.57,
22.13,
22.6,
17.26,
21.34,
19.08,
18.1,
17.62,
16.76,
16.15,
16.29,
17.69,
33.56,
31.19,
19.15,
16.71,
12.26,
14.3,
14.87,
15.48,
20.1,
30.55,
30.59,
31.09,
31.54,
27.27,
24.94,
17.53,
16.83,
16.31,
17.17,
16.02,
17.78,
16.87,
16.74,
16.2,
16.63,
16.92,
16.96,
16.17,
17.9,
17.78,
23.89,
21.93,
21.85,
24.91,
37.98,
32.25,
19.87,
19.35,
12.56,
8.11,
6.85,
7.11,
5.11,
8.29,
15.58,
16.14,
17.33,
23.19,
19.21,
23.26,
13.72,
27.11,
28.99,
27.22,
25.31,
25.78,
24.98,
23.86,
24.04,
27.5,
28.04,
24.59,
18.6,
13.75,
13.76,
19.09,
11.24,
16.51,
12.14,
24.2,
27.19,
26.16,
25.14,
30.4,
32.27,
20.95,
17.6,
17.88,
18.05,
17.79,
19.3,
26.31,
38.53,
43.19,
40.04,
34.42,
19.68,
16.93,
18.93,
20.76,
19.76,
19.36,
20.47,
29.22,
39.85,
38.22,
29.66,
23.3,
18.46,
16.75,
17.69,
17.75,
18.6,
19.13,
21.97,
33.39,
35.25,
40.2,
35.15,
28.79,
22.22,
20.64,
20.4,
19.89,
19.73,
19.76,
19.27,
18.72,
19.97,
19,
20.08,
32,
40.73,
23.65,
28.47,
27,
21.13,
22.12,
22.18,
23.13,
24.51,
26.83,
34.71,
21.04,
20.6,
19.37,
19.37,
20.55,
18.94,
18.08,
18.67,
19.4,
20.34,
22.63,
23.36,
26.27,
34.62,
41.42,
40.92,
33.47,
30.11,
33.77,
33.98,
34.28,
35.52,
46.19,
41.33,
37.06,
30.48,
29.39,
35.97,
52.3,
33.09,
31.09,
37.64,
58.74,
64.04,
70.17,
64.55,
76.05,
64.01,
64.95,
38.7,
30.56,
31.18,
35.71,
51.29,
52.29,
51.69,
59.44,
124.21,
63.91,
47.4,
28.26,
25.67,
25.04,
28.08,
27.39,
26.45,
25.02,
24.4,
24.38,
23.81,
21.74,
15.87,
21.72,
22.38,
22.14,
22.03,
22.25,
23.49,
25.7,
28.48,
40.67,
40,
37.13,
25.52,
14.59,
10.8,
18.63,
18.1,
18.66,
18.76,
20.11,
24.52,
25.06,
21.93,
19.33,
12.51,
22.39,
23.3,
23.31,
22.82,
22.09,
23.14,
23.95,
26.77,
24.53,
25.33,
25.75,
22.23,
18.17,
19.52,
22.53,
21.97,
22.32,
23.29,
23.57,
32.21,
36.57,
28.53,
21.69,
20.79,
18.89,
18.53,
21.04,
22.04,
23.4,
28.35,
32.15,
24.54,
38.63,
41.88,
29.25,
21.68,
19.54,
21.21,
20.74,
20.48,
20.54,
18.32,
15.83,
20.71,
20.51,
15.77,
20.21,
19.94,
22.02,
29.14,
23.98,
23.98,
24.18,
46.44,
38.68,
34.6,
25.1,
26.75,
27.91,
21.56,
18.64,
18.96,
19.83,
19.26,
18.93,
19.09,
19,
22.34,
23.29,
23.88,
31.75,
32.49,
33.44,
31.23,
30.78,
28.89,
29.94,
26.51,
28.03,
33.64,
36.43,
37.52,
24.97,
16.49,
19.74,
22.23,
21.79,
24.29,
22.22,
22.72,
28.78,
33.72,
31.59,
25.83,
22.82,
25,
20.45,
18.92,
17.95,
17.55,
16.81,
17.66,
21.33,
28.57,
33.53,
37.34,
28.68,
26.53,
19.86,
19.37,
14.51,
16.97,
19.2,
20.46,
21.18,
21.82,
21.38,
18.63,
17.19,
15.66,
14.56,
10.32,
3.89,
-1.26,
8.48,
14.63,
19.61,
39.17,
39.39,
31.43,
28.14,
23.59,
17.5,
22,
25.47,
23.44,
18.83,
22.1,
22.68,
19.31,
18.1,
19.07,
31.62,
28.58,
25.48,
25.65,
28.17,
27.14,
24.39,
29.65,
28.12,
24.97,
27.09,
44.09,
27.4,
26.39,
19.41,
19.32,
18.6,
17.28,
17.69,
19.17,
19.53,
28.57,
32.35,
21.1,
17.11,
16.97,
16.36,
15.67,
3.89,
6.78,
6.77,
15.72,
24.13,
36.48,
46.58,
30.43,
35.4,
23.37,
18.08,
49.59,
22.23,
19.89,
21.05,
22.11,
21.33,
22.53,
31.86,
37.81,
40.43,
39.5,
36.1,
26.96,
19.02,
17.86,
18.62,
22.88,
28.78,
36.7,
42.95,
47.25,
38.41,
26.1,
26.16,
26.2,
24.37,
25.79,
23.88,
23.61,
30.22,
40.91,
34.82,
38.92,
33.81,
22.92,
22.48,
25.31,
21.41,
21,
24.37,
28.44,
29.13,
29.49,
31.56,
29.5,
24.63,
22.72,
20.33,
20.61,
21.85,
23.16,
22.71,
22.63,
20.49,
19.47,
26.14,
29.07,
38.74,
44.05,
38.44,
34.19,
36.1,
31.87,
32.46,
35.5,
35.11,
27.77,
27.16,
25.17,
23.44,
21.75,
22.16,
19.55,
15.16,
14.82,
11.04,
4.77,
16.59,
20.21,
21.4,
20.05,
20.66,
22.54,
23.06,
19.47,
18.15,
17.01,
17.65,
18.56,
18.5,
20.12,
20.75,
22.32,
18.74,
16.7,
9.85,
13.62,
14.98,
16.72,
16.44,
15.86,
18.41,
16.25,
17.19,
20,
15.63,
4.48,
1.79,
-12.81,
-1.45,
-1.04,
-0.52,
0.41,
10.71,
16.43,
16.24,
20.4,
17.87,
15.58,
3.18,
9.92,
12.21,
16.78,
15.01,
15.92,
19.02,
15.05,
10.78,
8.87,
13.18,
-3.94,
10.82,
17.29,
16.22,
22.03,
20.82,
14.51,
17.02,
17.24,
27.08,
24.7,
20.08,
12.43,
11.97,
14.27,
13.47,
12.9,
11.64,
-1.99,
13.94,
15.51,
15.46,
16.59,
15.21,
13.86,
11.58,
12.02,
16.71,
24.56,
27.76,
22.79,
19.16,
21.28,
21.04,
18.96,
19.91,
17.73,
16.14,
15.65,
15.23,
15.07,
16.65,
16.7,
17.66,
18.31,
20.87,
23.36,
23.34,
26.47,
29.47,
27.32,
24.93,
25.57,
24.78,
24.68,
24.2,
27.89,
27.35,
26.76,
28.23,
23.51,
24.72,
23.97,
19.56,
13.29,
16.99,
19.07,
27.67,
28.37,
25.98,
24.43,
24.81,
26.66,
24.25,
32.65,
32.88,
31.91,
28.32,
30.34,
35.87,
30.72,
30.21,
31.75,
32.95,
30.39,
20.43,
26.63,
25.46,
22.98,
23.85,
26.13,
38.6,
36.65,
27.22,
23.7,
20.08,
21.17,
20.48,
14.63,
18.7,
18.9,
19.13,
19.6,
20.35,
21.43,
30.36,
30.91,
39.71,
25.54,
22.19,
22.02,
22.07,
22.06,
22.4,
22.33,
24.21,
27.09,
26.44,
27.31,
21.88,
19.99,
21.83,
32.39,
32.49,
27.73,
24.2,
31.54,
29.37,
30.52,
36.64,
33.62,
26.28,
21.56,
22.23,
20.83,
22.96,
21.27,
22.27,
23.25,
24.81,
21.36,
20.94,
20.54,
20.3,
19.91,
18.52,
17.81,
17.81,
18.73,
18.64,
19.34,
19.79,
20.51,
20.24,
28.63,
21.92,
19.12,
17.73,
17.64,
18.11,
20.97,
19.22,
20.71,
22.99,
20.79,
18.45,
18.65,
3.09,
0.35,
7.17,
6.6,
6.65,
15.23,
21.03,
28.39,
22.55,
23.67,
34.29,
36.63,
29.55,
27.08,
20.3,
19.96,
21.19,
21.43,
23.06,
22.46,
23.34,
31.06,
35,
29.66,
32.65,
36.23,
29.19,
25.56,
24.52,
24.08,
25.7,
26.25,
26.23,
26.49,
25.92,
26.65,
30.4,
30.88,
21.27,
23.07,
21.58,
22.77,
22.57,
23.81,
30.5,
34.53,
31.12,
31.73,
22.5,
22.42,
23.8,
23.94,
22.63,
23.38,
25.31,
31.92,
36.46,
39.15,
33.7,
34.39,
33.38,
26.04,
21.96,
20.88,
20.91,
21.06,
20.61,
21.44,
20.74,
25.58,
28.46,
24.92,
22.94,
19.91,
19.3,
21.09,
22.32,
23.29,
24.01,
27.22,
37.4,
47.28,
44.24,
45.64,
35.89,
27.82,
22.48,
23.98,
20.33,
18.66,
21.11,
23.51,
28.41,
29.09,
25.51,
21.39,
19.7,
21.56,
30.31,
24.58,
21.51,
22.07,
22.38,
22.83,
22.66,
32.08,
30.25,
38.41,
32.86,
22.01,
21.6,
18.49,
19.23,
18.95,
19.75,
22.06,
20.83,
28.54,
26.97,
23.97,
20.27,
18.35,
17.94,
19.07,
21.84,
22.72,
18.84,
18.39,
17.98,
20.51,
23.6,
21.37,
25.16,
26.18,
18.16,
19.02,
18.22,
19.97,
20.63,
21.03,
21.61,
22.66,
19.05,
18.04,
17.67,
16.39,
16.43,
18.72,
19.21,
17.26,
18.15,
17.71,
20.13,
29.92,
30.55,
26.55,
27.37,
23.4,
24.27,
21.13,
26.19,
19.63,
19.23,
21.61,
20.52,
17.64,
17.16,
17.88,
18.05,
16.15,
16.39,
18.75,
30.4,
20.69,
18.05,
18.86,
22.1,
29.56,
30.59,
40.14,
27.7,
22.32,
20.27,
22.43,
31.14,
23.52,
23.81,
24.4,
28.21,
32.08,
38.82,
22.29,
20.21,
19.68,
19.97,
21.3,
30.42,
34.94,
30.89,
35.28,
39.78,
47.41,
40.48,
40.6,
32.49,
29.55,
21.63,
21.7,
20.95,
19.8,
18.72,
20.19,
21.64,
21.53,
21.59,
21.5,
20.65,
21.03,
20.24,
21.18,
20.93,
21.48,
22.23,
21.9,
27.34,
33.34,
40.21,
42.71,
34.95,
30.73,
27.22,
24.09,
25.07,
22.32,
21.04,
23.29,
24.91,
24.79,
23.54,
24.06,
22.47,
21.79,
21.17,
21.02,
21.01,
19.16,
21.05,
25.15,
26.88,
25.77,
25.03,
27.43,
24.24,
21.72,
19.78,
21.61,
20.56,
19.61,
19.22,
18.76,
18.98,
20.27,
20.66,
20.75,
20.74,
21.28,
21.4,
21.46,
22.02,
21.19,
20.17,
20.45,
22.36,
22.97,
21.9,
22.16,
28.8,
20.91,
18.72,
19.33,
18.79,
18.55,
18.61,
18.07,
18.73,
20.81,
22.35,
24.17,
22.01,
23.65,
22.57,
22.15,
23.1,
20.91,
20.32,
24.57,
28.86,
34.07,
33.4,
28.79,
26.94,
22,
20.19,
20.37,
19.88,
19.3,
20,
19.14,
19.08,
21.12,
20.54,
24.41,
30.46,
30.84,
26.11,
25.78,
30.96,
33.45,
40.8,
33.63,
37.76,
38.05,
36.93,
39.87,
35.66,
30.61,
26.58,
25.98,
20.96,
22.08,
20.93,
20.23,
19.2,
19,
18.73,
19.85,
20.77,
23.65,
23.22,
28.7,
28.71,
31.95,
29.18,
33.27,
34.78,
32.65,
26.82,
27.18,
25.3,
22.34,
20.23,
24.77,
23.85,
22.71,
21.97,
22.59,
23.71,
24.25,
27.21,
29.95,
29.04,
26.32,
24,
23.09,
21.97,
20.38,
21.14,
22.13,
23.87,
25.13,
24.41,
25.27,
23.15,
19.3,
17,
18.5,
20.51,
18.1,
16.07,
17.47,
18.04,
19.04,
22.08,
25.34,
21.46,
20.39,
18.67,
17.91,
18.16,
19.29,
21.19,
27.47,
42.8,
40.64,
37.28,
43.1,
39.67,
20.2,
18.41,
22.38,
21.57,
19.44,
19.1,
20.63,
23.57,
28.19,
22.02,
21.33,
22.13,
27.04,
23.99,
22.07,
23.01,
27.5,
39.45,
48.27,
46.9,
37.91,
32.85,
24.58,
22.32,
19.31,
24.32,
24.15,
23.01,
21.1,
21.12,
21.14,
22.05,
32.31,
32.59,
29.66,
24.51,
24.03,
23.55,
23.65,
25.08,
28,
34.22,
39.64,
48.13,
41.88,
35.58,
35.14,
34.24,
30.88,
24.15,
21.31,
22.59,
22.91,
21.46,
22.09,
21,
23.72,
29.05,
30.59,
22.79,
25.46,
42.56,
39.96,
37.8,
36.26,
46.68,
39.95,
43.28,
37.92,
33.18,
35.41,
35.87,
36.61,
22.59,
20.69,
19.63,
19.68,
20.12,
20.18,
20.07,
20.35,
20.91,
31.9,
37.19,
36.66,
30.23,
30.39,
28.47,
34.33,
31.61,
34.17,
31.2,
33.9,
34.82,
39.99,
31.72,
32.1,
22.17,
20.98,
21.59,
22.84,
23.63,
21.96,
18.92,
20.68,
20.79,
19.73,
22.02,
24.93,
29.89,
32.75,
26.19,
29.96,
31.04,
27.41,
28.58,
23.46,
26.93,
25.37,
21.63,
18.58,
22.05,
18.98,
17.9,
17.79,
18.32,
21.02,
20.72,
20.37,
19.5,
19.56,
21.03,
22.29,
28.94,
33.79,
30.81,
22.52,
20.12,
19.89,
20.18,
17.9,
17.81,
19.42,
18.36,
16.74,
15.16,
12.39,
-15.85,
13.42,
11.08,
13.91,
15.35,
15.48,
19.21,
27.56,
34.04,
21.06,
17.75,
17.78,
14.82,
16.06,
17.71,
17.87,
21.07,
22.34,
22.33,
23.63,
25.97,
18.34,
16.16,
18.08,
16.1,
14.83,
14.66,
14.78,
15.41,
17.23,
15.86,
16.04,
17.15,
19.32,
21.33,
19.91,
22.88,
22.48,
30.34,
31.82,
33.03,
27.65,
23.74,
28.42,
28.62,
22.13,
18.49,
19.97,
19.52,
21.13,
20.84,
22.45,
22.75,
22.42,
19.97,
23.01,
24.06,
23.12,
22.23,
22.62,
28.83,
27.16,
31.53,
32.07,
29.6,
30.42,
30.48,
29.55,
31.94,
28.68,
22.16,
25.71,
22.66,
21.17,
21.57,
21.9,
23.6,
34.59,
32.49,
43.04,
44.47,
45.87,
41.43,
33.26,
31.04,
40.18,
40.3,
40.92,
42.17,
38.54,
44.06,
38.06,
39.81,
26.62,
27.34,
31.93,
22.29,
18.05,
17.83,
16.83,
16.15,
16.57,
17.82,
18.4,
19.74,
24.91,
25.51,
25.33,
26.93,
27.98,
36.15,
43.74,
87.46,
101.46,
42.21,
36.55,
31.49,
24.49,
23.45,
24.75,
22.54,
20.84,
21.13,
20.49,
17.35,
15.21,
13.06,
20.37,
22.79,
24.06,
25.46,
28.92,
35.35,
36.87,
41.51,
61.2,
88.58,
62.64,
55.45,
43.36,
38.21,
28.4,
25.71,
27.39,
27.81,
24.36,
23.69,
22.93,
22.96,
28.19,
30.2,
28.2,
36.59,
48.8,
51.79,
51.75,
89.17,
56.89,
83.89,
155.64,
100.52,
61.78,
40.77,
37.73,
47.89,
47.32,
31.96,
33.35,
31.9,
29.93,
28.81,
26.9,
29.17,
29.97,
28.18,
29.71,
32.34,
38.5,
45.47,
56.94,
181.2,
198.31,
64.85,
57.15,
50.4,
47.32,
40.35,
40,
43.58,
44.69,
54.62,
36.98,
29.17,
27.91,
27.73,
28.01,
29.6,
45.82,
54.79,
56.38,
41.85,
38.95,
44.72,
51.44,
66.07,
72.15,
84.19,
180.74,
139.29,
99.12,
73.38,
50.89,
51.36,
39.81,
38.77,
32.29,
28.43,
27.95,
28.19,
28.41,
30.31,
32.61,
48.04,
41.07,
27.2,
23.24,
23,
22.47,
23.86,
25.21,
27.06,
33.39,
35.33,
46.76,
39.89,
30.94,
28.83,
26.01,
27.37,
30.03,
39.84,
33.69,
34.3,
35.58,
26.67,
36.67,
30.85,
28.52,
27.96,
30.1,
28.41,
26.47,
33.28,
37.72,
43.16,
44.28,
41.56,
45.09,
43.21,
49.36,
42.24,
44.46,
40.58,
24.3,
24.33,
24.19,
24.25,
24.32,
25.08,
24.64,
26.2,
37.8,
36.85,
34.62,
30.37,
28.15,
24.89,
24.55,
25.01,
29.59,
39.21,
44,
44.44,
43.58,
40.81,
32.2,
23.72,
24.47,
23.8,
23.12,
21.36,
20.73,
19.44,
18.51,
19.06,
21.31,
22.59,
22.98,
22.04,
23.17,
30.48,
34.41,
36.86,
46.77,
52.15,
49.61,
52.93,
51.23,
47.57,
30.81,
22.49,
24.57,
22.55,
20.29,
19.73,
20.52,
21.17,
22.4,
30.02,
46.97,
42.97,
38.33,
25.9,
27.6,
25.39,
25.35,
24.15,
23.84,
23.89,
24.97,
24.42,
24.63,
26.85,
22.45,
21.37,
20.23,
18.57,
18.27,
17.98,
18.33,
18.89,
22.07,
21.89,
20.24,
22.05,
23.32,
24.26,
25.36,
28.85,
29.05,
28.96,
28.65,
39.59,
38.21,
36.46,
28.18,
24.35,
25.05,
23.47,
24.61,
22.71,
20.08,
19.05,
20.06,
22.17,
22.36,
20.77,
19.87,
19.67,
20.14,
19.94,
19.83,
20.09,
21.05,
22.28,
23.13,
25.16,
26.94,
30.86,
31.68,
30.59,
23.23,
20.64,
21.95,
21.88,
19.77,
19.48,
19.51,
22.24,
23.64,
23.77,
21.54,
20.87,
21.27,
20.84,
20.62,
20.91,
21.82,
25.02,
29.2,
43.06,
47.06,
45.43,
37.63,
38.3,
26.43,
24.27,
24.62,
23.48,
22.77,
22,
22.14,
21.48,
23.66,
23.31,
24.75,
24.08,
23.26,
24.84,
24.17,
24.64,
24.9,
26.84,
38.56,
44.1,
34.62,
33.77,
28.76,
28.48,
23.45,
20.46,
23.44,
23.34,
22.99,
22.61,
23.56,
22.3,
21.84,
19.54,
19.26,
19.87,
21.23,
23.32,
24.69,
26.77,
33.52,
32.56,
39.79,
29.36,
26.95,
27.42,
26.64,
24.56,
22.21,
20.39,
22.55,
22.94,
20.7,
19.93,
19.35,
5.98,
15.48,
1.58,
18.16,
19.53,
21.36,
23.5,
25.39,
26.15,
26.2,
30.8,
34.16,
38.66,
47.85,
45.3,
49.72,
48.46,
36.13,
30.89,
28.39,
29.45,
25.58,
24.33,
23.28,
25.07,
28.77,
29.24,
26.64,
27.43,
31.74,
33.76,
33.65,
35.2,
34.81,
30.89,
31.28,
33.02,
37.86,
37.61,
36.47,
35.1,
33.41,
27.54,
23.63,
22.25,
22.36,
23.22,
23.5,
25.57,
38.44,
48.09,
43.64,
58.03,
51.13,
48.12,
49.55,
44.26,
37.78,
28.47,
23.7,
25.46,
26.19,
23.71,
21.65,
20.25,
19.05,
19.44,
21.71,
21.56,
20.18,
19.5,
19.58,
19.74,
21.52,
21.41,
20.89,
20.4,
21.61,
22.6,
23.11,
23.52,
24.02,
25.1,
31.28,
35.63,
40.1,
40.91,
35.53,
26.38,
24.72,
24.96,
22.95,
22.52,
21.65,
21.35,
21.54,
23.23,
33.47,
38.72,
36.68,
23.25,
28.32,
28.21,
25.82,
25.01,
22,
21.72,
25.32,
33.23,
41.76,
40.17,
35.99,
35.06,
30.77,
38.7,
30.35,
25.94,
24.15,
23.39,
23.87,
28.45,
25.12,
30.8,
45.01,
41.7,
50.07,
43.23,
28.59,
26.63,
25.68,
28.66,
32.95,
30.35,
30.44,
26.42,
25.42,
24.37,
25.01,
24.62,
24.49,
23.06,
22.4,
21.99,
21.21,
22.4,
22.72,
22.3,
27.25,
25.25,
30.12,
31.36,
31.94,
31.93,
38.91,
41.38,
41.38,
40.93,
39.06,
36.82,
35.62,
32.26,
28.77,
28.68,
26.06,
28.95,
24.61,
26.03,
18.11,
-14.44,
17.54,
23.75,
20.03,
22.24,
25.14,
28.17,
30.97,
32.18,
33.24,
34.15,
40.97,
64.34,
57.34,
50.44,
60.99,
53.68,
45.33,
37.56,
35.02,
34.64,
31.43,
29.62,
30.03,
32.91,
36.99,
32.43,
38.63,
43.09,
49.56,
55.6,
69.04,
94.08,
126.12,
206.76,
189.7,
224.7,
171.93,
81.35,
72.92,
94.27,
73.5,
61.6,
46.81,
44.23,
42.03,
32.98,
31.65,
33.93,
40.36,
37.06,
39.27,
36.99,
50.43,
57.25,
70.55,
104.73,
119.68,
121.66,
121.12,
207.43,
174.63,
151.27,
98.76,
120.87,
58.83,
51.36,
52.99,
52.06,
49.47,
47.29,
44.26,
50.36,
89.99,
66.68,
52.3,
47.62,
51.65,
62.88,
70.61,
79.16,
108,
95.84,
116.51,
100.73,
67.26,
61.63,
52.52,
44.78,
41.21,
40.19,
37.65,
39.62,
35.09,
32.79,
31.86,
31.83,
35.25,
35.47,
42.8,
53.85,
47.18,
41.82,
41.15,
39.08,
35.85,
37.43,
34.24,
35.12,
33.48,
32.25,
31.3,
31.26,
31.09,
33.95,
29.48,
28.89,
27.5,
27.33,
26.98,
27.84,
35.82,
40.9,
39.52,
42.87,
34.12,
34.58,
29.22,
27.56,
25.62,
25.21,
25.26,
25.35,
24.84,
23.36,
23.53,
22.2,
21.49,
20.56,
21.6,
20.71,
21.02,
20.73,
20.57,
21.16,
19.59,
19.71,
22.52,
22.79,
23.13,
22.43,
22.96,
23.95,
22.41,
21.63,
21.58,
21.36,
21.29,
20.25,
23.1,
20.78,
20.27,
17.33,
19.44,
18.67,
18.04,
17.8,
15.83,
15.54,
15.61,
10.41,
-41.91,
7.61,
17.33,
20.09,
20.7,
19.08,
19.2,
19.15,
20.19,
19.08,
19.22,
22.63,
24.9,
25.66,
24.01,
21.04,
18.74,
20.49,
16.35,
15.17,
16.39,
16.19,
11.95,
-4.32,
16.06,
16.1,
21.06,
23.24,
21.21,
21.02,
23.84,
26.91,
29.85,
32.46,
36.57,
52.91,
51.92,
43.99,
28.21,
23.09,
22.67,
22.36,
21.99,
22.35,
22.52,
22.85,
25.1,
23.81,
24.77,
28.42,
26.99,
27.73,
28.1,
34.1,
43.3,
59.64,
104.6,
100.32,
42.62,
33.69,
28.99,
29.96,
26.09,
23.16,
24.89,
24.79,
22.53,
17.87,
19.42,
21.98,
25.9,
24.64,
26.66,
27.13,
32.21,
41.34,
47.83,
49.19,
69.51,
200.81,
175.32,
269.73,
131.56,
53.78,
43.99,
37.01,
34.25,
32.46,
44.66,
49.17,
37.68,
30.77,
29.56,
29.24,
36.42,
41.28,
42.56,
44.7,
32.56,
33.01,
30.37,
31.05,
30.57,
26.61,
26.34,
25.54,
25.45,
24.05,
23.99,
23.19,
22.57,
21.4,
21.96,
25.21,
25.76,
24.61,
24.77,
23.13,
23.53,
25.08,
29.19,
35.08,
32.89,
33.21,
29.36,
27.98,
28.72,
28.3,
28.38,
35.03,
41.15,
37.63,
34.81,
35.3,
26.46,
27.6,
28.81,
26.73,
26.47,
25.57,
25.82,
23.63,
23.94,
23.95,
24.4,
25.09,
26.03,
27.61,
27.04,
26.74,
27.59,
27.13,
27.45,
27.49,
30.28,
33.16,
32.49,
36.24,
38.38,
40.38,
38.01,
31.36,
30.94,
31.02,
30.49,
29.22,
28.13,
29.23,
40.28,
35.97,
35.98,
32.14,
32.15,
33.58,
29.18,
33.13,
38.55,
41.79,
41,
37.82,
36.94,
38.44,
36.5,
34.44,
33.47,
33.3,
33.11,
31.3,
31.91,
31.55,
33.17,
29.64,
34.76,
38.97,
34.5,
33.36,
31.87,
33.11,
34.14,
33.96,
32.32,
33.47,
32.42,
32.79,
30.51,
29.66,
27.94,
27.8,
29.22,
29.34,
28.18,
26.98,
27.68,
29.16,
27.67,
29.09,
31.19,
30.67,
29.95,
29.53,
31.01,
43.84,
40.97,
37.61,
39.89,
35.86,
34.08,
29.78,
29.16,
28.93,
27.88,
27.76,
27.06,
25.25,
23.29,
23.86,
25.15,
24.05,
29.19,
51.41,
51.5,
33.99,
33.47,
30.5,
30.21,
33.36,
41.16,
50.73,
72.35,
87.28,
75.17,
69.65,
62.46,
43.2,
42.5,
37.82,
37.74,
38.58,
31.5,
29.92,
29.68,
30.81,
31,
31.02,
31.27,
30.64,
30.42,
30.48,
32.22,
37.01,
40.47,
45.87,
43.55,
56.24,
53.21,
47.89,
46.13,
46.24,
34.64,
30.84,
37.13,
45.46,
37.97,
31.82,
31.42,
33.11,
46.76,
45.26,
33.12,
35.62,
42.57,
44.51,
50.45,
47.59,
44.63,
40.99,
44.15,
53.7,
54.9,
42.57,
34.66,
39.83,
33.05,
34.16,
44.79,
62.03,
52.61,
43.37,
46.45,
45.32,
34.66,
38.73,
58.84,
55.26,
48.66,
48.62,
54.37,
69.88,
87.38,
132.44,
235.77,
81.39,
54.11,
40.93,
44.09,
34.59,
32.87,
61.31,
39.55,
32.35,
34.3,
31.69,
54.02,
46.99,
37.9,
33.98,
35.17,
36.75,
36.55,
35.25,
30.63,
30.82,
33.4,
36.14,
47.49,
58.64,
53.65,
46.13,
44.77,
43.17,
41.17,
38,
34.75,
31,
30.08,
29.51,
28.12,
28.44,
29.4,
30.24,
30.97,
29.15,
29.41,
29.15,
29.97,
34.75,
32.68,
30.17,
30.47,
32.15,
33.06,
34.43,
37.34,
31.79,
30.01,
26.94,
24.52,
25.98,
23.75,
22.91,
22.47,
23.93,
28.1,
30.98,
30.33,
30.13,
33.47,
35.5,
32.93,
37.11,
39.42,
43.16,
67.5,
84.5,
68.35,
53.39,
49.59,
47.32,
38.23,
31.48,
30.56,
28.73,
26.1,
25.19,
24.61,
24.29,
26.35,
27.65,
27.71,
30.33,
29.55,
32.1,
35.51,
36.94,
36.31,
39.66,
44.92,
46.15,
44.53,
48.72,
41.23,
48.15,
38.83,
33.32,
32.23,
28.5,
26.87,
26.54,
25.77,
26.36,
32.45,
35.72,
36.87,
30.16,
27.52,
28.26,
33.2,
40.9,
47.13,
49.78,
49.93,
41.62,
43.47,
41.92,
40.88,
41.01,
40.27,
57.21,
58.62,
35.3,
30.24,
31.24,
30.75,
31.26,
37.43,
54.18,
66.2,
63.7,
50.63,
54.6,
60.91,
53.75,
46.01,
46.08,
56.87,
75.31,
67.12,
58.95,
42.45,
37.29,
31.86,
32.92,
32.14,
32.38,
32.13,
32.27,
31.16,
30.09,
31.97,
31.19,
32.17,
31.2,
27.67,
27.57,
28.07,
27.64,
28.82,
30.58,
45.7,
57.19,
57.18,
34.29,
34.72,
32.22,
34.46,
29.83,
32.37,
28.45,
30.71,
28.31,
28.93,
27.61,
28.89,
26.62,
33.53,
38.68,
29.97,
28.32,
27.88,
27.78,
27.52,
27.94,
28.46,
29.11,
33.08,
46.85,
49.2,
42.56,
30.48,
29.97,
29.85,
31.01,
29.68,
28.99,
28.42,
30.94,
31.52,
29.52,
31.11,
31.7,
33.75,
36.24,
37.1,
40.89,
55.15,
55.18,
60.77,
69.02,
63.52,
51.63,
43.56,
36.19,
32.15,
32.02,
34.82,
36.09,
33.27,
32.56,
32.55,
34.02,
33.86,
32.72,
32.79,
32.39,
32.6,
31.73,
32.83,
34.21,
37.85,
42.04,
61.96,
80.01,
47.89,
42.6,
33.87,
31.11,
31.05,
30.06,
31.84,
33.43,
31.05,
30.57,
30.09,
30.62,
32.74,
41.43,
51.43,
40.41,
31.33,
30.23,
28.73,
29.23,
29.94,
33.6,
33.98,
46.98,
45.93,
43.98,
41.94,
37.81,
37.71,
37.26,
41.79,
33.21,
30.89,
29.07,
29.76,
30.08,
40.36,
34.08,
45.91,
43.95,
34.03,
36.53,
39.53,
49.73,
53.28,
50.66,
46.29,
47.77,
39.08,
35.25,
34.74,
30.37,
33.11,
32.66,
33.66,
31.23,
32.01,
32.02,
31.97,
30.61,
30.29,
36.19,
35.11,
32.28,
28.82,
30.41,
31.24,
33.18,
36.04,
33.87,
34.06,
36.49,
36.85,
36.85,
36.88,
34.94,
28.97,
30.08,
30.7,
26.97,
24.23,
25.1,
23.31,
22.77,
23.88,
25.12,
25.18,
24.17,
23.1,
23.39,
22.22,
21.28,
22.12,
22.58,
25.81,
30.64,
39.74,
37.82,
37.78,
31.13,
34.51,
26.64,
25.25,
23.82,
22.79,
22.43,
22.14,
22.27,
22.58,
21.4,
23.82,
27.8,
35.2,
32.37,
26.24,
28.28,
28.28,
30.09,
30.62,
32.11,
33.72,
39.93,
42.13,
35.63,
31.81,
29.4,
29.52,
28.98,
28.7,
27.75,
28.16,
29.59,
28.37,
30.38,
34.62,
37.98,
31.53,
32.88,
29.66,
29.9,
29.77,
29.04,
30.88,
34.72,
43.26,
41.56,
36.07,
28.16,
27,
25.16,
23.5,
23.17,
21.95,
20.27,
20.99,
22.58,
23.34,
24.07,
25.45,
25.23,
26.99,
25.81,
25.41,
25.63,
26.42,
26.56,
27.14,
28.45,
29.38,
29.38,
29.77,
28.76,
26.98,
27.03,
28.32,
27.46,
27.2,
27.8,
28,
29.68,
30.25,
29.75,
29.3,
30.59,
34.41,
37.93,
38.08,
34.13,
41.77,
38.5,
37.11,
34.01,
36.3,
34.6,
34.51,
31.94,
32,
31.58,
29.96,
27.27,
26.04,
26.76,
31.03,
31.46,
31.51,
46.32,
49.69,
44.75,
33.2,
35.07,
31.08,
31.21,
34.33,
32.58,
33.27,
34.99,
36.59,
37.38,
42.29,
36.91,
40.66,
36.8,
36.93,
30.74,
30.99,
29.55,
30.17,
29.99,
30.46,
31.33,
33.07,
32.23,
32.74,
33.36,
32.79,
35.41,
40.43,
41.72,
62.51,
91.39,
63.08,
53.18,
42.6,
40.73,
31.07,
29.64,
31.27,
31.31,
31.01,
29.58,
30.8,
29.1,
29.15,
30.62,
31.97,
32.36,
32.98,
38.65,
45.04,
51.51,
52.12,
51.86,
44.14,
45.52,
50.18,
41.95,
43.75,
40.38,
35.43,
34.51,
34.32,
33.12,
31.67,
31.47,
31.14,
30.23,
30.6,
30.83,
30.84,
32.34,
34.02,
34.42,
36.22,
33.99,
33.56,
33.99,
33.61,
37.02,
37.42,
34.69,
39.71,
33.29,
32.05,
31.3,
30.59,
29.12,
28.24,
28.15,
28.45,
29.96,
34.01,
40.1,
40.6,
49.47,
42.57,
39.48,
39.42,
44.57,
45.32,
39.46,
37.66,
35.05,
37.69,
35.64,
36.62,
35.47,
33.01,
32.68,
31.72,
30.68,
30.82,
30.13,
30.3,
30.94,
31.91,
32.67,
34.37,
34.69,
33.73,
33.3,
32.88,
33.28,
36.55,
39.26,
39.98,
36.78,
40.71,
39.14,
36.79,
37.9,
35.55,
33.34,
35.17,
33.81,
35.01,
34.2,
34.05,
34.43,
34.95,
36.35,
34.09,
37.42,
40.76,
48.78,
90.92,
99.57,
110.81,
106.8,
126.15,
292.17,
191.74,
159.04,
155.46,
93.43,
65.89,
45.35,
46.58,
46.37,
43.1,
38.44,
39.12,
39.69,
46.6,
52.27,
46.74,
41.58,
44.02,
50.85,
57.7,
74.72,
88.54,
84.59,
67.89,
98.44,
76.97,
69.64,
76.04,
53.7,
50.3,
46.84,
52.35,
53.35,
49.26,
42.72,
40.33,
44.1,
51.28,
58.07,
58.07,
57.07,
54.63,
59.16,
81.37,
74.31,
85.03,
71.83,
74.36,
89.41,
104.39,
72.88,
66.44,
60.84,
65.35,
90.89,
158.16,
99.1,
96.49,
72.06,
87.26,
89.19,
97.27,
90.54,
99.76,
105.05,
92.21,
82.4,
65.58,
63.4,
52.39,
67.96,
68.41,
77.06,
86.34,
78.18,
62.38,
53.67,
37.71,
46.88,
68.66,
63.16,
64.61,
58.9,
45.57,
37.11,
33.97,
32.54,
33.43,
32.94,
28.7,
29.26,
30.02,
30.22,
30.33,
30.28,
34.61,
47.99,
47.72,
41.76,
44.7,
37.4,
39.03,
38.36,
44.09,
35.25,
35.77,
35.51,
36.2,
40.52,
34.53,
32.51,
34.88,
32.4,
31.36,
32.02,
32.43,
33.14,
40.08,
48.29,
61.7,
54.07,
61.27,
48.19,
46.78,
36.21,
33.47,
33.35,
33.58,
31.24,
30.8,
30.32,
31.22,
33.35,
34.02,
34.64,
48.45,
37.46,
35.25,
36.14,
38.98,
43.79,
43.46,
55.17,
62.22,
70.9,
62.81,
56.45,
60.11,
48.1,
51.97,
41.61,
38.17,
32.86,
33.34,
33.95,
35.83,
35.65,
36.5,
37.2,
45.1,
64.77,
61.17,
65.23,
75.16,
68.37,
75.95,
70.26,
111.1,
119.74,
95.01,
88.94,
72.6,
47.31,
50.43,
48.96,
50.52,
51.42,
39.05,
38.24,
48.52,
63,
74.38,
88.96,
77.92,
84.19,
74.24,
63.89,
53.4,
73.01,
99.62,
92.42,
61.13,
78.04,
88.14,
81.18,
89.4,
93.26,
61.99,
47.44,
45.42,
44.1,
38.07,
35.3,
35.12,
36.13,
48.16,
42.99,
49.95,
59.47,
68.48,
62.81,
54.53,
59.53,
64.7,
72.06,
73.45,
91.26,
89.24,
67.96,
58.7,
47.11,
42.32,
38.23,
36.61,
37.81,
34.02,
33.78,
32.99,
32.57,
32.64,
30.56,
30.7,
31.76,
33.64,
37.38,
40.11,
41.45,
46.53,
50.96,
59.89,
55.39,
56.63,
49.88,
47.94,
44.3,
38.48,
31.64,
35.65,
33.01,
33.41,
32.91,
35.56,
38.31,
40.13,
42.89,
45.75,
48.5,
38,
43.62,
38.47,
40.09,
39.61,
36.54,
36.28,
40.45,
39.88,
39.22,
34.61,
31.16,
31.43,
30.25,
29.77,
28.79,
27.92,
27.57,
28.85,
29.25,
30.46,
30.92,
33.23,
36.61,
38.17,
40.34,
48.02,
54.37,
63.8,
58.74,
44.33,
43.89,
41.64,
41.7,
39.05,
34.44,
31.38,
30.45,
33.89,
32.39,
28.69,
27.52,
27.74,
29.9,
34.12,
33.2,
35.33,
33.81,
35.02,
39.9,
49.63,
88.07,
115.83,
109.69,
160.66,
280.33,
300.74,
176.43,
95.03,
48.12,
40.97,
39.8,
47.71,
39.28,
34.81,
33.62,
33.8,
37.77,
41.59,
62.76,
39.36,
42.42,
43.42,
58.05,
63.79,
95.14,
130.91,
156.9,
215.16,
380.58,
303.3,
216.08,
173.46,
91.34,
43.36,
45.68,
51.1,
40.06,
35.8,
33.07,
31.81,
33.06,
37.86,
42.41,
38.75,
38.43,
47.28,
63.42,
85.27,
122.78,
115.16,
173.26,
134.26,
119.97,
125.52,
92.69,
102.44,
67.99,
48.98,
52.96,
47.08,
44.25,
39.75,
36.06,
38.31,
41.34,
47.05,
66.46,
69.26,
78.97,
50.21,
56.3,
79.85,
114.96,
121.77,
103.99,
103.52,
78.41,
70.71,
61.07,
54.23,
43.66,
41.17,
37.14,
38.8,
41.74,
41.07,
40.06,
36.65,
35.99,
40.77,
37.9,
40.19,
38.06,
35.81,
38.83,
35.33,
34.43,
34.72,
34.56,
34.75,
37.49,
35.92,
35.56,
35.68,
34.55,
33.43,
33.94,
30.4,
30.57,
28.38,
28.96,
29.5,
30.75,
31.01,
30.98,
32.36,
34.69,
36.17,
36.46,
34.25,
32.85,
32.23,
32.72,
33.09,
34.41,
37.97,
41.45,
38.37,
34.12,
33.88,
31.75,
29.67,
27.98,
27.17,
27.89,
27.97,
30.46,
34.99,
35.23,
37.26,
40.64,
46.91,
47.86,
49.98,
44.53,
42.38,
45.52,
93.95,
213.17,
88.83,
79.69,
70.23,
49.25,
42.97,
34.34,
34.92,
33.83,
32.29,
32.42,
34.44,
37.38,
39.3,
42.2,
40.62,
39.49,
51.82,
39.15,
35.47,
41.08,
37.15,
36.9,
36.34,
38.94,
40.9,
40.11,
38.41,
33.65,
31.79,
31.68,
36.09,
34.09,
34.56,
32.24,
34.3,
34.12,
36.83,
35.21,
37.52,
46.43,
37.12,
35.2,
33.63,
34.1,
31.97,
33.28,
34.49,
34.59,
35.14,
34.8,
34.43,
31.87,
30.68,
30.12,
29.51,
30.33,
30.32,
29.91,
29.96,
30.37,
32.41,
35.65,
33.59,
29.98,
30.26,
29.99,
30.57,
30.54,
30.51,
30.97,
43.1,
53.97,
46.09,
43.28,
49.82,
31,
41.02,
38.57,
32.94,
32.99,
28.97,
29.01,
29.39,
29.89,
34.87,
48.25,
37.48,
33.19,
32.03,
36.86,
40.66,
36.9,
33.15,
42.48,
43.51,
47.67,
59.41,
54.4,
53.68,
49.12,
49.68,
45.94,
31.69,
29.85,
31.63,
94.04,
29.9,
27.56,
27.96,
29.57,
33.95,
32.32,
26.46,
27.29,
28.94,
27.83,
28.3,
30.62,
55.41,
69.81,
65.52,
62.68,
64.46,
55.31,
55.43,
44.75,
52.63,
55.97,
61.39,
47.18,
44.96,
50.3,
162.28,
56.38,
53.14,
55.99,
49.86,
49,
49.19,
39.94,
33.26,
32.45,
33.74,
34.55,
33.84,
31.01,
31.25,
26.53,
31.47,
34.74,
30.4,
86.08,
36.84,
34.01,
33.36,
71.15,
59.54,
51.05,
37.95,
38.96,
34.84,
33.72,
34.89,
34.75,
33.32,
35.7,
41.13,
55.02,
58.14,
62.4,
41.72,
32.03,
29.26,
27.27,
23.5,
7.38,
4.87,
9.95,
4.69,
8.41,
37.76,
27.81,
26.81,
27.56,
28,
29.43,
31.59,
33.89,
34.44,
35.85,
44.95,
66.34,
67.96,
55.74,
52.89,
37.1,
32.14,
30.72,
34.84,
33.37,
30.58,
28.02,
29.23,
33.5,
34.43,
34.85,
33.9,
34.67,
35.49,
34.13,
33.9,
34.79,
45.07,
41.82,
52.4,
46.89,
42.12,
49.03,
54.2,
47.9,
48.76,
41.14,
43.61,
46.58,
39.71,
35.87,
35.43,
36.05,
45.75,
46.14,
52.56,
54.36,
53.16,
50.87,
49.7,
59.71,
52.79,
45.21,
44.23,
52.63,
51.65,
57.71,
48.3,
47.81,
52.67,
48.71,
42.05,
41.02,
36.73,
35.57,
35.82,
40.95,
58.76,
71.05,
69.67,
55.94,
53.4,
41.66,
44.02,
40.82,
42.65,
35.25,
52.49,
52.02,
43.74,
41.43,
40.76,
32.24,
22.94,
22.62,
27.42,
30.16,
31.63,
29.36,
28.42,
24.17,
31.98,
32.15,
31.7,
30.23,
29.6,
23.95,
16.7,
29.32,
29.71,
30.21,
31.63,
34.82,
38.82,
34.24,
31.96,
30.49,
29.6,
30.22,
28.92,
29.18,
29.13,
28.5,
28.16,
29.34,
19.48,
26.73,
23.23,
28.27,
30.38,
29.85,
29.74,
30.63,
30.84,
32.26,
36.96,
36.93,
40.43,
49.99,
55.9,
51.52,
49.99,
41.55,
36.91,
41.73,
41.94,
44.05,
47.23,
44.75,
61.53,
42.59,
37.25,
37.27,
37.83,
35.94,
37.94,
41.57,
42.92,
49.76,
60.93,
92.08,
69.84,
51.07,
45.35,
40.02,
43.58,
40.23,
41.12,
41.43,
45.92,
43.71,
47.6,
49.47,
56.58,
58.31,
46.71,
45.03,
41.24,
41.33,
42.63,
43.89,
43.87,
60.65,
66.21,
66.03,
74.08,
75.65,
68.55,
47.58,
57.68,
78.25,
102.81,
79.45,
61.87,
48.55,
47.66,
84.41,
52.26,
45.92,
46.55,
61.23,
53.67,
48.57,
38.82,
43.82,
75.48,
72.5,
77.42,
80.26,
90.81,
72.41,
64.4,
51.69,
54.27,
55.49,
51.46,
45.9,
47.77,
45.84,
46.29,
43.26,
50.87,
48.92,
51.63,
49.26,
48.83,
45.97,
45.78,
46.45,
51.82,
56.41,
69.21,
75.24,
59.17,
64.83,
58.19,
44.98,
46,
47.59,
46.01,
45.46,
43.66,
45.09,
44.72,
46.8,
77.09,
73.61,
73.89,
71.66,
63.83,
49.71,
49.48,
59.4,
54.55,
53.66,
61.41,
60.43,
50.1,
49.7,
44.88,
42.32,
40.85,
41.77,
45.98,
44.47,
44.58,
42.96,
42.5,
43.1,
46.96,
45.66,
45.73,
45.38,
48.97,
45.05,
43.48,
46.63,
45.82,
51.98,
53.81,
76.55,
59.92,
65.49,
60.15,
52.53,
64.41,
63.85,
70.28,
43.98,
47.57,
42.74,
42.86,
41.8,
40.89,
40.28,
42.21,
40.49,
37.24,
34.44,
36.43,
36.22,
34.13,
36.21,
38.64,
53.95,
63.24,
61.54,
54.23,
42.23,
43.89,
45.8,
41.94,
40.58,
40.59,
40.69,
40.91,
42.72,
73.26,
70.09,
53.98,
44.56,
40.3,
39.5,
38.81,
40.12,
40.27,
43.84,
47.67,
55.53,
51.24,
64.71,
53.61,
42.98,
42.95,
44.52,
39.74,
36.06,
35.03,
34.94,
34.36,
34.62,
42.59,
50.26,
44.63,
42.47,
36.91,
37.43,
37.09,
36.21,
36.51,
38.19,
47.08,
53.46,
66.19,
65.28,
56.4,
43.88,
45.41,
44.33,
42.7,
39.52,
39.55,
39.48,
38.73,
40.39,
54.19,
65.92,
66.57,
71.62,
68.99,
74.86,
73.35,
72.66,
76.9,
79.94,
80.05,
79.32,
84.01,
79.99,
82.92,
64.51,
65.39,
52.98,
49.37,
49.51,
44.19,
43.32,
50.85,
83.61,
57.85,
56.07,
46.92,
44.9,
45.53,
53.03,
54.54,
73.31,
73.93,
88.95,
92.93,
97.2,
84.03,
93.19,
68.33,
56.96,
45.57,
49.5,
44.62,
41.98,
40.47,
40.95,
41.39,
43.62,
47.5,
48.24,
51.84,
48.38,
47.5,
45.37,
45.63,
42.64,
38.78,
40.52,
46.62,
51.31,
48.86,
42.81,
36.98,
34.61,
33.69,
30.09,
30.22,
37.78,
39.3,
38.74,
39.65,
38.83,
41.72,
34.97,
36.45,
35.05,
31.87,
31.26,
31.18,
30.41,
32.62,
37.07,
53.92,
69.27,
73.32,
67.74,
55.79,
40.49,
37.27,
35.84,
43.57,
39.23,
40.61,
37.96,
36.56,
33.54,
35.68,
33.48,
32.62,
33.1,
34.2,
32.29,
31.21,
31.79,
30.13,
29.77,
30.55,
33.81,
38.33,
38.48,
35.6,
32.25,
30.28,
26.66,
27.62,
-8.28,
-22.57,
-12.02,
16.1,
27.65,
33.99,
39.8,
44.31,
40.16,
36.21,
35.51,
36.83,
33.2,
33.54,
36.81,
44.06,
42.01,
68.48,
68.85,
43.37,
37.71,
33.76,
34.42,
36.48,
34.61,
33.24,
33.56,
34.59,
38.71,
41.82,
53.98,
56.68,
61.59,
68.73,
72.52,
64.7,
73.71,
69.07,
70.04,
66.55,
76.65,
73.63,
72.37,
59.62,
53.2,
44.49,
38.67,
38.79,
39.99,
39.31,
38.87,
39.77,
42.19,
81.65,
61.78,
43.34,
38.71,
36.4,
37.42,
37.17,
38.34,
40.99,
46.64,
48.26,
47.86,
61.09,
64.69,
49,
55.36,
82.55,
74.67,
79.49,
66.57,
59.41,
64.96,
58.33,
45.41,
56.51,
64.1,
59.16,
40.45,
38.64,
40.95,
46.66,
44.68,
40.45,
42.1,
43.02,
54.5,
73.27,
76.62,
59.4,
40.56,
37.94,
39.56,
40.64,
40.71,
41.52,
40.42,
38.99,
39.24,
43.03,
60.16,
44.76,
40.14,
37.44,
37.3,
38.81,
40.79,
40.12,
39.27,
40.36,
59.17,
63.18,
63.45,
51.66,
46.3,
44.26,
38.17,
40.95,
44.18,
37.87,
37.92,
39.52,
38.96,
40.04,
43.29,
43.15,
39.79,
36.04,
32.1,
30.41,
29.7,
30.94,
34.41,
43.42,
61.03,
56.01,
55.27,
61.65,
51.46,
39.69,
33.05,
35.57,
35.76,
36.82,
37.97,
33.14,
36.31,
36.73,
41.17,
42.77,
44.84,
41.51,
39.34,
38.82,
45.08,
43.09,
50.48,
60.73,
62.77,
57.75,
62.17,
54.53,
61.66,
45.38,
45.49,
40.05,
39.89,
36.38,
35.33,
34.82,
36.9,
40.24,
66.61,
43.76,
44.42,
44.93,
45.29,
44.76,
44.25,
43.91,
48.95,
48.7,
48.66,
52.28,
60.42,
51.17,
47.51,
42.21,
40.2,
40.72,
40.17,
38.44,
37.82,
36.95,
36.74,
56.65,
69.59,
68.04,
53.76,
50.65,
51.71,
49.8,
66.78,
58.98,
72.73,
60.9,
72.5,
77.72,
82.38,
64.53,
56.42,
45.97,
43.73,
47,
45.49,
44.52,
45.65,
46.6,
45.94,
55.48,
72.11,
72.33,
56.4,
49.86,
46.23,
45.23,
46.85,
46.45,
48.88,
75.41,
80.64,
89.93,
68.49,
71.54,
59,
54.92,
46.59,
48.2,
51.35,
52.45,
50.05,
49.84,
60.55,
63.27,
85.05,
74.56,
51.24,
49.75,
49.42,
48.93,
49.22,
50.89,
55.42,
63.52,
79.64,
82.67,
79.11,
74.83,
68.39,
52.29,
42.97,
42.2,
42.31,
41.37,
40.93,
41.74,
45.63,
62.76,
76.21,
73.62,
67.35,
72.71,
69.7,
52.59,
69.53,
76.48,
73.55,
80.97,
88.89,
74.68,
58.24,
57.45,
46.68,
42.05,
41.48,
43.76,
45.52,
45.6,
44.35,
43.8,
43.79,
43.26,
42.92,
41.98,
44.13,
44.56,
50.39,
45.5,
43.8,
42.56,
44.21,
60.24,
67.7,
64.39,
72.26,
67.86,
47.47,
38.31,
38.84,
41.99,
43.62,
42.44,
43.49,
49.33,
45.66,
55.31,
77.84,
80.25,
77.27,
68.07,
71.38,
69.87,
71.53,
74.03,
72.4,
72.09,
63.53,
54.53,
77.75,
66.22,
51.99,
42.36,
45.26,
43.61,
42.33,
43.47,
43.71,
42.41,
45.29,
47.81,
71.52,
60.39,
64.13,
46.11,
42.89,
41.46,
46.57,
50.04,
49.45,
58.48,
83.47,
92.26,
67.89,
57,
46.71,
41.33,
42.61,
44.63,
45.1,
41.84,
42.09,
43.07,
43.95,
54.12,
67.93,
54.15,
44.25,
44.17,
43.23,
42.32,
43.44,
45.5,
54.54,
60.78,
72.25,
65.81,
69.82,
64.59,
29.01,
56.54,
48.28,
51.24,
51.55,
47.8,
47.2,
48.4,
49.58,
70.38,
96.4,
74.07,
47.78,
46.78,
44.37,
45.98,
49.25,
55.69,
61.24,
79.72,
81.42,
75.27,
75.18,
39.02,
22.09,
54.4,
59.24,
27.12,
26.47,
23.46,
34.36,
27.89,
26.66,
45.79,
81.6,
52.92,
38.41,
45.89,
55.17,
63.76,
85.13,
84.23,
98.99,
102.64,
89.75,
77.45,
86.57,
82.69,
99.55,
78.14,
56.07,
67.02,
74.17,
89.39,
73.26,
73.87,
84.69,
96.53,
130.65,
139.94,
74.42,
56.72,
61.51,
62.78,
87.51,
116.26,
124.77,
142.53,
166.68,
135.12,
111.87,
103.1,
89.24,
84.16,
58,
58.14,
74.28,
64.94,
69.82,
56.83,
53.07,
52.39,
65.09,
64.02,
63.05,
53.73,
62.08,
66.18,
51.74,
54.24,
69.9,
79.84,
85.07,
129.95,
112.87,
66.09,
36.39,
31.06,
26.14,
37.5,
29.44,
22.63,
21.4,
28.27,
33.75,
37.16,
37.25,
40.13,
34.92,
10.06,
8.51,
33.84,
35.45,
34.3,
37.39,
39.01,
45.88,
79.15,
31.72,
41.1,
47.42,
46.06,
47.2,
42.8,
35.85,
35.79,
34.91,
35.43,
39.89,
43.31,
47.83,
45.17,
37.1,
41.68,
42.36,
42.32,
43.64,
43.84,
46.41,
48.43,
57.77,
58.1,
55.12,
52.47,
46.88,
43.55,
41.25,
39.41,
18.85,
23.24,
37.56,
16.71,
25.09,
47.75,
49.47,
60.44,
33.26,
33.58,
38.55,
26.41,
31.18,
35.29,
38.73,
43.15,
55.71,
51.78,
54.13,
33.46,
25.66,
38.13,
38.15,
39.79,
33.83,
38.9,
40.36,
40.66,
41.94,
56.1,
63.57,
52.03,
43.09,
38.17,
37.43,
36.61,
37.04,
38.72,
54.08,
61.26,
76.03,
96.93,
70.58,
62.7,
65.37,
72.42,
41.91,
39.87,
40.38,
38.39,
33.59,
34.5,
45.66,
64.64,
77.67,
76.29,
70.76,
57.83,
49.29,
44.41,
45.12,
45.57,
50.24,
60.48,
65.71,
53.09,
56.93,
34.25,
69.15,
57.72,
44.8,
46.41,
43.45,
37.86,
35.86,
33.93,
68.05,
63.22,
65.71,
66.2,
58.13,
59.17,
57.6,
59.62,
50.02,
57.25,
52.83,
62.57,
74.45,
67.53,
61.1,
59.47,
44.26,
41.9,
41.3,
41.45,
40.13,
39.19,
39.75,
41.52,
41.2,
40.9,
41.9,
46.9,
46.15,
40.83,
41.74,
40.25,
38.33,
37.55,
36.77,
45.54,
59.14,
53.67,
59.49,
52.07,
48.39,
39.7,
37.39,
39.4,
36.41,
37.44,
36.19,
36.45,
37.47,
37.73,
37.48,
39.54,
34.91,
30.8,
32.19,
32.48,
31.15,
34.02,
35.38,
43.91,
62.03,
65.85,
66.95,
59.15,
45.36,
37.15,
34.66,
37.84,
36.71,
36.94,
36.04,
37.49,
38.35,
46.53,
76.85,
76.95,
78.69,
67.38,
60.02,
92.68,
80.35,
82.1,
80.34,
72.43,
77.09,
76.53,
64.24,
62.91,
48.7,
42.52,
42.31,
52.02,
55.3,
50.22,
45.39,
47.7,
47.81,
56.61,
69.28,
82.38,
83.08,
81.46,
66.88,
80.29,
87.42,
68.5,
79.49,
87.27,
79.84,
72.35,
52.87,
47.07,
44.65,
26.77,
33.98,
30.59,
39.55,
38.98,
40.1,
40.26,
40.7,
45.07,
58.95,
51.97,
45.24,
56.09,
58.92,
72.04,
51.59,
39.4,
42.08,
51.77,
56.93,
57.12,
60.95,
52.71,
59.6,
47.04,
37.54,
40.92,
46.13,
45.97,
46.56,
49.32,
51.43,
52.86,
73.79,
52.14,
40.98,
65.46,
54.36,
47.61,
46.2,
45.09,
46.45,
65.97,
106.21,
119.36,
82.67,
74.59,
64.35,
56.84,
68.88,
49.86,
50.28,
48.65,
50.74,
49.43,
53.59,
62.62,
76.41,
66.85,
65.67,
59.81,
52.07,
47.93,
54.52,
50.98,
52.66,
61.79,
79.92,
65.52,
55.64,
54.46,
46.98,
42.9,
44.26,
51.15,
64.86,
61,
56.02,
63.91,
73.35,
95.41,
55.73,
75.86,
89.61,
78.93,
86.85,
86.44,
92.63,
76.76,
67.94,
81.06,
70.72,
57.73,
68.54,
78.32,
71.05,
66.1,
62.61,
48.73,
41.55,
44.13,
46.45,
50.33,
47.35,
46.73,
42.63,
41.58,
38.03,
36.24,
36.51,
38.85,
40.86,
43.6,
45.07,
51.63,
67.4,
81.42,
63.63,
59.39,
53.17,
41.3,
42.3,
43.14,
40.79,
39.99,
38.84,
41.13,
42.81,
46.34,
88.26,
69.94,
44.17,
39.68,
37.87,
30.67,
28.87,
25.44,
27.24,
30.52,
40.04,
42.89,
48.71,
44.76,
44.46,
39.09,
27.07,
24.03,
24.13,
31.87,
36.63,
39.26,
44.37,
53.03,
61.64,
60.78,
54.57,
52.41,
45.89,
49.74,
60.84,
59.66,
59.67,
67.14,
80.9,
94.3,
80.27,
62.49,
55.2,
53.99,
59.35,
46.66,
44.54,
44.6,
45.38,
45.31,
47.41,
67.92,
67.16,
73.16,
51.09,
46.59,
45.11,
44.95,
46.34,
45.88,
45.61,
59.29,
83.92,
100.26,
87.74,
65.63,
52.29,
48.88,
48.88,
48.57,
48.55,
55,
55.65,
54.95,
56.82,
81.18,
90.74,
86.75,
75.57,
56.87,
54.83,
53.08,
55.65,
56.23,
78.71,
105.35,
106.89,
106.97,
111.09,
99.71,
102.65,
66.21,
60.18,
52.37,
51.06,
55.14,
60,
57.24,
63.06,
115.7,
182,
133.32,
83.25,
54.61,
52.03,
49,
47.63,
47.49,
47.1,
63.72,
84.18,
78.53,
75.69,
66.17,
76.26,
92.95,
55.79,
73.95,
124.82,
95.35,
64.23,
53.46,
83.77,
72.15,
75.71,
73.76,
49.18,
43.46,
41.71,
38.84,
37.51,
38.91,
38.95,
53.3,
87.6,
64.26,
65.38,
54.22,
58.95,
55.35,
50.6,
50.04,
49.54,
49.54,
54.05,
50.17,
52.02,
54.35,
64.18,
71.06,
53.7,
49.91,
46.59,
45.21,
46.4,
49.42,
49.42,
71.69,
80.52,
97.73,
90.33,
84.95,
70.84,
56.84,
62.5,
57.92,
49.3,
47.77,
48.52,
49.71,
57.01,
75.75,
90.97,
93.05,
62.77,
56.66,
46.46,
45.13,
46.38,
48.09,
76.06,
88.61,
95.85,
99.97,
94.03,
84.09,
78.44,
72.93,
63.06,
50.77,
76.48,
57.48,
46.61,
56.75,
68.45,
50.87,
71.54,
61.59,
59,
47.95,
52.09,
46.63,
44.99,
53.56,
54.7,
66.76,
71.55,
68.37,
63.96,
63.89,
47.32,
43.65,
44.62,
41.09,
42.77,
38.85,
39.15,
39.29,
40.03,
40.15,
44.37,
58.38,
68.8,
51.34,
39.86,
37.39,
35.57,
34.94,
37.7,
47.74,
49.39,
47.46,
42.91,
40.37,
36.95,
34.87,
33.99,
35.57,
35.01,
33.15,
32.52,
32.13,
32,
35.07,
38.43,
38.49,
34.45,
32.49,
30.4,
22.06,
30.31,
33.96,
35.39,
36.32,
50.1,
47.34,
54.37,
47.38,
38.26,
35.34,
33.83,
35.79,
36.36,
33.84,
35.69,
35.34,
34.8,
35.82,
37.21,
43.51,
41.38,
50.94,
52.59,
53.21,
52.38,
52.36,
50.26,
41.8,
38.75,
36.98,
36.94,
33.99,
33.63,
32.39,
32.02,
49.65,
36.92,
35.59,
36.13,
36.4,
44.51,
62.38,
67.58,
51.43,
37.91,
34.54,
36.17,
35.18,
35.71,
37.33,
39.83,
52.21,
56.12,
44.64,
45.97,
52.41,
44.79,
41.36,
40.11,
38.47,
37.31,
38.57,
36.42,
34.51,
35.18,
35.78,
36.65,
35.81,
35.25,
34.74,
35.81,
38.4,
42.11,
43.91,
61.94,
57.35,
59.8,
81.51,
76.74,
69.37,
65.51,
51.19,
41.28,
40.49,
40.95,
41.34,
40.72,
40.71,
40.75,
40.84,
43.29,
48.85,
43.35,
39.4,
39.98,
41.21,
40.44,
40.67,
42.84,
44.61,
50.83,
52.9,
48.57,
46.75,
41.99,
42.16,
43.6,
41.16,
43.12,
38.83,
38.69,
38.11,
38.11,
38.5,
55.56,
61.24,
51.28,
38.16,
36.17,
41.57,
39.61,
47.89,
52.59,
56.14,
58,
59.91,
66.57,
63.74,
55.81,
47.22,
61.8,
60.25,
43.62,
41.48,
41.17,
42.91,
44.31,
46.3,
71.53,
52.72,
43.76,
38.42,
43.62,
46.56,
47.89,
53.52,
58.38,
59.95,
58.56,
73.65,
67.46,
55.75,
47.2,
49.29,
56.36,
62.91,
70.06,
42.21,
74.58,
56.75,
44.77,
46.73,
60.03,
66.35,
58.93,
40.1,
40.16,
42.44,
42.08,
43.91,
45.15,
63.26,
58.55,
54.15,
56.87,
48.82,
42.51,
44.39,
42.72,
45.3,
36.42,
35.97,
38.6,
38.67,
37.82,
39.99,
57.31,
56.49,
38.13,
36.58,
38.67,
39.05,
40.24,
40.74,
43.53,
45.05,
55.98,
46.24,
56.03,
48.73,
46.06,
39.91,
36.37,
41.89,
41.13,
41.58,
41.65,
43.23,
43.7,
47.87,
62.72,
74.63,
70.86,
45.84,
41.73,
40.94,
39.97,
40.15,
42.36,
57.58,
60.99,
57.19,
60.24,
54.72,
48.48,
45.04,
41.63,
42.73,
43.34,
38.85,
41.55,
43.4,
39.55,
36.4,
36.62,
37.61,
42.61,
42.57,
41.61,
41.51,
39.82,
38.9,
39.13,
47.02,
63.18,
75.26,
69.93,
49.51,
56.51,
42.02,
38.24,
44.79,
37.09,
33.87,
32.8,
32.83,
32.44,
32.82,
39.25,
50.32,
58.22,
41.37,
40.25,
42.37,
44.1,
43.4,
46.14,
50.12,
51.81,
61.14,
51.79,
54.76,
50.9,
44.5,
38.38,
40.33,
41.19,
40.34,
28.89,
41.12,
38.61,
43.05,
70.48,
73.94,
74.61,
46.51,
57.56,
54.5,
51.02,
53.61,
60.07,
76.16,
67.56,
69.77,
72,
66.51,
68.3,
70.18,
67.76,
77.77,
70.07,
64.94,
59.71,
65.46,
68.23,
70.49,
85.67,
78.45,
71.34,
62.95,
44.37,
43.8,
46.12,
47.02,
48.99,
73.54,
77.68,
57.61,
56.71,
48.14,
54.21,
56.29,
45.85,
45.41,
44.63,
45.95,
49.46,
47.05,
50.09,
50.49,
49.49,
50.24,
52.29,
54.22,
60.02,
72.93,
64.14,
65.38,
78.94,
54.36,
52.61,
51.15,
46.9,
47.41,
47.52,
46.39,
42.74,
42.84,
45.88,
46.05,
45.95,
45.18,
44.89,
44,
46.2,
46.5,
48.29,
69.42,
80.79,
82.97,
80.89,
62.65,
63.54,
61.14,
57.03,
58.6,
56.68,
57.36,
57.02,
53.96,
49.42,
52.02,
52.19,
51.83,
53.34,
53.16,
53.36,
54.28,
72.07,
60.11,
54.17,
52.73,
48.39,
49.59,
48.91,
46.96,
52.34,
58.04,
77.9,
78.54,
69.07,
80.49,
81.07,
81.02,
63.45,
67.91,
76.65,
70.39,
64.86,
61.09,
61.08,
58.79,
58.69,
57.29,
58.3,
76,
101.6,
98.3,
114.61,
118.89,
116.72,
100.57,
132.11,
129.07,
93.02,
96.6,
96.23,
89.58,
85.28,
68.81,
104.02,
109.07,
96.17,
152.38,
92.55,
111.19,
156.97,
178.01,
153.83,
158.45,
150.33,
133.49,
85.08,
79.56,
81.93,
107.47,
126.98,
134.07,
131.66,
130.66,
128.4,
125.63,
110.42,
98.99,
114.82,
108.89,
107.64,
129.35,
129.39,
113.5,
128.9,
150.18,
158.63,
128.08,
72.35,
70.38,
77.4,
75.5,
81.12,
90.78,
108.95,
108.82,
98.99,
119.04,
123.31,
145.8,
164.62,
191.41,
135.85,
138.1,
217.72,
133.66,
101.92,
128.22,
178.9,
205.3,
161.2,
102.17,
165.17,
217.09,
98.41,
82.31,
68.67,
63.69,
83.43,
116.95,
109.17,
93.84,
94.27,
69.83,
64.53,
61.73,
55.83,
52.59,
55.43,
54.13,
55.75,
62.09,
97.45,
57.54,
61.27,
59.49,
58.67,
56.3,
69.09,
134.33,
64.51,
44.42,
48.91,
46.4,
55.42,
58.33,
41.89,
43.17,
39.13,
35.88,
34.46,
33.18,
30.94,
32.34,
32.43,
32.75,
39.08,
51.61,
40.62,
35.53,
47.41,
25.12,
11.83,
40.54,
48.87,
53.43,
65.04,
72.88,
63.11,
60.47,
62.23,
54.26,
54.99,
55.66,
55.84,
53.28,
51.65,
50.76,
52.21,
57.45,
65.22,
58.79,
91.46,
79.87,
74.54,
78.15,
50.06,
56.03,
56.77,
57.44,
117.75,
176.99,
109.74,
93.52,
62.79,
49.08,
46.51,
43.99,
45.04,
41.3,
40,
39.65,
40.08,
40.97,
40.99,
40.22,
40.21,
37.95,
36.9,
36.57,
35.14,
35.34,
37.67,
40.86,
68.22,
102.61,
79.51,
94.31,
82.45,
46.23,
41.26,
37.8,
39.18,
37.65,
34.82,
34.51,
34.55,
38.28,
45.76,
74.09,
54.42,
71.5,
69.48,
55.03,
41.38,
39.16,
35.13,
34.42,
44.42,
61.36,
48.9,
37.49,
45.04,
31.5,
26.25,
23.56,
26.48,
25.74,
21.87,
19.8,
21.96,
17.67,
38.18,
45.66,
33.78,
3.98,
-22.33,
41.41,
49.29,
51.45,
53.21,
57.69,
63.23,
92.64,
71.53,
65.93,
67.06,
65.91,
56.83,
53.92,
24.44,
34.07,
20.07,
32.47,
16.13,
42.43,
73.51,
103.8,
94.59,
102.65,
108.85,
125.72,
135.68,
127.75,
116.96,
114.77,
123.1,
137,
126.11,
107.41,
114.59,
114.54,
121.9,
128.52,
105.67,
109.76,
95.16,
104.46,
83.51,
87.72,
144.27,
159.64,
137.05,
147.86,
72.79,
64.75,
64.95,
69.31,
72.95,
84.07,
80.17,
79.13,
69.48,
71.69,
78.34,
72.64,
69.73,
68.03,
64.41,
92.46,
106.55,
95.49,
65.13,
63.3,
53.26,
74.76,
73.88,
78.91,
62.83,
44.17,
39.3,
38.78,
36.98,
39.79,
53.98,
65.11,
51.76,
61.32,
67.48,
72.77,
59.9,
38.23,
37.19,
36.16,
36.11,
35.34,
38.3,
36.58,
35.12,
35.22,
37.04,
48.94,
62.18,
68.95,
68.12,
44.44,
36.53,
35.73,
40.77,
45.97,
34.57,
32.22,
34.69,
31.13,
36.39,
31.1,
28.27,
26.58,
27.01,
24.27,
28.63,
38.62,
25.98,
29.78,
29.34,
27.98,
28.6,
23.45,
16.32,
26.3,
28.12,
25.23,
36.68,
50.78,
42.25,
35.39,
33.29,
32.16,
28.58,
27.2,
26.27,
23.81,
23.09,
23.1,
23.02,
22.78,
29.14,
29.94,
30.65,
31.7,
33.57,
33,
6.28,
5.34,
26.74,
32.52,
37.04,
41.77,
38.66,
33.76,
34.21,
28.94,
25.77,
22.89,
28.9,
26.89,
26.51,
26.14,
27.5,
28.21,
35.52,
45.34,
38.9,
28.46,
31.74,
22.73,
18.98,
19.79,
34.24,
37.69,
42.58,
51.72,
50.19,
48.5,
48,
44.51,
39.6,
36.19,
33.92,
32.86,
36.81,
38.23,
50.17,
49.79,
50.62,
53.02,
52.49,
39.2,
31.88,
31.09,
31.3,
32.55,
33.01,
35.65,
41.06,
50.38,
39.4,
33.98,
33.2,
32.61,
29.43,
30.59,
35.44,
32.33,
31.62,
32.32,
31.88,
32.98,
38.54,
43.39,
47.55,
46.66,
47.68,
44.33,
34.89,
34.68,
35.66,
47.17,
54.24,
73.98,
47.54,
38.83,
42.67,
38.24,
32.21,
28.26,
32.83,
29.65,
28.99,
28.95,
33.2,
52.23,
46.13,
46.79,
51.68,
29.52,
32.23,
29.49,
27.42,
30.32,
30.85,
42.22,
52.56,
72.18,
57.05,
49.55,
52.94,
48.19,
39.82,
33.49,
33.7,
30.71,
31.2,
29.2,
26.35,
18.28,
26.34,
28.88,
30.88,
29.16,
93.67,
84.82,
94.96,
101.02,
99.67,
82.99,
84.17,
85.23,
71.76,
65.41,
62.02,
52.22,
30.35,
24.84,
53.01,
42.43,
34.06,
39.34,
25.93,
43.57,
39.64,
32.15,
77.33,
71.1,
137.07,
144.5,
109.44,
69.83,
83.43,
124.67,
147.43,
148.18,
136.97,
133.92,
145.29,
146.09,
116.13,
34.3,
50.35,
87.69,
71.63,
69.45,
71.35,
59.23,
106.72,
128.53,
113.23,
83.72,
124.93,
107.56,
110.16,
103.78,
97.39,
135.81,
133.71,
147.51,
124.55,
131.81,
132.21,
118.18,
116.61,
147.93,
138.06,
112.77,
111.51,
129.95,
139.34,
128.76,
115.05,
153.11,
130.58,
101.62,
78.85,
67.95,
67.73,
70.99,
82.69,
86.83,
87.82,
90.45,
88.47,
109.04,
122.09,
79.42,
65.07,
55.75,
58.59,
52.48,
48.89,
50,
49.99,
49.99,
64.02,
72.34,
81.06,
130.91,
123.43,
103.27,
73.42,
68.37,
68.59,
78.06,
75.78,
76.77,
77.62,
77.82,
69.05,
65.41,
62.32,
54.38,
60.35,
56.47,
52.5,
52.77,
52.2,
24.72,
44.7,
66.74,
61.32,
33.37,
20.54,
44.12,
14.8,
70.2,
76.6,
79.81,
95.84,
92.58,
81.61,
80.32,
96.63,
102.15,
103.71,
105.97,
78.28,
45.12,
53.73,
58.65,
66.7,
81.86,
106.12,
107.14,
115.92,
172.05,
149.39,
132.17,
113.51,
102.24,
114.54,
119.15,
149.14,
106.42,
62,
57.22,
53.76,
63.05,
68.92,
72.99,
60.89,
47.94,
47.27,
45.91,
51.68,
49.34,
46.67,
52.92,
49.64,
56.99,
67.35,
81,
112.16,
84.2,
64.89,
61.2,
56.93,
59.76,
56.07,
40.86,
41.31,
40.45,
46.23,
42.14,
44.33,
43.21,
44.92,
43.42,
42.62,
49.22,
43.67,
52.34,
51.77,
47.03,
55.74,
63.71,
52.3,
46.98,
40.56,
39.89,
51.61,
49.31,
43.47,
40.78,
36.24,
33.13,
19.22,
14.18,
25.21,
17.65,
12.88,
25.04,
25.59,
41.74,
37.18,
34.46,
33.36,
49.88,
90.64,
110.72,
81.85,
83.07,
78.17,
85.95,
127.37,
159.65,
133.34,
98.07,
63.34,
74.36,
56.23,
75.75,
61.49,
44.67,
45.62,
49.05,
46.51,
49.59,
69,
70.66,
84.01,
85.08,
55.48,
44.4,
42.42,
44.29,
44.76,
53.65,
80.5,
100.2,
59.56,
51.51,
45.44,
40.08,
39.14,
37.73,
32.26,
32.09,
38.13,
31.7,
33.17,
34.43,
36.47,
35.34,
35.84,
36.1,
35.74,
36.08,
36.72,
37.15,
37.69,
39.04,
43.17,
48.31,
42.97,
40.23,
38.74,
38.85,
39.54,
38.78,
36.26,
32.85,
31.98,
31.85,
33.17,
35.04,
37.23,
37.04,
36.95,
37.23,
36.03,
35.91,
35.76,
36.02,
34.1,
34.55,
37.53,
39.71,
42.89,
38.45,
44,
37.28,
33.81,
31.38,
32.2,
31.08,
30.67,
29.9,
29.59,
31.96,
33.87,
33.21,
33.11,
33.2,
32.83,
32.22,
32.64,
34.07,
36.37,
40.23,
50.27,
45.95,
43.69,
34.62,
31.84,
32.15,
32.04,
30.5,
