TypeName, hourly.price.csv
Version, 000
MarketName, e.rt60gate5.hw1.isone.4001
MethodAlias,isoneexpress.finalrt.hr.web
Comment,Final hourly realtime energy prices scraped from isone isoexpress
StartYearUtc,2020
StartMonthUtc,1
StartDayUtc,1
StartHourUtc,5
StartMinuteUtc,0
PriceUid,dd84a579-9737-47d9-bf02-7a089e9c656f
Header,Real Time LMP Electricity Price (Currency Unit/MWh)
23.29
18.54
17.59
17.07
16.94
16.93
16.88
6.24
3.54
9.17
17.99
18.49
18.62
20.41
24.48
32.12
38.53
42.21
39
37.75
33.53
20.26
17.81
17.46
13.12
16.33
16.42
15.9
16.85
17.34
26.33
37.15
33.01
28.62
24.57
22.77
19.07
18.92
20.32
26.08
29.54
45.09
33.76
29.39
22.76
20.52
17.84
18.11
17.11
16.9
16.66
16.6
16.68
17.21
17.14
20.04
23.07
23.17
24.22
22.42
22.4
22.71
22.45
21.09
21.44
23.23
20.9
20.6
19.3
18.17
17.28
16.96
15.3
14.69
14.78
15.04
15.57
15.57
15.51
17.72
21.69
29.57
27.68
30.72
30.67
31.08
31.29
33.64
29.25
32.08
30.78
24.35
22.69
20.7
19.65
19.64
18.51
17.91
17.76
16.73
16.84
15.83
16.65
16.08
16.8
15.74
18.1
18.5
18.97
18.2
17.4
21.15
27.25
44.26
40.79
37.73
33.67
26.22
20.57
19.3
17.33
18.06
17.31
17.38
17.97
22.37
45.43
54.05
41.03
37.81
41.51
43.61
42.59
29.94
26.93
36.69
32.12
39.58
38.28
28.04
32.07
27.77
20.08
11.07
18
18.12
17.82
17.68
17.66
18.41
22.96
26.34
24.88
21.49
22.35
20.71
16.67
21.87
20.56
20.26
20.41
22.99
23.27
21.37
21.76
22.27
20.58
17.71
17.22
18.31
16.49
18.22
18.7
19.75
25.99
36.25
31.05
25.51
24.48
24.57
22.36
23.6
24.16
30.3
27.81
33.84
34.24
35.7
32.51
23.95
20.26
18.93
19.08
18.95
14.29
18.94
19.7
20.83
35.28
42.55
26.87
20.3
17.68
18.5
17.99
19.07
22.28
33.1
49.17
43.42
43.85
44.57
33.66
41.92
21.03
19.15
18.53
18.41
18.03
17.75
17.82
19.47
33.28
44.34
39.2
25.72
29.9
33.95
31.91
31.23
27.56
17.16
23.98
58.6
24.61
19.43
16.61
15.84
14.36
9.41
13.69
13.06
12.73
13.93
13.96
14.67
14.89
15.09
20.54
22.45
11.7
3.29
1.24
1.42
8.36
12.65
13.22
15.05
22.81
16.76
15.4
13.51
6.63
5.35
6.61
13.9
14.13
12.49
12.72
8.43
13.12
14.81
19.71
22.14
15.19
15.72
15.54
15.75
16.77
28.31
30.65
39.68
35.5
33.22
32.65
29.72
25.29
19.46
16.38
16.09
16.12
16.38
16.39
21.92
24.63
35.82
32.85
32.69
38.1
35.89
43.42
45.13
48.45
48.84
48.62
50.87
49.24
37.01
32.76
25.48
24.78
19.7
20.03
19.39
19
18.58
19.39
22.21
35
41.66
35.75
38.43
26.35
29.75
23.39
22.54
29.74
30.61
42.84
43.75
33.87
29.54
23.76
21.21
19
19.77
22.34
22.21
21.37
19.63
21.8
27.62
34.63
36.96
29.96
22.12
21.08
20.61
20.93
20.45
19.93
20.51
22.77
27.27
35.21
25.51
28.59
23.01
19.68
18.59
18.53
18.74
19.39
18.74
18.35
18.17
19.34
21.72
42
26.09
37.39
25.85
26.63
27.93
28.18
31.78
32.77
65.72
58.05
34.54
27.16
24.25
22.6
20.35
9.91
5.51
8.1
17.5
17.97
20.4
22.72
26.68
24.9
18.54
3.99
12.05
3.36
11.4
37.37
44.18
45.27
45.38
43.66
40.63
41.08
39.3
36.88
37.25
37.32
39.27
38.4
39.32
38.62
28.58
38.35
44.91
50.61
56.44
62.78
81.21
80.89
70.27
76.31
75.12
87.41
132.95
122.77
96.23
66.25
49.67
37.15
38.03
43.02
49.01
51.49
41.38
43.58
55.99
45.49
44.86
44.89
36.99
36.45
36.48
35.76
33.64
31.7
34.14
46.69
82.84
50.64
36.71
32.16
30.14
28.09
28.89
31.2
32.5
30.01
32.44
31.17
28.93
32.2
30.6
32.72
31.01
37.8
37.93
36.32
35.79
36.99
39.71
43.95
55.97
51.47
45.26
42.5
39.75
32.92
35.18
36.2
36.05
37.18
36.3
37.95
41.92
63.86
62.19
45.87
38.54
35.74
35.52
35.64
34.63
34.1
35
32.41
35.07
47.86
46.23
51.29
45.43
27.29
26.96
40.8
39.07
36.37
49.89
55.69
41.8
59.77
54.22
39.13
30.44
23.1
22.29
19.58
20.03
20.74
21.29
21.82
28.14
26.96
23.89
26.89
24.07
18.32
15.54
21.22
20.47
19.75
22.59
26.09
31.36
29.72
30.44
23.58
21.71
18.79
19.15
19.48
19.27
19.88
20.06
23.52
32.23
31.78
29.56
21.88
23.74
21.38
21.33
18.47
17.88
17.8
17.88
18.1
19.22
24.79
29.94
25.59
18.21
15.99
14.64
15.08
15.48
15.49
15.64
16.1
17.49
16.83
15.8
15.26
15.49
15.92
14.88
16.68
16.44
14.89
14.41
14.34
13.92
14.17
16.05
22.67
27.25
32.33
33.75
29.65
24.92
23.91
22.55
21.15
26.37
22.65
22.42
22.17
17.2
15.87
15.51
9.94
14.81
23.2
21.43
18.51
18.32
20.96
24.46
23.65
22.18
15.57
11.32
15.32
15.93
17
26.24
34.31
42.06
39.15
36.63
32.6
24.12
15.2
13.04
6.22
5.7
9.58
9.6
13.64
14.54
22.02
20.15
19.69
20.33
19.4
17.09
16.49
17.14
19.15
20.94
23.56
31.6
30.99
24.77
17.49
17.41
16.26
18.7
16.65
15.89
4.04
14.2
5.03
7.59
16.74
17.62
16.95
16.39
18.2
18.83
25.68
19.3
19.98
19
17.99
20.26
21.28
19.65
17.49
17.38
15.05
18.53
18.3
17.21
16.96
16.66
17.22
16.19
19.2
22.84
24.27
17.06
18.33
16.84
3.16
15.29
15.7
17.36
19.45
22.24
19.91
22.65
19.29
17.51
13.95
16.23
19.19
18.22
18.24
18.34
18.92
18.16
29.26
30.23
22.42
21.08
19.09
18.43
16.59
16.33
17.22
19.17
22.12
26.89
28.83
26.56
31.13
19.67
18.43
25.88
32.93
19.97
19.81
19.49
21.62
26.46
31.12
42.27
27.8
27.62
24.3
23.72
23.47
28.11
31.39
30.29
30.72
54.76
43.4
33.1
28.16
23.1
17.92
21.62
19.67
18.82
18.58
20
19.01
19.83
19.68
21.96
23.63
28.6
23.45
22.41
25.77
24.22
24.38
22.94
26.01
32.96
32.57
34.5
24.4
22.31
19.31
23.1
18.59
17.87
17.74
17.67
17.74
19.83
18.52
18.32
19.75
19.41
16.58
17.67
20.21
22.89
22.66
28.13
31.53
35.19
30.61
24.15
18.39
17.86
18.51
19.53
19.2
18.77
17.57
17.75
17.57
18.92
26.66
27.6
23.26
22.96
21.6
23.1
23.62
22.15
18.79
16.92
16.37
24.34
29.58
28.89
23.08
22.65
17.26
12.24
15.41
17.04
16.85
16.98
17.62
19.54
34.6
36.46
18.98
18.07
18.62
18.37
18.4
18.06
17.94
17.16
18.04
19.36
20.47
19.76
17.03
16.13
2.32
-0.97
-1.52
-10.5
-3.45
3.32
9.64
15.17
20.68
30.91
16.84
16.67
19.82
18.54
17.66
17.46
17.26
18.11
18.43
22.98
22.38
24.84
23.3
19.82
19.51
17.92
16.94
16.62
16.93
17.65
18.73
24.68
27.58
28.54
21.37
22.71
21.7
23.51
26.95
29.57
24.94
22.8
20.91
23.47
23.65
25.56
31.13
44.48
33.62
22.89
19.77
19.05
18.49
17.41
18.79
24.09
44.39
37.44
43.6
54.41
47.65
46.91
54.63
48.13
41.76
33.46
27.77
29.93
32.25
27.72
38.12
35.05
26.16
20.47
22.39
22.8
25.98
22.69
22.82
20.22
21.52
24.13
21
19.78
22.38
22.02
21.85
22.09
21.49
21.62
21.13
21.49
22.48
21.56
19.34
18.27
19.23
18.76
21.42
20.58
18.69
18.57
18.67
20.14
20.19
20.28
22.62
19.92
21.42
20.12
20.16
21.26
20.99
18.92
20.55
23.51
25.19
19.83
20.43
21.08
17.56
17.03
18.09
15.6
1.26
10.47
15.32
17.33
27.04
32.28
32.65
28.95
30.82
31.83
26.91
23.95
22.95
23.02
21.9
26.76
26.83
27.17
22.04
18.54
15.83
14.88
15.43
3.59
1.74
12.2
14.4
15.97
19.83
19.2
20.34
20.84
18.95
20.64
24.41
20.79
19.54
18.42
22.69
19.82
20.08
22.5
21.48
19.67
13.65
9.97
13.51
15.46
15.08
14.99
15.01
22.71
28.91
32.31
20.5
15.19
14.04
-5.1
-1.87
10.92
16.15
16.64
18.06
23.34
27.76
27.32
17.95
21.86
12.16
-3.54
4.39
14.39
14.23
14.61
14.92
12.14
23.49
21.98
22.86
24.31
26.2
31.4
27.53
31.62
28.51
27.61
23.06
29.82
35.44
35.15
31.42
22.41
19.82
18.83
18
16.61
15.97
17.63
16.4
19
27.68
30.75
21.94
19.26
12.61
8.67
7.56
-6.72
11.73
21.91
23.84
22.91
24.98
20.96
20.85
22.94
19.35
14.93
15.78
16.92
19.24
17.92
18.11
19.14
21.27
22.59
20.81
20.84
20.42
19.07
15.76
13.94
13.76
16.89
16.65
19.88
21.61
20.54
17.52
17.72
17.96
18.55
31.56
22.5
24.41
19.64
23.93
25.33
26.02
27.46
22.57
21.32
21.11
26.54
29.96
21.35
18.62
18.39
19.2
24.55
27.25
36.17
22.06
19.36
17.79
17.5
17.37
17.2
17.12
17.77
18.24
23.1
29.2
28.95
22.15
18.67
17.14
16.9
10.28
14.5
15.58
16.36
18.64
32.95
24.94
21.9
21.97
20.59
23.23
20.53
18.1
18.24
18.08
17.82
18.1
18.39
20.76
23.58
25.02
23.69
27.61
29.73
30.4
30.94
24.23
21.21
18.64
21.83
19.61
18.67
18.07
18.05
18.01
16.92
13.9
15.24
7.08
-10.84
11.28
15.44
18.87
25.27
20.75
14.32
10.21
8.06
-5.4
3.33
-10.42
16.32
18.2
21.04
25.46
19.06
20.14
20.45
16.08
6.9
9.16
14.38
16.6
17.77
18.1
16.28
17.7
22.62
18.58
16.53
20.53
21.39
21.29
21.35
21.25
21.35
21.18
25.11
24.12
22.8
25.04
24.64
21.69
16.29
14.56
17.27
18.69
22.5
22.64
24.61
29.14
30.49
21.79
21.92
21.08
21.36
19.82
19.87
19.41
19.87
26.74
35.02
41.19
27.92
20.69
22.1
21.89
19.86
22.22
22.88
20.54
19.97
20.52
26.99
34.26
33.79
22.05
18.37
16.78
15.93
13.76
8.36
14.3
15.33
17.31
34.57
37.34
32.09
31.06
26.73
21.65
16.68
16.17
16.22
15.69
15.56
15.98
17.18
17.54
17.66
16.02
15.72
15.7
15.54
15.03
8.55
10.65
13.68
12.85
15.91
19.94
26.17
31.86
27.33
18.26
16.97
15.97
17.23
17.12
17.33
23.34
33.23
34.27
42.18
23.4
16.77
15.59
15.77
15.24
15.24
15.49
16.87
24.1
27.75
30.47
22.94
23.39
17.22
15.8
15.42
15
14.71
15.15
14.98
14.57
15.49
16.73
19.91
20.35
16.56
16.71
17.06
16.26
16.18
16.07
16.3
16.63
16.93
17.61
19.2
20.29
20.63
17.21
14.78
11.79
-5.77
3.82
5.77
11.05
14.32
15.43
19.52
19.04
25.89
27.13
19.4
17.36
16.76
16.47
17.18
22.61
28.34
28.33
20.33
17.19
18.85
17.24
16.6
17.7
15.42
15.19
14.49
13.82
13.59
21.72
29.83
31.59
27.95
18.49
15.26
25.41
18.95
23.55
16.36
21.96
29.01
37.12
35.83
30.76
28.35
21.98
19.17
14.54
14.76
14.86
14.94
14.54
15.64
24.5
25
16.06
14.8
16.13
16.06
15.44
14.29
15.69
16.79
17.69
24.94
28.95
27.55
24.49
20.97
18.32
17.41
19.56
17.26
15.2
17.25
17.25
17.85
21.19
18.28
16.91
15.26
16.37
17.85
18.46
15.42
12.47
14.58
16.55
19.28
24.69
19.29
20.18
19.28
18.25
18.25
16.21
16.33
15.64
15.21
15.26
13.21
16.09
14.3
13.48
13.94
15.96
11.46
12.5
11.81
12.61
14.08
21.35
21.93
30.69
24.05
21.78
16.71
18.14
25.65
19.16
16.73
18.37
17.11
22.99
28.39
34.03
24.56
22.42
18
16.83
16.65
15.16
13.77
13.27
13.65
16.73
24.2
27.36
20.17
17
16.31
14.54
12.95
9.9
12.68
11.99
10.45
8.86
13.96
20.06
23.64
16.28
14.47
13.76
13.52
14.15
17.19
29.78
23.74
22.92
27.82
26.8
26.75
22.38
18.99
14.63
14.39
14.29
13.9
12.5
13.25
13.84
13.65
20.11
25.29
23.18
19.62
25.07
23.56
15.24
12.61
12.79
13.85
18.95
25.08
18.28
22.12
15.54
16.96
13.1
14.73
11.17
9.68
11.86
8.39
11.56
12.5
14.94
19.64
13.04
12.48
12.14
10.32
11.64
11.92
12.09
12.85
18.79
16.06
24.53
24.84
23.9
21.6
15.67
13.49
14.18
14.22
14.26
14.46
14.33
14.92
23.19
20.72
15.59
14.75
15.2
15.44
17.74
23.18
27.63
26.31
29.33
23.37
24.59
15.84
15.37
17.33
15.84
15.3
14.33
13.72
13.95
13.77
14.43
14.79
17.31
21.05
17.8
15.88
15.25
15.4
12.64
12.09
12.05
12.6
20.4
27.48
28.85
20.36
22.24
22.29
20.21
22.17
16.09
15.19
14.34
14.09
15.08
21.04
14.56
13.56
13.69
13.23
12.91
12.42
8.71
10.61
8.03
11.2
13.87
15.16
16.42
19.24
16.49
15.38
13.38
12.63
12.57
11.91
12.08
12.38
12.72
16.68
26.34
16.84
13.31
14.57
13.08
13.06
12.66
10.26
12.78
13.57
16.91
21.84
19.24
24.29
15.57
14.26
14.03
9.27
6.89
0.7
0.43
2.5
13.39
18.13
20.81
16.11
20.49
19.65
14.63
13.25
15.15
17.73
14.36
17.66
24.7
25.5
25.03
24.76
15.36
12.53
11.87
4.82
7.53
8.9
11.9
11.28
11.5
18.43
23.42
17.59
12.46
13.28
16.14
14.89
16.95
24.85
34.57
17.87
20.15
27.81
32.15
22.06
20.33
21.51
15.62
15.94
15
14.45
14.44
14.67
22.49
20.23
25.29
23.75
27.56
29.05
36.34
29.96
28.01
24.08
31.13
35.83
37.92
39.7
35.53
38.96
25.94
30.15
22.52
17.13
15.2
13.82
13.54
14.35
14.69
15.99
17.71
25.03
26.43
25.69
31.73
27.31
26.46
15.73
14.25
13.43
13.81
14.24
16.57
14.65
17.51
13.46
13.29
12.14
12.1
11.6
11.42
11.37
12.21
13.04
14.59
13.66
14.42
13.86
13.62
9.99
8.67
13.28
12.27
11.64
14.83
21.16
22.83
21.56
14.79
14.6
23.42
13.45
12.43
12.85
12.09
11.72
12.37
7.66
7.25
13.14
16.42
13.88
13.1
13.59
12.06
-12.59
-2.44
11.22
15.59
22.25
23.76
23.57
21.86
18.27
15.61
15.49
15.15
14.11
14.83
16.05
21.69
31.14
33.7
28.01
18.48
20.45
17.87
17.22
16.04
14.6
14.46
15.1
22.13
25.23
27.11
17.99
15.93
14.99
14.52
14.52
13.6
13.61
13.64
13.84
14.09
14.65
13.75
15.61
25.79
27.88
30.05
33.68
32.42
28.9
20.11
17.23
19
19.31
19.84
15.36
17.02
15.9
14.58
14.36
13.85
13.15
13.01
14.06
15.99
15.41
26.1
18.11
15.66
13.34
13.51
12.66
12.78
12.56
12.85
13.05
19.61
25.45
26.24
16.66
14.69
16.4
13.07
13.38
13.08
12.88
12.9
13.22
13.1
12.62
13.2
13.35
13.37
13.98
14.49
14.33
15.77
13.99
13.84
12.9
13.91
14.18
13.04
12.04
11.73
12.38
12.34
11.58
11.69
11.7
10.23
10.62
10.79
11.47
11.79
12.05
12.57
12.45
12.35
12.08
10.95
11.05
10.52
9.73
10.32
10.54
12.94
10.92
10.18
5.04
-0.04
5.14
7.39
0.73
10.06
13.72
4.83
-4.72
12.52
11.57
11.42
-0.12
6.56
10.92
-2.57
-9.45
-2.75
6.23
14.01
18.29
20.14
20.55
16.96
14.66
17.69
13.1
10.82
11.75
11.85
11.98
12.81
18.83
15.07
10.25
0.92
10.94
12.69
13.22
12.69
12.91
11.58
13.43
22.25
26.64
27.87
23.7
22.14
20.71
16.46
14.01
11.88
12.66
13.01
13.39
14.49
17.27
16.51
17.53
15.15
23.98
27.67
27.46
30.63
28.34
26.63
25.03
25.26
23.75
17.09
17.71
18.31
21.11
16.53
15.54
17.99
15.56
15.54
15.53
20.42
27.55
19.78
21.44
23.42
14.52
15.13
15.56
14.98
19.33
29.52
23.49
21.52
24.44
33.76
23.57
15.44
16.26
13.9
14.57
14.41
13.82
13.32
13.85
14.57
14.32
12.55
12.52
13.63
14.7
16.72
15.79
15.15
14.95
13.99
14.27
14.21
14.64
14.93
14.15
13.86
13.84
14.71
13.52
11.49
12.76
8.52
10.03
14.57
14.99
15.99
17.82
14.81
13.43
12.77
12.65
8.2
0.87
9.73
11.13
12.79
14.76
17.28
20.9
14.53
14.46
13.19
13.86
12.62
11.78
10.94
10.91
10.14
16.02
19.61
16.37
10.88
10.46
11.51
11.37
10.28
8.33
6.41
9.04
12.08
14.1
17.3
16.59
15.22
35.41
12.38
13.12
12.3
12.8
11.35
11.82
14.73
24.46
12.21
20.82
15.06
14.84
15.8
23.35
20.36
28.49
25.27
33.11
28.3
41.27
33.97
25.37
18.13
19.33
18.28
14.68
12.55
12.37
12.65
12.89
14.07
12.2
12.11
12.18
14.9
26.22
34.26
34.32
39.7
37.76
34.01
28.49
28.96
28.1
27.74
23.75
16.96
13.56
15.03
14.58
14.82
13.37
11.27
12.52
14.93
22.57
27.33
29.76
27.68
26.7
31.89
33
30.49
27.76
27.32
22.57
26.74
25.57
23.56
18.26
14.25
14.27
13.56
14.37
12.51
13.15
11.6
12.36
13.04
16.67
15.28
16.44
14.59
16.37
14.8
13.03
12.87
12.96
12.4
11.92
12.21
18.03
19
28.19
25.47
25.1
21.55
15.47
14.31
15
15.32
15.29
22.17
20.08
24.4
21.98
15.5
14.23
14.87
16.33
15.12
15.17
14.91
23.9
30.17
32.19
40.89
33.9
26.33
22.8
34.48
22.52
26.26
16.93
15.38
15.59
24.79
34.8
39.02
36.14
27.62
20.39
14.69
15.87
17.73
17.95
16.83
23.23
28.36
26.01
22.69
23.85
24.27
19.26
14.65
14.64
13.54
13.62
13.66
13.5
13.65
14.59
14.76
14.54
16.32
16.14
16.57
17.87
18
15.42
15.33
16.46
16.29
15.45
17.62
14.39
13.32
14.5
13.77
13.55
13.95
13.84
12.76
13.23
13.68
15.9
12.94
12.29
14.84
15.49
15.12
13.46
12.66
12.13
11.55
11.63
20.81
29.2
29.8
26.88
23.27
17.21
14.85
14.88
14.3
14.61
14.38
13.89
14.03
18.23
19.19
17.46
21.09
16.3
14.87
19.05
16.58
14.25
14.9
18.12
34.24
36.65
29.74
25.22
14.76
13.75
14.32
14.09
12.85
12.27
11.64
13.12
14.03
17.8
26.67
22.6
15.05
12.51
12.91
11.94
11.59
11.38
10.63
10.68
12.21
16.47
19.13
20.32
17.23
17.82
15.83
11.91
14.03
15.97
14.8
16.58
15.11
26.56
18.3
16.02
13.21
13.05
13.19
13.24
12.8
12.11
12.01
13.27
17.17
22.78
27.15
24.93
25.42
17.85
16.29
16.23
16.09
15.51
16.17
16.85
28.4
24.55
21.49
23.36
22.34
24.45
22.02
16.29
15.19
15.16
15
14.95
17.86
18.79
19.55
22.15
18.88
19.31
16.68
15.33
15.49
15.22
15.92
16.1
16.2
25.45
18.68
24.84
29.08
31.41
30.65
29.14
33.33
29.57
28.3
27.49
27.41
23.28
17.8
16.84
19.99
15.95
14.69
13.15
13.17
12.27
12.68
12.9
13.77
12.89
13.64
13.42
12.72
13.6
14.21
-3.98
7.02
1.47
13.97
12.13
1.46
23.18
26.21
25.83
25.47
16.27
13.36
13.58
13.26
12.45
12.76
14.08
19.99
23.68
14.47
13.25
13.07
12.19
11.88
12.19
11.34
11
11.32
10.97
12.27
21.93
25.32
28.15
18.07
14.07
13.97
14.01
13.97
13.8
14.01
13.47
22.27
23.79
16.21
13.31
13.5
12.4
3.52
10.98
13.06
10.43
11.76
15.34
19.79
13.12
13.07
13.51
10.57
9.48
8.98
8.55
8.36
8.32
9.05
9.15
8.29
8.09
2.44
9.07
9.61
14.61
15.62
16.46
16.52
14.89
11.72
20.79
21.28
16.83
16
15.86
17.4
12.24
10.55
12.25
11.9
9.94
9.11
11.1
18.71
21.59
22.05
18.95
15.59
16.13
16.38
18.15
16.69
17.38
19.56
23.15
26.72
33.29
37
45.87
32.66
20.1
32.11
21.77
17.11
16.41
16.31
19.08
22.94
26.4
22.25
21.64
19.81
16.03
15.34
14.86
13.77
11.84
8.96
12.22
14.1
15.66
16.82
18.1
14.95
16.05
14.98
14.7
14.71
14.34
14.21
12.94
13.13
13.23
14.89
15.21
13.98
13.96
14.51
15.4
14.48
13.31
5.35
10.93
14.18
15.92
22.39
19.53
15.78
14.55
10.44
14.78
14.23
13.65
13.56
13.87
15.41
16.99
23.21
16.32
13.96
13.65
13.09
13.11
12.28
11.9
12.34
13.01
15.06
19.92
21.59
26
18.05
16.52
17.45
14.66
14.6
14.84
14.7
14.59
14.31
13.83
14.56
20.38
20.51
24.06
25.38
25.2
22.95
20.41
20.38
26.87
27.24
27.56
25.65
22.03
27.46
28.81
16.98
18.26
22.15
18.67
17.84
24.04
31.7
25.87
22.61
32.62
19.08
14.33
13.85
13.79
13.28
13.18
12.76
19.85
23.03
30.18
33.03
40.45
18.68
28.95
14.33
13.63
14.29
12.14
11.47
12.4
12.49
12.19
11.35
11.55
10.99
13.01
15.55
19.5
21.95
13.89
13.44
13.66
14.66
16.67
16.86
16.95
17.78
17.45
16.32
14.6
15
15
14.9
15.04
15.75
15.93
16.75
15.4
14.7
16.47
28.09
22.77
26.81
26.52
24.9
25.67
25.47
25.35
15.81
15.75
15.52
14.36
14.08
14.51
14.32
13.89
13.8
13.77
14.71
14.48
14.89
14.73
15
17.45
17.34
17.56
16.81
15.43
14.27
14.9
16.7
22.58
22.62
25.22
18.91
17.48
14.87
15.22
15.02
15.63
15.66
17.01
22
29.37
21.66
20.48
16.15
25.05
18.03
16.61
20.19
17.04
15.2
15.46
20.7
21.35
25.62
24.68
22.08
20.32
16.33
13.19
13.16
16.8
16.78
17.07
16
16.82
19.65
27.63
24.07
23.39
25.7
28.44
27.76
18.36
16.66
16.4
18.3
17.55
27.27
30.86
23.5
23.97
16.89
16.83
18.25
17.01
16.87
17.24
18.8
18.52
17.64
20.41
19.44
15
14.66
13.67
9.76
1.96
7.86
13.51
15.62
23.59
30.51
30.46
21.37
15.88
15.98
15.7
16.12
17.46
16.15
15.62
15.46
15.45
15.28
14.5
14.76
18.29
20.45
18.93
19.04
25.36
27.11
26.94
26.82
29.64
25.91
21.96
18.52
15.12
15
9.98
13.33
10.11
10.72
13.62
13.46
13.27
14.3
17.71
16.34
18.25
17.35
18.33
17.62
17.31
15.88
18.13
17.83
21.32
17.41
16.49
16.92
7.47
8.18
14.47
15.15
15.06
15.07
14.4
17.31
25.56
26.06
16.59
15.59
15.36
14.17
14.27
14.28
14.19
14.55
14.66
14.79
16.51
22.44
22.64
17.05
15.41
15.28
14.98
14.57
15.11
14.48
15.13
15.34
18.46
18.03
15.74
14.77
15.1
15.09
15.28
15.27
15.15
15.54
19.98
25.49
25.95
23.87
19.04
15.71
14.81
14.46
14.13
13.25
4.31
7.63
13.5
13.8
12.83
14.02
16.14
25.83
26.04
23.98
25.82
25.18
18.73
13.79
14.01
19.45
20.21
16.25
17.37
13.87
5.03
11.7
12.65
14.18
15.1
14.36
13.58
7.52
11.87
13.79
15.61
15.25
19.25
19.06
16.08
15.16
15.35
13.73
13.08
13.62
14.23
15.1
16.13
14.84
14.48
13.27
12.97
12.46
13.32
11.93
12.22
15.34
12.48
12.38
9.5
-0.27
3.22
11.34
11.09
11
10.61
10.5
13.61
21.03
26.08
27.82
33.45
25.52
24.1
13.59
9.85
11.95
12.8
11.55
11.89
12.13
10.62
10.61
11.92
11.43
10.93
10.99
10.19
7.3
8.92
9.13
10.09
11.12
23.31
26.64
29.42
24.34
21.66
18.13
13.06
12.48
11.78
12.05
12.79
12.21
8.88
9.87
9.88
9.91
11.62
12.6
20.1
24.06
17.25
17.58
13.27
13.8
18.9
13.91
13.98
14.4
15.72
16.16
13.35
12.57
12.3
12.68
12.29
12.85
15.66
14.65
12.64
12.3
12.29
12.29
12.33
12.34
12.72
13.32
15.44
14.36
18.74
15.97
21.65
22.26
18.75
16.41
14.65
16.31
14.96
14.3
15.34
16.48
15.28
14.08
14.4
14.25
15.11
18.64
18.39
20.67
19.51
20.86
20.7
21.23
19.06
16.97
17.59
17.56
15.59
18.54
14.81
15.1
14.76
14.71
15.51
17.87
15.82
15.21
14.52
4.57
11.42
14.34
15.28
14.23
13.68
13.55
13.5
14.59
18.06
17.75
23.75
24.48
17.25
15.3
15.08
13.82
13.87
13.75
13.68
13.49
14.14
9.27
11.25
12.24
12.97
12.36
12.28
22.64
27.49
24.15
21.82
25.99
25.24
25.79
25.62
25.44
19.29
16.7
13.92
16.29
16.78
15.22
20.21
19.86
22.4
23.2
14.64
18.22
12.69
12.55
13.47
13.76
13.53
12.13
12.7
14.2
20.48
17.35
15.46
21.26
17.8
13.37
8.89
11.21
11.07
11.14
10.47
10.8
11.39
10.62
6.04
8.9
10.43
10.99
10.96
-5.35
0.5
9.1
7.16
10.22
10.79
11.73
13.73
13.26
10.98
8.94
-10.22
9.3
5.79
10.3
8.92
9.28
20.07
7.8
11.32
11.15
13.2
22.91
26.32
21.96
16.2
13.01
13.02
15.92
14.59
12.99
12.32
12.49
11.44
10.99
11.99
13.23
11.54
7.25
8.51
18.01
15.7
15.22
13.1
11.39
12.5
11.58
12.06
11.64
11.57
7.72
11.75
12.21
13.32
13.3
14.02
14.61
14.16
12.83
12.68
13.37
11.65
11.69
11.96
11.56
13.14
16.86
12.69
7.94
10.81
11.47
11.06
11.08
3.33
6.27
4.79
13.16
19.14
15.01
14.13
14.25
11.21
8.5
5.68
9.95
10.97
10.54
11.54
11.1
11.84
17.66
12.31
11.53
12.83
16.29
-9.06
3.79
8.1
8.37
9.17
14.25
15.75
18.04
24.42
4.85
16.92
14.92
11.8
12.31
11.91
11.62
11.52
11.46
11.18
11.64
15.69
12
2.17
5.64
9.24
10.21
10.17
8.7
11.97
11.53
12.25
21.53
23.77
18.19
11.42
13.39
19
21.57
17.28
10.48
11.43
10.99
10.33
9.3
8.4
9.63
10.21
10.11
12.4
40.1
13.99
10.42
11.5
17.54
25.48
28.22
23.68
17.73
13.11
9.45
10.23
12.85
18.59
10.09
9.04
10.26
10.59
10.97
15.3
12.43
11.35
11.01
10.39
10.18
10.45
10.22
10.73
11.42
18.34
19.7
27.13
23.03
10.2
10.22
10.63
8.48
9.58
7.93
9.84
12.58
11.15
12.89
19.87
24.18
22.06
18.54
22.22
25.98
25.78
26.22
21.02
17.27
23.15
19.72
18.03
25.34
16.09
14.49
13.51
13.28
12.47
13
13.01
14.03
13.92
12.89
13.02
12.63
13.25
13.28
13.06
12.96
12.99
12.92
13.43
17.38
25.23
21.58
20.26
17.95
17.73
13.97
14
15.58
14.92
14.3
15.95
15.56
14.35
14.4
13.74
13.28
13.54
13.91
14.33
14.42
14.21
13.97
25.69
25.02
26.28
24.43
22.75
24.49
23.26
23.69
14.57
7.85
9.22
12.14
14.62
21.24
31.92
20.34
16.35
22.5
31.52
23.58
16.77
13.57
12.78
13.03
12.78
17.65
22.28
18.83
17.61
15.76
8.78
6.05
5.63
9.48
6.19
3.2
3.25
7.6
10.94
12.08
16
13.82
16.19
21.07
19.91
20.69
12.1
11.07
12.24
18.74
18.18
19.35
24.67
22.88
16.91
18.6
17.52
15.44
12.73
12.78
11.65
11.18
11.88
20.62
24.29
25.14
25.22
24.99
25.94
25.86
21.21
12.32
11.84
12.53
17.36
23.07
17.95
11.46
11.04
10.93
13.11
12.7
12.52
11.71
11.71
11.24
9.52
8.4
12.09
11.96
11.22
11.13
11.47
11.25
11.59
11.81
11.84
13.24
17.91
19.9
21.23
18.45
16.6
10.27
9.84
11.67
8.19
5.13
10.8
10.95
8.41
9.68
11.02
14.27
17.36
13.46
15.86
12.37
11.63
11.67
14.83
19
21.74
17.16
21.25
20.44
18.97
12.58
9.65
11.79
12.9
13.6
12.65
12.09
14.5
14.15
13.76
12.15
11.45
11.95
13.41
18.21
18.04
18.82
25.6
32.14
34.49
31.76
30.64
34.71
35.5
62.83
54.09
46.06
23.01
22.11
22.19
22.01
18.8
16.14
16.03
16.97
20.28
25.32
19.87
16.78
17.12
102.17
131.41
120.58
52.81
23.87
26.28
23.01
23
22.12
24.16
21.58
20.09
17.42
18.69
21.04
16.87
16.83
17.4
23.5
17.03
15.8
20.2
16.9
25
17.9
17.22
17.18
16.28
17.95
16.97
15.41
14.5
14.05
14.48
25.28
21.73
17.17
20.55
27.28
18.81
15.91
15.8
27.87
22.48
14.58
15.31
16.9
31.55
27.55
26.73
27.84
28.05
28.91
52.04
86.21
112
72.59
110.53
128.46
87.56
35.61
22.82
22.31
27.13
36.39
49.08
26.38
44.87
30.41
23.48
14.93
13.23
14.32
17.3
28.09
39.99
31.94
31.6
28.41
25.48
21.45
16.97
16.97
18.62
17.16
16.15
14.48
14.16
12.75
11.32
10.65
11.25
13.44
13.01
13.64
12.46
13.82
12.87
17.61
24.62
18.86
23.51
26.91
26.76
27.35
14.19
14.16
12.48
11.64
14.58
15.78
23.07
27.56
9.23
-3.16
7.44
12.93
30.25
20.66
2.75
14.36
24.58
29.82
34.78
40.47
25.67
25.17
12.13
12.87
14.16
14.38
14.35
14.17
14.51
14.46
14.03
13.49
13.74
13.79
13.83
14.24
14.56
14.41
14.67
14.98
17.07
17.79
23.18
21.94
14.92
14.32
13.77
14.12
14.6
14.04
13.86
13.35
14.5
15.28
14.32
13.9
14.79
13.63
14.31
15.15
25.89
28.13
15.62
15.1
15.18
15.7
17.61
15.88
14.98
14.91
14.14
14.58
15.36
15.43
13.77
12.99
12.77
13.3
14.26
15.74
14.96
14.51
15.19
18.29
17.37
24.34
26.25
28.87
30.18
27.33
29.71
23.76
20.19
19.38
16.06
15.95
20.51
17.08
15.82
15.72
15.37
15.46
15.49
16.59
19.49
22.77
19.33
16.15
15.81
15.46
15.22
16.13
17.54
17.13
16.75
16.49
16.3
16.66
16.78
20.16
20.71
17.19
16.16
15.85
15.85
15.88
15.24
16.37
24.74
56.51
38.86
38.52
54.15
60.62
87.11
70.78
27.46
23.74
20.31
26.18
27.73
23.82
22.51
22.28
15.52
15.31
15.07
14.58
15.02
15.3
14.96
13.98
14.3
16.84
15.41
20.24
21.15
21.74
17.03
18.43
16.47
23.82
29.6
26.55
24.94
25.83
21.05
16.5
20.7
16.32
15.16
17.94
19.75
18.07
28.15
28.51
26.51
22.12
16.23
13.87
13.98
14.68
16.85
16.49
17.17
28.48
37.01
31.45
29.06
24.97
16.05
18.65
18.67
27.32
17.88
16.5
16.82
24.39
23.06
17.27
19.76
18.73
16.85
27.35
25.41
18.61
27.38
32.25
37.49
47.77
43.66
33.25
27.45
23.09
26.42
18.28
19.39
14.87
15.12
14.85
15.08
15.66
17.32
17.21
20.36
31.33
28.57
30.22
30.08
20.25
24.2
28.16
32.59
30.72
26.48
26.17
19.73
19.51
28.08
16.69
16.65
17.13
17.37
15.38
16.46
16.86
16.82
23.46
31.36
34.41
32.83
30.84
28.99
26.2
17.16
15.59
15.71
15.97
15.77
16.26
15.42
15.06
16.84
14.32
15.28
14.47
14.57
14.21
14.39
14.91
14.32
14.22
14.77
16.21
14.94
14.75
15.58
14.69
14.55
15.35
16.18
20.2
24.64
18.22
14.48
14.1
14.44
15.16
17.1
16.54
14.53
14.54
15.72
14.31
13.78
13.56
14.27
14.36
13.08
13.12
13.12
13.21
13.35
18.74
24.67
23.12
26.13
27.01
23.9
21.7
20.07
12.61
12.5
12.36
12.65
12.36
12.23
12.09
12.06
5.09
12.06
12.38
12.35
11.96
12.56
12.79
13.1
13.18
13.03
21.37
24.85
24.97
22.02
25.28
15.45
13.24
12.73
12.71
12.24
12.71
13.4
14.58
16.54
27.14
30.04
16.05
18.87
15.79
26.42
24.84
24.48
26.1
17.86
18.62
22.34
21.6
21.43
22.38
16.29
22.27
14.35
14.67
14.68
13.49
12.97
13.24
13.18
13.49
13.24
15.63
13.87
13.28
13.48
14.36
16.99
16.44
17.12
27.72
33.21
25.87
17.11
13.73
13.88
12.41
13.89
12.3
10.48
10.26
10.54
14.37
21.88
10.25
13.19
12.82
13.21
13.85
14.31
23.45
20.8
24.87
26.53
27.46
31.33
29.3
27.44
20.91
15.11
18.02
14.29
12.69
12.66
12.73
12.97
14.09
14.53
15.67
29.27
27.34
16.36
24.96
43.12
41.48
36.82
28.91
42.39
54.04
65.44
45.38
32.71
28.38
25.09
21.53
15.67
16.5
14.87
13.63
13.42
14.33
13.73
13.93
15.63
22.35
33.95
35.69
36.79
35.86
32.05
24.15
36.15
33.38
30.96
26.47
21.38
27.96
19.7
17.14
16.82
15.57
15.78
15.3
14.31
14.43
14.47
15.37
15.8
18.99
21.35
28.19
30.57
29.06
33.53
33.54
37.08
42.43
47.68
36.35
30.28
31.49
37.6
38.77
42.13
24.51
17.89
15.22
15.24
14.51
14.19
15.54
22.77
39.26
36.23
40.735
45.24
35.44
45.25
53.93
46.52
57.32
63.04
52.83
34.1
35.5
27.59
43.66
25.22
21.19
23.09
23.88
24.15
24.28
24.13
22.9
23.24
26.11
24.41
27.44
33.56
37.25
39.7
42.37
41.81
45.66
35.47
30.41
26.08
22.8
21.52
19.75
16.64
16.2
14.67
14.02
14.08
13.22
13.41
13.84
15.25
18.09
26.4
33.69
34.86
35.89
32.25
28.27
32.33
39.69
41.52
27.49
23.45
29.93
26.27
32.67
36.68
19.43
16.82
16.9
17.01
22.8
24.41
31.12
38.41
65.09
37.1
23.75
27.97
31.03
35.51
34.23
39.94
126.03
239.8
46.67
33.42
29.88
21.76
26.6
25.63
18.39
15.8
15.97
16.49
17.98
18.98
17.02
16.49
15.83
17.2
16.93
15.6
15.14
15.64
24.09
22.05
20.03
27.75
22.14
16.62
16.72
15.16
14.09
14.66
14.75
14.08
13.42
13.4
14.11
15.08
15.46
15.67
16.57
17.12
17.57
19.18
25.26
21.74
20.67
21.98
21.15
26.26
23.84
16.84
17.06
16.14
14.06
11.56
14.14
13.36
12.79
12.47
12.73
13.29
13.16
13.78
13.79
14.33
15.32
22.34
27.29
15.94
15.24
14.88
14.12
14.21
13.92
13.88
14.39
13.82
12.67
11.12
13.14
12.6
10.66
9.79
9.76
8.63
8.62
8.76
12.01
14.49
18.97
30.16
22.77
25.66
22.22
18.59
18
16.03
16.96
15.75
15.27
15.01
14.11
15.49
15.21
14.56
13.23
14.22
14.04
14.97
16.29
27.5
22.1
18.65
18.9
25.67
23.28
22.16
21.85
17.42
17.43
15.88
15.52
14.75
14
13.73
13.54
14.76
13.81
13.57
13.17
13.02
13.33
13.9
14.33
15.1
18.89
22.13
18.93
20.39
15.35
15.51
15.48
16.93
16.14
16.8
15.79
14.86
14.59
15.13
14.54
15.14
14.95
14.15
13.52
13.55
13.77
13.93
14.32
15.01
15.01
15.47
15.66
15.37
16.43
20.37
19.91
19.87
20.23
18.21
16.05
14.97
15.1
14.89
14.83
14.53
11.76
13.18
10.34
-9.04
-12.7
13.2
13.51
13.97
14.02
14.35
15.29
17.22
18.56
20.61
25
57.45
152.52
111.97
33.75
21.24
20.65
17.18
19.11
24.31
23.78
16.99
15.49
16.07
17.24
15.83
15.63
16.42
23.88
24.02
24.29
27.08
26.69
25.37
24.53
29.11
26.2
23.05
19.48
18.18
19.18
15.32
14.29
14.2
13.27
13.33
14.38
13.7
12.7
12.81
13.17
13.57
13.14
13.25
13.49
13.71
14.92
16.03
17.42
22.91
27.17
28.26
25.51
21.26
18.34
20.59
18.81
16.31
15
14.5
13.85
13.9
14.26
11.08
12.21
13.68
13.75
13.44
14.79
16.13
14.1
16.55
18.07
29.3
33.07
32.59
26.08
26.56
26.52
25.95
23.94
16.84
15.93
14.77
13.65
14.01
14.13
14.95
14.59
15.63
16.61
17.63
18.83
18.49
21.49
20.55
24.84
25.09
24.38
21.92
19.46
17.63
17.05
16.75
15.45
22.47
14.93
13.62
13.1
13.67
14.42
13.48
14.48
15.64
15.81
15.83
15.57
16.42
16.72
17.6
19.88
21.25
18.76
18.31
16.27
15.98
15.23
14.1
14.43
15.58
14.6
14.34
14.16
11.66
15.1
15.62
15.81
16.8
17.26
17.44
17.81
17.87
20.09
29.25
20.81
20.92
23.43
26.3
24.66
23.01
18.49
16.66
16.23
16.31
15.01
14.14
13.8
14.07
14.49
14.54
14.95
17.23
19.08
18.88
21.84
24.93
35.42
32.26
38.65
56.31
99.77
62.96
38.81
31.34
29.81
22.98
24.82
21.86
17.81
16.54
16.17
15.76
16.32
19.21
19.69
28.4
29.49
22.37
28.43
29.47
28.94
27.85
26.12
22.11
19.19
18.85
17.69
17.58
19.64
17.96
19.07
20.25
17.06
16.74
16.12
15.87
15.85
15.74
15.68
15.57
17.06
20.11
22.62
24.56
27.83
26.32
23.3
27.24
28.24
29.41
25.04
23.53
21.71
18.21
16.82
20.34
18.88
16.86
17.2
16.98
15.64
14.38
15.36
15
17.14
15.65
15.88
15.74
15.75
17.28
18.24
20.85
28.57
31.41
28.62
25.2
25.83
18.02
15.52
16.97
17.06
17.52
16.86
17
15.75
15.9
17.2
23.83
18.95
18.65
18.7
28.61
32.41
22.07
26.49
65.83
67.54
37.44
32.15
33.66
22.66
24.03
21.44
21.67
18.23
17.61
16.88
15.81
17.16
18.41
21.6
24.9
26.14
30.87
23.01
28.65
29.68
27.84
28.22
30.59
24.38
22.7
22.93
17.05
18.19
17.64
16.68
17.24
15.12
14.41
14.83
15.3
16.13
18.74
20.78
24.57
23.74
19.95
19.62
20.25
18.8
19.92
22.14
23.27
22.27
25.42
26.46
19.01
17.37
16.09
15.48
17
15.73
13.61
14.4
14.84
15.08
14.73
15.14
14.01
15.48
15.7
15.75
16.51
17.81
16.46
18.82
19.75
18.66
18.9
16.36
15.27
14.27
11.03
11.38
13.17
9.68
8.55
7.45
4.58
7.36
10.67
12.55
14.54
14.97
15.95
16.46
16.67
22.5
18.49
14.37
17.08
17.58
20.37
27.11
22.93
17.25
15.48
14.47
12.39
13.99
13.87
12.84
12.52
13.91
13.09
12.3
10.27
12.03
15.87
17.33
17.75
18.55
18.01
19.73
23.14
24.52
25.58
27.29
24.41
23.82
18.55
16.37
16.2
16.01
15.26
14.99
14.44
8.88
3.48
10.13
6.3
13.93
17.12
18.39
20.56
23.87
26.43
24.52
26.2
30.13
28.14
24.78
25.38
25.07
21.88
23.73
26.06
26.13
22.19
18.64
19.57
21.22
20.93
31.23
35.26
20.81
20.62
22.2
27.1
37.87
29.26
27.66
26.28
38.62
54.74
42.28
34.12
27.14
20.53
19.39
21.45
23.11
20
18.2
17.12
17.58
18.55
20.39
21.65
20.47
22.44
20.23
23.36
28
24.99
24.26
34.18
34.23
27.42
27.61
25.85
24.57
19.06
23.43
18.57
16.18
16.13
17.38
16.73
17.92
17.92
18.2
20.87
21.18
17.08
16.99
19.74
21.1
24.26
34.68
47.63
81.41
41.86
30.24
27.74
26.16
27.14
25.32
18.01
17.01
15.56
16.08
17.68
16.77
20.58
18.91
19
20.64
32.03
41.68
32.73
38.79
35.43
69.93
107.31
31.33
29.14
27.24
26.19
24.27
25.86
22.44
18.79
18.09
17.99
16.19
16.12
18.36
21.87
23.68
23.1
26.21
17.41
17.69
18.81
20.94
22.35
22.1
20.37
19.89
21.69
22.59
20.31
19.94
18.94
17.77
15.66
15.92
14.49
13.99
13.75
13.65
13.35
14.37
15.02
15.24
15.78
16.63
17.41
18.08
26.82
21.98
27.66
36.36
30.71
28.47
25.51
23.33
24.47
16.66
16.63
16.28
15.39
14.79
14.12
14.4
13.53
13.54
13.52
14.78
17.45
18.13
18.08
17.85
16.97
19.52
24.39
27.52
28.14
20.8
19.47
17.53
17.41
16.7
17.62
17.65
16.39
15.68
15.1
15.82
17.66
20.63
21.57
21.41
25.09
23.63
30.46
54.21
45.27
46.16
84.75
143.24
124.41
99.12
45.58
37.71
26.05
31.87
30.08
30.43
25.27
20.69
21.74
25.26
56.16
35.19
36.67
63.29
50.1
49.5
60.71
72.8
55.66
38.88
47.62
38.26
54.49
35.45
25.33
32.67
21.5
21.99
24.05
25.05
19.14
17.3
17.14
16.99
17.7
18.98
19.95
18.89
20.49
28.9
36.11
26.57
35.5
28.94
35.66
42.15
38.29
31.3
28.76
27.43
30.69
24.29
25.13
24.85
21.08
20.65
21.69
24.12
30.98
35.45
21.56
22
23.17
23.32
39.14
30.66
26.83
31.66
28.72
24.26
24.26
22.85
23.4
25.83
25.07
19.53
23.08
20.5
18.66
19.45
19.01
17.12
17.81
20.12
21.39
19.26
17.98
20.92
18.24
20.17
23.01
25.67
33.02
30.74
39.4
32.48
25.07
21.07
20.11
18.76
17.62
17.32
16.28
16.06
15.98
15.24
14.58
17.9
17.09
16.67
22.11
30.04
38.77
37.45
30.67
27.78
34.11
115.22
139.86
55.19
32.81
29.5
36.33
39.77
34.59
35.25
24.4
18.99
16.04
15.66
15.46
20.33
24.32
29.53
39.31
28.3
25.1
21.4
29.69
35.72
26.11
31.04
33.75
32.3
42.7
35.94
33.49
24.32
22.73
20.95
18.84
20.56
21.09
31.59
22.7
41.8
45.29
25.84
26.9
19.09
22.39
23.01
22.98
24.54
24.97
32.09
35.59
28.95
29.65
25.56
19.21
20.37
18.35
17.62
17.74
17.47
17.64
19.06
18.49
19.79
21.02
23.25
38.1
39.94
38.69
37.61
32.12
23.72
18.89
16.4
16.81
14.88
13.84
13.57
13.74
13.77
14.35
14.15
14.465
14.78
15.5
18.52
15.51
18.43
18.91
17.56
17.57
20.68
21.55
20.09
20.61
19.25
21.06
22.72
26.27
21.47
17.23
16.1
15.89
16.18
17.4
16.38
15.56
14.25
11.95
3.97
14.46
15.41
16
15.35
15.8
15.23
14.72
14.74
14.6
14.99
15.56
17.81
19.28
19.09
18.46
15.91
14.75
14.64
13.77
15.55
14.66
14.41
15.48
16.94
15.81
15.94
16.61
22.88
19.3
16.58
21.27
24.52
20.61
31.08
26.68
26.22
26.59
27.01
28.73
28.37
16.36
15.99
16.07
15.97
14.7
14.5
15.53
16.63
16.01
15.52
16.56
19.23
18.21
16.12
19.94
28.75
32.55
31.67
34.35
50.79
61.29
42.25
30.94
24.59
26.39
17.66
18.31
18.05
16.87
18.26
16.87
17.33
15.96
17.08
16.45
17.42
25.52
44.95
45.94
37.14
37.09
73.16
59.07
98.18
120.28
60.36
37.23
33.84
31.19
19.6
21.24
20.97
19.26
20.15
21.84
22.36
26.62
29.66
42.11
41.87
34.82
42.93
50.76
63.8
89.7
98.74
131.59
168.84
111.31
48.32
39.99
33.01
31.15
30.39
40.45
28.74
20.06
18.27
20.83
19.88
20.6
28.26
30.07
34.93
33.4
40.89
45.82
41.95
41.72
43.28
41.03
53.31
48.5
39.62
40.02
30.9
28.38
30.07
35.98
31.89
33.07
31.23
32.34
36.19
53.86
42.95
46.95
42.75
35.8
38.16
38.01
48.98
54.01
46.83
61.53
92.76
77.89
58.32
55.93
42.34
36.03
30.11
34.88
30.29
26.49
21.74
22.18
23.23
24.35
32.86
50.24
53.46
28.64
44.37
46.6
46.78
40.59
54.53
54.13
42.55
41.59
37.77
31.46
24.8
23.08
20.35
16.99
16.82
15.01
15.24
15.68
16.56
16.69
18.13
16.49
18.73
23.02
27.35
30.37
32.82
48.23
33.94
35.93
33.44
30.22
23.34
23
22.25
17.02
14.68
16.08
17
16.13
16.73
16.7
12.77
9.53
11.62
16.92
15.61
32.92
20.45
16.63
18.63
17.61
17.55
18.27
19.91
16.82
15.38
15.51
14.22
16.16
13.34
14.62
14.42
14.13
12.35
13.56
15.35
11.45
12.45
20.31
17.24
15.56
17.07
18.43
16.66
14.39
14.25
14.48
18.31
17.02
17.75
17.71
12.95
13.4
15.01
13.9
16.97
12.61
10.97
11.6
13.12
13.68
10.33
14.09
12.49
15.54
16.63
18.03
18.43
26.73
31.08
35.41
34.26
29.18
27.35
23.29
18.58
17.47
23.12
16.3
15.08
12.65
12.7
14.95
17.27
19.55
14.57
14.37
17.21
17.81
18.43
28.18
30.45
35.34
36.28
38.7
40.85
55.21
38.87
27.79
22.76
15.67
16.93
19.71
17.61
15.26
14.44
16.45
15.6
11.86
13.38
15.67
15.94
15.82
27.51
30.42
35.6
20.89
14.76
15.18
15.87
17.65
17.37
17.08
13.98
13.28
12.8
14.69
13.67
11.64
12.22
12.23
9.52
7.88
10.19
8.52
7.3
13.83
14.61
14.83
15.49
14.75
17.48
21.15
25.92
25.34
22.03
17.58
14.88
13.54
13.11
14.57
14.57
13.92
13.91
13.21
13.12
12.99
13.05
12.83
13.15
14.45
13.96
14.81
17.66
21.27
23.87
28.35
31.5
40.5
32.66
31.96
22.78
19.92
16.08
18.32
16.52
17.7
15.56
16.23
15.54
14.76
16.88
17.55
16.21
16.91
18.5
18.37
20.07
30.3
27
27.21
26.64
34.7
27.65
26.1
20.52
18.2
15.85
17.09
17.79
17.7
17.56
15.57
14.03
11.69
12.68
12.66
12.99
15.81
18.11
21.82
26.9
29.6
37.79
34.19
56.74
39.21
25.48
20.69
30.08
18.87
15.77
14.62
15.72
15.02
15.78
16.02
16.76
18.51
17.71
25.19
29.22
28.1
34.37
43.69
56.2
68.28
72
32.1
34.37
39.72
34.9
29.49
26.85
24.51
19.21
20.1
17.22
18.83
18.32
17.13
17.59
17.71
17.99
26.77
37.26
29.97
23.36
24.19
27.48
36.79
33.68
91.6
45.59
26.23
22.56
20.19
18.63
18.04
16.48
17.23
16.34
17.15
15.72
14.69
18.03
16.52
15.8
14.95
15.09
13.86
14.1
13.39
13.49
14.26
14.77
16.44
25.98
22.76
18.55
16.72
15.38
14.64
13.97
13.09
13.2
15.29
14.04
15.35
13.87
13.5
13.33
14.1
15.2
20.12
16.85
21.3
31.99
35.77
31.33
24.26
24.44
22.32
29.46
19.21
21.34
14.73
14.23
14.49
15.42
14.58
13.97
12.63
13.27
14.06
14.78
16.76
16.83
15.97
25.17
29.3
15.82
16.93
18.08
27.7
30.48
28.71
25.45
25.5
20.03
15.49
23.91
15.72
16.57
15.72
14.56
14.1
14.59
14.25
15
19.04
26.25
30.31
26.47
27.13
26.6
24.02
16.98
23.43
33.35
35.33
40.7
37.7
30.11
31.45
28.57
15.63
12.69
11.83
11.68
11.83
12.71
12
13.47
15.08
13.63
11.87
12.76
11.88
10.55
9.98
10.22
9.85
15.09
27.16
12.54
18.3
14.94
7.75
2.99
9.54
13.78
10.2
9.25
10.73
9.86
9.72
8.89
8.39
7.41
11.95
13.26
14.32
14.67
14.18
13.05
14.41
20.78
20.72
21.81
18.09
17.42
14.43
18.21
19.22
16.59
13
15
13.6
15.17
13.5
14.5
17.78
17.2
17.23
16.66
18.75
23.24
20.16
18.31
20.67
29.74
28.64
21.58
21.32
19.8
15.22
13.67
12.41
12.77
13.01
14.17
13.42
13.82
13.89
16.06
23.4
23.49
26.91
27.19
24.34
16.78
15.99
14.79
15.8
16.15
18.06
23.64
18.29
21.45
15.97
14.55
14.91
14.81
14.06
14.59
15.94
17.85
16.76
16.2
21.87
23.76
17.53
16.43
16.68
17.03
17.43
18.59
20.68
17.96
16.49
16.35
16.32
14.89
14.98
15.46
11.58
11.87
12.68
12.98
11.72
11.93
11.42
13.72
14.61
15.45
15.77
18.56
17.25
18.38
19.66
18.84
17.79
19.5
20.67
17.84
16.36
16.08
17.59
16.23
14.35
13.42
13.76
14.85
15.5
13.94
15.95
12.78
15.32
12.68
12.15
12.74
12.65
13.88
13.51
17.81
19.45
27.06
35.58
27.51
20.96
23.09
21.13
15.82
17.36
14.11
12.02
12.92
13.89
14.07
14.37
14.5
15.19
15.42
13.98
18.83
29.85
18.24
16.32
14.84
23.96
26.37
35.34
32.26
32.71
28.85
19.89
15.98
17.11
15.72
16.25
12.37
13.06
14.31
14.69
14.67
14.28
20.93
15.18
14.73
14.31
14.81
15.22
22.49
31.69
35.53
38.22
51.69
39.76
24.91
23.71
15.41
15.08
16.5
16.15
16.56
17.57
19.68
22.06
31
39.59
35.48
26.51
35.31
46.84
49.81
46.43
52.16
137.63
191.96
114.81
115.31
140.05
80.13
33.19
25.74
23.33
22.71
19.4
17.65
17.58
19.07
28.97
33.24
59.65
36.38
26.57
25.13
30.01
40.61
57.48
63.97
79.96
74.02
72.99
61.49
52.03
33.59
38.37
24.15
23.45
21.44
19.51
18.58
18.04
18.85
21.64
27.35
28.41
31.07
36.41
36.87
40.89
40.55
42.02
52.35
49.91
52.59
54.73
48.4
40.67
42.65
33.63
32.38
22.78
21.91
22.16
20.71
22.31
24.4
22.26
34.93
38.88
35.64
30.19
26.73
19.69
19.6
18.4
17.5
17.27
18.06
19.68
18.74
17.66
16.71
15.61
15.3
15.84
15.05
12.82
11.31
13.56
14.91
12.85
12.27
11.76
12.92
14.52
15.42
14.02
13.9
12.3
12.4
20.87
26.69
20.31
17.84
15.45
13.26
11.07
4.93
10.56
9.96
10
3.46
-3.14
1.13
11.59
6.19
6.91
7.72
-5.38
13.44
13.41
13.06
12.54
13.23
14.96
15.92
17.81
18.46
26.23
20.14
15.64
10.23
13.85
12.53
14.24
13.88
14.6
17.18
22.07
22.91
25.17
17.66
17.33
17.66
16.68
16.35
16.27
16.81
18.17
19.41
20.85
21.93
18.65
17.49
12.04
0.31
12.94
14.65
13.93
13.28
12.99
13.56
17.59
18.89
26.86
22.2
20.55
16.8
16.53
17.97
18.48
19.37
19.55
19.44
30.87
29.53
23.35
16.57
14.35
13.84
14.12
14.57
13.77
13.49
13.53
17.79
26.67
31.94
28.98
22.84
16.31
14.59
13.89
14.04
14.47
16.44
19.44
22.15
26.81
25.97
21.84
14.92
13.41
12.71
11.39
12.46
12.76
13.05
13.94
14.01
13.32
14.35
15.2
15.23
15.98
14.27
15.1
15.65
16.39
16.84
17.11
19.66
22.32
24.88
26.65
24.57
14.58
15.35
14.56
14.75
13.06
12.57
12.71
15.3
25.54
27.87
28.54
28.76
28.74
25.29
24.49
18.16
16.13
15.85
20.83
28.37
25.28
27.3
26.35
24.91
19.64
13.33
12.63
11.42
11.37
11.25
11.3
12.14
14.63
18.9
27.19
17.38
11.57
10.54
10.89
11.04
10.28
10.17
10.32
19.2
29.15
28.35
23.92
19.57
12.41
11.38
11.9
11.87
10.13
10.81
11.26
12.62
12.11
16.1
21.44
24.01
16.37
12.51
12.68
12.35
12.4
12.23
16.18
29.02
36.18
37.41
36.74
27.59
20.46
13.14
13.98
14.09
13.92
12.86
13.82
15.8
68.1
102.45
46.65
83.57
17.68
17.13
17.5
18.65
15.3
16.3
17.76
22.81
28.13
32.91
20.34
21.69
15.29
13.43
13.83
12.84
12.66
12.36
11.42
13.19
32.03
30.83
24.02
22.19
23.15
19.35
15.5
14.52
16.51
14.98
15.12
19.61
24.88
29.92
20.44
17.03
12.08
10.85
9.86
8.7
7.76
7.72
8.81
10.44
14.28
24.48
18.26
14.65
14.91
13.64
12.36
12.33
11.84
12.37
15.23
17.74
26.41
28.68
18.4
12.77
11.45
10.49
11.9
12.81
13.12
12.16
13.25
12.68
16.1
17.5
18.27
18.04
18.65
18.79
19.19
21.55
19.67
18.04
18.79
17.86
19.54
19.29
16.54
18.23
15.37
14.49
18.51
21.99
26.62
28.11
28.27
18.92
16.46
22.22
26.24
21.89
19.54
18.03
17.5
17.84
18.33
21.85
21.55
22.4
22.36
22.89
20.74
23.14
19.04
14.72
24.56
18.69
17.25
14.61
15.03
17.56
17.61
15.68
20.78
20.65
15.72
13.67
12.77
12.31
13.21
13.3
14.98
14.65
17.52
18.26
15.39
20.94
15.08
14.55
12.55
11.52
11.4
10.78
11.07
10.74
11.1
7.37
11.31
15.39
33.89
16.68
14.71
14.01
16.42
16.14
19.42
28.44
31.24
32.17
22.21
16.98
14.66
14.33
16.13
14.91
14.06
13.7
13.95
16.51
20.19
22.28
24.91
24.98
34.18
33.31
26.35
28.01
23.13
21.79
35.19
51.48
41.37
39.81
23.6
19.78
16.28
13.64
15.95
14.42
15.32
13.67
14.6
15.46
15.48
14.5
21.4
14.4
15.76
17.77
21.77
30.06
22.98
23.12
22.96
22.73
23.95
21.96
19.74
17.43
15.29
22.22
15.47
13.79
15.08
14.97
15.79
15.46
13.7
14.05
15.75
15.72
15.07
13.96
13.49
13.18
12.61
11.68
10.35
13.32
14
13.15
12.45
10.04
8.88
3.04
7.37
9.09
3.98
7.18
8.61
11.46
11.34
11.76
11.74
12.03
12.98
12.98
20.07
16.34
13.14
15.94
17.84
30.83
30.85
39.55
26.67
19.89
13.68
13.93
16
15.15
12.34
12.42
13.63
14.49
16.04
23.2
26.69
28.48
27.78
30.19
32.36
25.28
21.32
14.83
11.71
21.58
28
28.57
19.7
23.38
10.65
11.66
11.97
12.84
14.61
15.32
17.79
16.1
21.66
24.08
16.72
15.51
21.49
13.73
26.28
25.33
12.2
10.41
17.21
25.75
34.18
34.55
28.89
36.76
32.23
19.55
22.59
17.23
16.32
16.07
16.21
16.25
12.21
14.58
13.21
13.04
12.83
13.29
12.86
12.4
12.6
26.25
27.43
28.29
26.88
28.02
21.77
17.34
16.26
19.77
19.17
14.81
15.06
15.26
15.44
28.75
26.89
27.33
29.37
31.33
31.27
27.59
28.55
19.98
17.23
23.51
35.08
35.97
25.59
35.51
23.63
14.78
14.38
14.23
17.55
18.38
13.04
13.63
15.66
14.42
26.71
39.06
36.79
35.86
33.58
33.98
29.85
27.42
26.92
28.8
37.87
41.59
49.16
36.44
33.56
28.84
17.69
17.18
16.71
17.2
19.52
19.79
18.54
28.83
30.1
36.78
34.15
22.84
18.52
18.07
22.02
34.78
38.9
30.03
33.46
43.6
33.58
35.22
35.32
26.16
38.79
25.73
26.9
80.45
12.97
11.25
11.44
14.55
25.41
33.78
30.3
25.14
15.45
15.17
13.81
13.62
15.28
15.72
23.75
31.68
38.12
49.86
28.46
21.05
13.17
14.06
13.85
14.26
13.76
13.81
14.04
13.66
15.42
15.46
16.61
15.32
12.9
12.45
11.74
11.68
11.43
12.36
16.95
27.19
24.53
27.54
23.67
20.85
16.35
11.16
9.67
13.94
14.96
15.52
15.84
16.29
15.84
48.93
41.6
12.18
10.75
10.88
11.85
11.99
11.49
4.12
16.65
29.12
35.97
30.53
18.37
14.65
11.12
8.99
8.47
11.41
10.3
10.76
11.23
10.62
8.35
7.79
9.63
5
8.07
5.63
6.45
9.69
6.11
10.77
16.5
26.14
32.3
28.49
29.94
17.83
19.01
14.7
14.07
14.1
14.22
14.08
14
14.11
25.14
34.83
37.13
41.11
45.95
65.41
45.91
44.42
44.16
48.59
57.98
90.58
156.33
136.43
102.77
47.54
31.78
35.76
27.14
29.11
21.97
20.87
23.51
24.13
24.08
27.93
45.33
60.17
71.46
110.6
119.97
97.21
42.14
32.06
33.39
46.4
53.44
30.33
21.51
19.27
15.21
13.47
13.67
13.67
12.86
-10.47
7.16
14.37
17.31
26.4
18.88
16.42
14.86
14.44
13.46
13.96
13.6
14.36
14.51
21.47
30.97
27.05
20.1
12.69
12.76
13.54
14.64
14.64
14.04
14.05
13.56
14.39
20.97
32.25
31.89
16.99
14.18
15.7
13.4
13.6
12.59
14.42
15.65
17.82
23.71
26.58
20.35
14.36
11.48
7.58
7.89
13.7
13.61
8.87
13.87
15.22
16.6
16.84
25.9
34.78
33.61
37.94
32.94
26.18
24.85
24.5
23.39
21.28
25.03
21.03
19.19
15.91
15.68
16.62
17.4
18.31
16.55
15.03
15.21
14.28
15.24
15.37
27.57
28.76
16.18
10.78
-12.67
0.01
3.22
5.8
12.1
13.64
16.52
16.55
12.15
11.87
12.8
13.42
13.67
16.87
15.43
14.9
15.63
15.69
15.39
16.87
37.78
24.14
16.55
14.52
13.8
13.74
13.47
13.75
14.64
23.81
32.44
24.04
20.88
16.78
18.38
14.62
16.31
14.47
13.65
14.05
14.51
14.78
23.93
38.68
42.64
37.17
28.4
22.19
21.16
38.77
22.58
22.87
31.26
39.67
70.21
44.82
36.76
20.99
24.15
17.93
17.23
19.09
18.18
17.38
18.86
25.05
43
40.41
40.47
40.17
30.83
22.92
22.98
27.59
39.12
33.99
26.77
39.6
46.54
41.92
31.63
21.43
19.61
16.85
16.92
16.76
16.26
16.69
18.02
18.11
25.83
34.03
36.95
37.39
34.22
35.58
47.77
30.87
24.09
24.63
23.83
28
25.67
29.33
24.5
21.33
19.9
18.23
11.48
13.33
16.73
15.87
15.09
16.59
17.93
19.78
20.94
20.79
20.6
22.13
20.32
33.02
33.54
32.1
36.43
39.84
36.9
36.1
30.39
25.17
20.41
18.02
15.37
15.78
14.73
14.73
14.82
15.11
20.84
21.79
23.97
26.79
33.26
29.5
20.19
18.89
18.94
19.09
25.16
27.17
29.63
32.67
18.75
18.45
17.31
13.55
15.62
10.62
-3.53
10.81
-12.53
11.13
14.15
16.4
17.46
22.77
26.87
33.54
41.06
42.55
45.14
34.15
33.05
41.27
46.8
38.37
23.25
29.82
14.19
19.58
17.57
17.61
15.72
15.13
16.75
17.31
13.6
16.88
19.47
23.19
25.45
25.47
22.64
22.59
25.67
25.01
40.54
56.58
61.08
47.45
46.33
36.14
28.37
21.69
21.65
21.58
21.27
23.1
22.58
22.92
23.85
25.65
35.03
43.91
46.66
54.91
52.98
52.99
47.38
50.02
52.81
63.14
71.49
48.92
37.79
32.29
24.55
22.36
22.06
22.01
21.18
21.56
22.43
23.25
41
40.14
49.51
52.4
45.87
30.1
26.65
25.92
25.11
29.78
31.6
48.91
63.36
42.49
32.06
27.66
29.22
27.74
29.55
31.13
30.54
30.78
32.22
31.64
40.81
48.99
62.44
76.39
69.65
77.62
93.34
93.57
54.29
55.24
49.34
57.66
73.25
43.01
32.96
28.92
30.47
32.39
28.66
26.93
25.09
25.13
25.84
28.84
29.93
37.31
60.27
83.2
72.51
65.01
52.48
60.65
70.26
72.04
83.48
82.65
47.33
43.65
30.27
31.01
29.63
22
26.83
24.99
27.01
26.44
24.61
33.31
36.39
35.01
43.32
46.88
58.52
61.45
56.06
52.93
48.07
46.8
45.21
46.54
46.92
44.07
41.26
37.43
33.77
37.22
36.67
32.97
33.24
35.64
34.34
36.8
37.55
42.29
65.62
68.4
65.76
45.57
39.71
33.3
30.05
33.74
55.47
49.91
50.58
46.45
44.63
41.4
38.77
36.95
33.38
34.46
39.06
41.31
48.42
34
31.18
36.51
37.64
39.21
43.65
30.73
29.68
41.2
54.66
61.33
49.57
76.55
87.96
73.05
36.29
35.21
32.29
29.48
29.34
26.78
25.38
25.71
25.32
22.42
21.6
28.76
31.76
25.56
24.5
28.58
30.9
34.28
30.33
30.25
33.72
41.02
47.03
33.56
31.19
34.59
38.5
35.57
40.84
59.23
41.54
39.52
41.9
48.29
58.87
60.77
67.79
52.24
48.21
34.58
32.34
30.61
30.44
33.33
61.71
56.28
80.99
80.57
64.12
66.54
48.44
46.99
48.41
39.79
37.95
42.36
41.96
42.46
46.93
58.7
60.74
52.84
37.29
23.28
24.81
23.29
26.55
27
42.39
63.68
71.89
55.41
42.58
37.69
24.53
22.8
20.69
16.29
16.65
16.13
15.99
16.94
18.55
18.83
20.92
16.7
14
9.43
10.02
9.62
11.65
12.47
14.81
18.01
23.66
23.66
18.76
16.45
15.76
12.12
13.31
10.59
9.52
9.38
9.3
10.32
10.54
11.38
14.36
13.26
10.51
10.02
9.58
9.38
9.66
12.77
18.47
19.8
19.34
18.87
17.17
12.51
10.49
9.03
6.77
8.33
7.23
6.51
6.39
7.42
8.16
8.74
7.15
7.36
7.18
7.28
7.41
7.51
8.08
8.98
14.83
15.98
27.83
19.05
12.8
11.58
8.56
8.99
7.36
6.61
6.6
6.71
6.5
7.49
11.07
8.86
8.23
7.14
6.33
6.63
6.74
7.75
8.48
15.15
23.39
37.45
88.95
31.52
18.46
17.71
15.64
9.51
8.98
8.38
6.78
6.65
7.32
10.51
11.17
9.38
12.57
14.87
9.67
9.09
9.44
9.77
12.47
19.66
24.13
23.9
36.79
25.3
19.43
11.34
10.1
8.48
8.75
8.29
11.29
10.55
8.72
9.79
11.67
9.88
11.35
9.35
8.56
9.88
10.08
10.11
13.64
23.32
19.88
26.55
37.09
30.9
21.22
17.56
13.37
10.88
9.62
9.73
7.05
8.45
7.49
12.45
12.63
12.36
12.66
13.31
15.17
18.62
20.68
24.27
26.99
33.13
21.59
27.34
26.2
27.7
22.59
24.26
19.87
16.63
13.69
14.64
12.81
13.51
12.54
15.6
16.65
23.28
20.19
24.15
28.08
30.36
23.03
23.39
22.28
20
20.75
22.2
22.57
23.15
20.82
20.23
20.5
14.77
14.93
15.53
15.01
13.83
14.06
14.51
18.4
24.25
24.6
21.97
25.88
34.08
34.99
35.89
35.77
29.65
30.17
31.27
44.61
35.93
31.9
29.13
30.04
26.36
22.14
40.29
23.35
21.86
18.93
20.17
29.59
39.98
35.36
37.8
26.96
22.07
31.85
38.38
35.47
43.48
36.63
45.73
44.05
48.65
51.06
51.75
54.83
35.48
20.67
21.1
31.92
63.28
31.08
25.4
25.59
22.25
20.59
19.7
20.58
22.03
23.74
26.37
48.51
40.43
39.99
39.36
34.64
29.11
24.78
24.79
26.7
20.7
16.94
17.53
17.11
16.55
16.54
18.48
18.39
26.38
44.64
28.24
19.19
19.54
21.32
29.56
40.83
40.46
25.98
40.27
52.45
39.96
34.92
40.7
36.88
29.64
21.21
23.59
21.47
22.17
22.33
21.9
29.27
25.2
25.96
25.69
22.95
34.4
32.42
33.94
35.13
47.48
52.75
54.13
59.86
60.7
49.28
40.54
49.14
30.88
27.1
27.57
28.73
28.62
29.03
29.36
31.55
49.47
53.65
46.77
31.54
36.01
35.85
35.55
35.26
48.74
56.43
57.88
94.53
87.27
67.37
57.34
50.83
38.53
57.1
39.28
32.94
33.27
35.54
37.6
54.25
61.79
69.79
64.1
56.4
27.93
20.63
20.59
21.42
24
43.15
39.36
39.74
34.15
29.61
25.86
23.71
20.44
18.24
18.07
17.86
17.12
17.34
17.64
18.07
19.82
21.39
24.35
19.62
16.23
17.65
16.96
21.68
25.33
22.63
21.84
28.99
26.21
22.89
18.51
19.41
24.8
19.73
16.48
16.75
17.16
19.02
15.78
17.85
15.94
14.52
14.48
14.37
14.92
15.19
15.33
15.33
17.64
31.12
31.97
39.8
25.81
20.16
21.41
20.37
18.2
17.72
17.87
18.4
17.7
18.46
19
18.22
17.95
18.08
19.43
18.03
23.82
33.12
37.03
39.1
36.69
33.32
38.25
40.27
36.15
29.92
20.63
22.09
18.6
17.51
18.28
17.73
16.85
16.87
16.88
17.6
20.65
40.4
41.56
43.49
42.49
47.76
49.6
43.32
22.15
35.98
34.3
41.11
38.12
28.85
26.3
25.41
19.99
17.55
18.38
18.38
19.5
20.31
22.24
21.43
22.97
20.38
16.93
13.97
14.48
20.11
9.42
13.78
20.48
25.59
32.91
57.11
32.47
30.37
31.34
31.95
26.97
24.11
21.58
21.26
19.03
17.81
19.61
23.49
24.36
37.77
36.67
37.33
29.04
37.31
25.22
23.13
30.34
29.63
30.75
35.45
24.54
20.71
18.25
18.2
17.71
16.8
15.84
12.54
1.43
4.92
11.28
12.65
11.9
5.92
14.54
18.46
23.93
31.57
35.91
28.92
19.52
19.3
15.4
10.15
6.52
7.5
8.49
11.81
5.17
5.2
4.67
4.88
4.56
4.51
4.46
4.65
2.73
2.34
1.75
2.18
12.31
14.47
19.2
16.14
17.52
14.31
22.17
19.04
17.42
14.23
12.91
11.16
10.15
9.33
8.64
2.32
6.07
8.25
7.91
2.64
3.36
11.92
16.06
13.68
15.11
13.33
13.83
13.84
13.22
14.4
23.89
27.38
18.66
13.28
11.87
10.51
13.72
12.32
0.77
0
6.61
1.06
5.83
1.76
13.08
13.29
4.44
9.06
7.93
11.11
11.42
12.22
8.16
16.16
18.3
26.53
23.22
17.77
19.8
18.28
13.6
12.71
11.33
11.39
9.76
10.32
9.93
12.79
17.28
17.09
16.7
24.19
23.31
28.05
31.54
32.67
19.77
14.81
14.96
15.52
15.53
20.79
19.87
15.29
11.53
10.77
1.41
10.76
12.38
10.84
13.2
13.26
17.96
11.48
11.41
13.45
18.59
18.83
18.5
16.96
18.28
19.01
22.95
37.35
33.96
18.56
15.34
14.08
9.47
16.57
7.81
17.31
8.86
18.11
18.69
19.34
19.45
23.79
24.12
23.01
28.82
30.19
34
30.35
36.83
40.19
48.03
45.44
40.05
29.36
35.28
24.5
22.22
21.58
23.87
23.35
21.69
21.15
23.03
27.23
38.3
50.82
37.12
25.97
21.35
20.18
20.1
20.67
22.54
30.44
36.46
55.7
46.6
39.48
38.16
27.84
20.46
20.91
19.91
18.12
18.99
19.6
20.8
19.49
19.84
20.93
21.95
20.38
19.38
19.35
18.22
19.23
23.07
26.5
34.93
43.4
41.42
41.79
39.8
25.2
20.23
19.58
20.61
21.36
19.36
22.4
20.23
20.48
23.88
24.95
33.44
38.28
41.69
38.15
49.29
52.08
50
49.57
52.12
53.82
36.88
25.22
24.6
16.17
17.32
17.39
18.21
18.52
18.66
15.74
14.08
15.57
20.79
27.13
25.2
32.16
35.65
28.05
25.96
25.77
30.01
36.23
56.56
81.59
87.46
68.77
56.63
50.99
27.7
26.28
28.36
27.97
27.87
26.15
24.79
25.05
27.06
29.52
31.64
29.34
27.08
27.23
29.69
34.74
34.47
47.48
54.81
84.09
74.51
48.94
42.53
38.07
27.16
26.93
25.92
25.94
26.24
26.05
24.97
26.97
29.88
31.89
35.29
38.26
43.32
38.56
39.66
39.58
41.5
39.41
46.54
61.13
52.51
46.98
42.75
25.64
24.74
28.25
24.53
24.64
24.13
24.1
23.39
24.03
35.66
36.78
46.43
46.28
44.78
46.6
27.97
34.1
40.76
31.04
34.49
52.17
41.35
40.39
36.42
23.77
23.38
22.58
24.3
25.58
23.54
24.09
24.12
26.08
33.41
34.14
40.29
35.83
24.83
23.99
24.16
23.33
26.74666667
30.16333333
33.58
32.00714286
30.43428571
28.86142857
27.28857143
25.71571429
24.14285714
22.57
25.71
26.2
25.38
25.69
29.4
31.77
42.79
44.95
43.67
32.36
23.43
22.83
23.6
25.72
28.57
42.37
60.16
75.65
52.13
41.19
30.49
33.22
32.09
22.68
24.32
24.75
24.19
24.34
25.68
27.76
23.35
22.38
23
23.62
24.45
25.94
26.72
25.46
25.27
27.675
30.08
27.47
29.38
38.76
24.98
41.82
21.74
22.15
23.49
21.37
19.56
19.48
22.03
22.35
21.42
22.95
21.69
22.42
21.67
20.92
23.21
23.76
25.21
23.72
32.79
48.18
39.42
26.1
32.465
38.83
23.27
20.86
19.73
20.61
20.9
21.19
21.97
22.76
24.6
25.9
24.83
45.19
47.48
45.27
44.65
50.98
57.31
55.45
55.1
70.92
57.55
68.24
30.78
47.86
42.83
34.755
26.68
26.48
26.28
25.73
28.97
27.99
25.94
38.4
26.27
20.33
33.47
32.41
7.34
26.72
34.07
38.82
46.5
57.27
52.71
46.9
44.79
40.5
36.78
35.3
46.19
51.82
52.57
53.47
54.34
58.77666667
63.21333333
67.65
82.24
87.81
86.33
61.56
61.43
65.98
68.43
69.4
90.85
104.47
109.22
92.77
88.66
71.63
65.31
75.73
99.55
146.47
118.83
105.56
114.88
94.69
92
89.31
99.65
104.72
127.35
148.91
146.02
128.59
83.94
80.23
91.93
169.38
127.84
89.4
66.61
64.41
69.04
66.94
78.65
75.57
66.55
69.35
71.31
67.95
82.06
88.19
104.76
124.35
136.59
132.2
107.73
92.52
78.84
78.76
90.5
93.86
83.97
81.51
89.33
87.49
82.49
70.31
62.43
71.31
69.87
67.96
79.87
87.09
85
91.43
100.11
98.89
85.91
69.42
61.92
53.54
55.3
68.77
98.49
101.55
91.81
88.89
102.91
71.83
57.62
55.31
102.15
89.99
85.22
77.2
79.2
71.13
75.86
62.12
70.86
88.39
81.78
68.23
78.94
71.85
73.55
77.15
91.07
108.54
101.72
89.96
79.48
61.27
47.83
43.82
52.26
47.13
48.13
44.54
54.15
72.87
71.74
61.71
78.02
78.42
69.2
59.87
53.05
48.05
49.23
49.79
64.94
76.08
69.97
60.37
53.12
48.43
41.57
39
36.87
37.39
36.69
31.41
35.64
34.14
46.04
56.97
56.8
60.31
42.07
33.53
32.05
32.03
34.22
40.35
45.36
52.58
48.8
44.3
40.74
30.93
29.95
29.72
26.29
24.73
24.06
23.45
24.14
24.05
25.87
30.27
32.31
30.61
27.32
27.67
27.81
25.99
25.6
27.9
31.18
38.63
36.1
33.86
31.71
33.36
27.75
26.1
41.8
29.09
24.55
23.3
24.57
27.61
35.96
28.3
28.69
26.05
21.77
20.99
20.83
21.18
20.99
21
30.35
36.84
23.11
20.3
19.33
19.52
19.43
19.53
20.42
20.38
13.99
9.1
11.43
11.86
0.46
5.46
16.77
18.45
29.21
33.55
42.46
46.28
41.97
35.21
35.51
47.33
38.08
29.64
34.94
26.36
22.14
10.31
6.03
12.23
16.54
16.55
27.73
22.71
3.87
24.61
31.11
30.25
32.53
32.04
31.37
31.42
31.98
44.66
54.99
70.12
68.7
46.64
54.37
41.96
29.2
28.71
28.4
20.02
31.67
33.29
32.81
32.74
32.68
30.93
33.24
30.12
31.88
30.28
28.98
29.42
30.69
35.39
51.7
78.66
76.65
65.42
59.83
58.26
31.77
32.37
32.44
34.63
30.37
29.21
29.98
31.36
42.31
45.19
36.33
36.42
45.34
50.56
43.9
35.48
32.44
32.66
38.64
60.98
52.82
43.72
31.83
29.1
21.07
3.37
17.37
6.57
-7.49
3.9
15.57
16.23
26.76
24.15
24.53
18.87
10.13
22.06
14.42
16.58
25.11
28.82
32.87
33.08
33.11
35.07
28.44
30.22
28.41
26.5
26.82
26.36
25.63
25.88
25.46
26.54
31.04
35.14
35.02
36.31
31.46
31.38
33.08
42.85
50.67
50.26
51.72
60.3
55.2
46.38
41.96
53.43
46.72
46.83
23.38
15.92
19.05
15.4
15.19
18.73
24.18
31.59
41.58
33.38
43.59
34.38
26.3
27.25
27.33
29.69
41.04
42.63
33.51
27.66
23.95
39.27
35.46
44.33
