MpAlias,csv.regp.sync.1_0_0
PNodeAlias,w.isone
MethodAlias,isoneexpress.reg.5minfinalrcp.hrlyavg.web
Comment,Hourly Realtime prices scraped
StartYearUtc,2019
StartMonthUtc,1
StartDayUtc,1
StartHourUtc,5
StartMinuteUtc,0
UniformSliceDurationHrs,1
TimezoneString,US/Eastern
CurrencyUnit,USD
PriceUid,2a77bbaa-d860-41f4-a040-f9cd6375b593
Header,Regulation Price (Currency Unit/MWh)
13.76
58.83
18.14
7.32
15.3
9.82
33.82
55.21
52.69
13.01
8.44
27.14
22.06
20.25
16.25
15.16
33.96
23.3
10.76
9.47
9.93
15.78
25.68
27.86
35.55
11.93
8.21
11.66
34.93
56.69
56.44
26.36
21.35
9.91
7.91
14.11
14.23
10.9
7.76
16.48
8.19
42.69
145.4
52.86
14.69
12.79
19.97
10.52
14.87
16.53
9.9
26.03
11.27
13.05
16.21
17.97
20.34
41.05
47.71
18.07
13.23
10.96
14.08
14.69
9.73
20.12
25.22
18.46
20.75
19.9
13.35
12.19
8.18
14.42
7.93
7.59
13.86
16.71
16.68
13.41
11.17
8.8
7.82
7.75
7.47
7.61
11.45
12.39
11.52
10.88
37.71
13.21
12.64
14.74
31.35
59.61
17.1
11.58
11.66
11.94
11.66
11.66
13.82
9.47
61.37
17.07
11.58
13.52
13.77
16.2
18.55
12.46
9.69
11.27
13.82
14
8.96
8.21
33.75
28.06
11.56
13.9
21.8
12.98
8.31
7.59
15.16
75.22
24.48
35.31
23.04
34.95
17.02
13.29
7.65
7.95
7.75
37.1
15.36
13.59
27.6
18.8
10.77
14.16
13.84
22.88
16.41
15.13
21.27
41.72
20.97
17.25
8.93
8.6
9.9
11.98
9.36
11.92
11.79
11.93
12.52
24.2
23.62
21.32
15.09
9.4
15.89
20.5
52.04
28.41
26.21
25.35
24.89
14.41
13.79
16.39
16.77
61.6
132.02
49.66
19.17
33.88
45.68
41.74
33.29
16.02
12.86
13.09
15.07
15.74
13.21
14.15
13.58
8.04
8.6
12.21
8.12
8.36
31.4
46.96
26.07
11.12
13.13
11.31
12.02
11.81
18.72
31.75
14.52
16.95
27.11
31.98
48.97
18.34
16.67
15.18
17.71
17.9
48.86
23.78
20.48
11.51
17.85
33.98
26.03
24.3
32.61
34.73
33.87
19.43
17.12
17.15
25.87
19.9
22.81
34.68
26.31
28.61
27.08
87.55
51.29
69.91
25.22
56.16
49
81.08
56.04
31.61
16.35
85.08
44.57
15.44
34.4
35.66
32.99
32.16
35.58
12.27
11.78
8.91
84.24
74.68
62.88
52.69
18.51
22.06
18.28
105.67
41.36
34
75.26
68.16
55.63
148.94
46.58
21.81
12
7.7
21.53
19.76
32.31
42.4
57.46
35.45
46.97
88.37
43.51
17.62
15.44
44.62
47.08
40.36
54.88
40.89
13.85
8.83
10.52
15.42
13.55
19.7
14.17
26.54
14.99
11.28
11.69
30.84
66.11
34.09
24.11
33.16
23.24
42.24
36.25
78.72
21.11
86.43
49.95
66.5
103.99
114.03
114.39
75.33
34.83
51.79
25.77
9.45
23.74
9.73
13.48
42.56
97.33
173.79
67.74
27.17
181.84
155.34
34.83
119.56
142.29
125.37
140.28
48.67
39.72
131.42
160.55
174.85
86.36
76.29
67.13
65.61
75.19
66.22
48.19
257.16
180.64
147.46
121.52
56.05
143.43
40.25
52.72
81.09
49.54
18.26
21.5
21.95
52.77
61.37
31.37
21.15
28.89
45.42
84.37
25.34
18.3
12.46
19.32
89.68
120.41
36.31
20.86
25.71
28.58
37.13
50.21
16.28
9.57
8.25
40.66
35.17
75.37
130.97
70.5
59.45
27.32
19.17
19.58
18.12
36.25
35.11
35.14
40.24
130.21
60.24
37.82
15.37
28.61
37.13
50.21
16.28
9.57
8.21
43.15
36.39
79.76
135.37
62.31
59.45
24.4
18.65
19.71
17.98
37.91
34.85
35.17
42.16
137.4
51.87
37.29
13.03
30.21
37.89
41.13
13.14
9.43
13.38
10.63
9.17
20.44
11.53
15.74
54.76
58.61
48.92
58.79
57.03
111.66
60.58
138.16
64.2
71.33
57.35
68.35
64.6
84.61
183.5
217.6
173.37
118.81
243.53
143.47
71.26
62.38
122.18
132.09
94.07
99.49
94.33
125.28
110.47
86.14
100.99
116.71
79.61
50.28
80.53
79.49
78.87
121.45
184.07
31.7
16.07
25.03
72.84
26.83
114.09
76.42
75.08
68.24
62.05
185.86
145.09
188.02
199.99
131.47
58.61
118.14
167.2
127.14
144.62
217.44
204.54
207.02
200.61
179.77
145.78
183.41
156.37
149.31
188.41
176.07
106.89
54.35
187.91
106.55
127.97
87.24
62.81
45.56
64.56
42.05
47.52
55.7
88.66
48.45
40.81
99.24
116.64
34.21
43.51
38.1
18.97
100.34
147.85
65.51
85.1
100.96
70.32
35.36
38.17
66.04
66.29
60.61
60.48
49.92
50.48
32.22
34.56
31.17
22.06
14.57
18.71
11.01
10.82
12.16
10.99
15.91
15.41
11.57
14.17
11.84
22.98
18.41
18.74
33.4
44.05
43.78
24.04
19.4
24.09
17.91
16.24
13
11.41
14.91
40.62
39.98
35.55
34.44
34.37
34.31
58.08
22.78
57.64
34.27
9.76
28.07
12.83
29.18
33.51
18.92
11
16.57
36.27
52.79
37.29
36.99
32.65
16.2
16.24
23.37
27.25
39.36
67.06
70.8
61.64
40.83
50.45
77.36
76.5
31.41
65.68
61.66
21.9
12.15
11.61
24.36
30.16
63.12
34.98
43.03
20.1
76.91
54.44
58.18
25.17
93.42
19.55
12.76
23.6
56.53
37.24
187.45
87.11
18.43
12.15
9.96
14.73
9.21
9.8
8.94
43.82
47.07
38.69
19.59
10.02
11.8
30.36
78.46
55.08
23.51
48.35
31.16
21.69
51.57
45.67
31.72
24.69
19.26
18.74
19.41
18.99
9.07
17.37
26.05
69.48
164.77
129.69
100.76
26.08
85.3
39.1
51.72
21.33
92.8
21.35
13.22
258.91
160.01
105.44
42.11
33.03
33.13
30.45
30.04
78.23
39.69
88.18
38.95
36.8
84.08
44.42
37.99
26.21
103.3
71.33
54.45
47.34
39.72
36.15
3.04
96.92
100.95
33.35
18.43
11.08
22.38
20.13
15.95
18.34
57.9
28.66
13.18
9.29
26.23
29.83
20.48
25.61
41.06
113.33
53.97
44.25
42.8
51.46
56.35
89.44
79.98
67.65
35.16
51.59
24.87
14.86
13.74
11.24
10.25
8.69
12.08
34.49
20.2
23.85
27.32
56.44
78.21
71.78
63.88
81.37
73.96
73.32
71.14
113.68
51.85
73.29
43.26
19.07
27.48
30.47
14.3
16.81
17.93
17.75
19.9
12.29
26.01
19.23
44.78
30.11
94.18
118.93
25.27
86.03
30.78
9.2
9.3
26.63
97.96
106.67
129.02
62.13
18.39
28.95
31.5
31.38
31.81
31.97
17.75
14.98
13.29
16.73
19.12
24.8
25.09
31.26
74.67
25.99
24.59
18.67
17.5
27.98
17.11
18.47
25.22
58.38
47.64
49.04
53.41
22.94
17.41
15.55
10.68
31.07
34.36
14.69
10.88
9.4
22.88
77.08
17.73
21.9
21.48
22.15
24.68
14.51
43.22
46.14
39.68
14.58
12.84
11.46
11.17
10.57
12.38
13.4
13.6
32.51
50.76
58.37
68.65
70.14
22.52
19.7
24.32
3.15
5.6
6.6
35.33
55.5
56.17
39.34
18.08
13.6
8.55
8.52
11.15
15.59
15.97
10.68
3.34
1.68
1.5
10.88
30.09
15.45
21.19
49.71
45.76
14.6
47.7
36.93
21.86
16.83
20.38
30.79
22.61
16.27
9.64
7.56
9.48
27.52
5.57
5.56
10.77
18.17
13.12
7.71
13.98
14.74
15.58
36.26
9.78
3.03
2.15
1.91
2.34
23.56
28.49
25.2
61.23
22.06
14.73
21.8
15.43
14.89
13.06
12.42
9.18
18.05
20.99
39.91
36.25
20.02
86.03
59.93
19.65
16.55
15.35
47.41
55.03
50.06
32.96
37.36
37.74
56.75
34.62
29.4
18.32
8.67
7.28
8.77
15.06
16.24
45.42
44.51
29.34
32.58
114.86
133.04
37.3
12.65
7.71
7.23
7.47
7.27
12.13
63.05
46.88
15.95
13.42
17.86
19.29
10.76
9.46
10.34
19.54
20.78
37.18
43.43
39.48
23.79
53.04
42.08
68.17
39.76
36.34
38.74
23.96
22.63
107.96
57.36
25.14
13.2
8.2
8.75
11.65
46.72
45.42
14.37
18.28
15.98
78.8
41.79
36.24
33.26
21.45
20.5
25.15
14.67
8.16
7.35
7.77
27.37
12.22
40.72
34.78
33.1
12.15
17.6
16.76
16.07
8.59
10.22
17
22.92
29.92
24.93
25.98
11.74
17.07
15.91
11.74
44.25
43.67
44.08
29.8
32.63
33.08
37.01
23.35
19.92
22.79
23.4
32.34
52.24
26.44
21.57
17.09
15.51
70.91
51.28
26.86
14.81
56.8
35.02
10.74
34.3
42.49
37.75
36.14
103.44
55.57
58.47
30.08
60.42
26.76
28.17
33.42
22.32
23.57
15.98
30.63
46.46
64.11
34.5
33.96
41.77
57.98
40.13
7.65
9.19
55.64
20.57
53.14
38.92
28.27
68.11
23.72
9.01
9.57
11.17
11.01
11.31
9.54
12
10.46
10.98
27.64
40.1
47.7
20.09
22.29
32.41
27.66
56.09
34.81
14.35
13.33
12.93
17.5
25.46
33.64
68.25
53.1
33.07
24.19
22.46
17.86
15.92
16.04
11.66
26.57
17.72
22.23
16.55
56.57
93.34
26.28
16.05
18.03
62.2
16.16
8.79
76.88
90.49
36.12
24.61
12.77
23.4
10.79
21.72
22.19
10.15
6.94
60.27
38.27
24.58
21.8
39
16.35
21.65
73.47
38.1
6.81
42.25
36.89
36.71
112.59
62.2
35.61
46.05
17.31
9.24
24.04
18.88
15.1
14.93
56.16
34.59
39.83
35.34
69.42
89.66
91.82
58.5
28.58
5.82
7
20.26
10.91
34.84
73.37
65.36
48.96
21.78
50.18
55.71
55.66
34.53
32.2
23.47
19.46
44.68
27.84
34.51
19.87
14.85
34.61
72.89
35.28
32.86
9.54
30.91
25.59
22.92
31.09
33.59
21.3
31.07
17.22
14.28
28.62
32.22
17.11
10.44
9.04
37.95
22.9
25.29
19.24
36.69
29.15
19.58
17.03
8.78
9.52
10.19
10.23
62.78
24.8
26.77
22.93
28.53
27.82
56.49
38.41
29.5
31.75
30.51
35.64
73.15
84.8
54.4
43.58
16.15
46.18
142.44
50.85
13.86
20.18
7.93
6.91
40.84
20.11
37.52
72.43
50.9
89.37
67.54
33.24
12.66
15.01
16.73
5.18
10.15
75.43
23.82
60.22
17.86
11.64
12.15
11.05
16.57
11.57
10.94
17.38
34.89
26.85
38.85
33.45
27.09
25.75
18.78
18.13
17.04
17.7
16.9
10.71
17.82
20.82
27.18
27.7
32.85
12.74
11.09
17.38
19.34
19.48
15.44
17.63
19.16
22.93
39.59
16.72
12.11
11.39
11.27
11.71
10.96
14.81
7.67
7.84
26.06
29.6
50.65
49.59
51.11
21.05
42.97
73.86
17.2
10.2
11.75
17.34
13.77
21.6
23.63
22.99
23.7
30.79
35.25
39.22
23.96
49.12
44.06
26.3
18.23
57.24
59.6
67.84
28.99
19.42
34.5
62.57
111.63
51.59
59.64
76.38
115.47
136.37
49.48
16.12
12.15
20.06
20.64
47.55
17.68
18.99
23.36
47.32
100.46
115.13
123.85
98.68
38.43
55.06
81.89
18.63
2.52
1.98
17.08
75.05
98.51
78.18
57.66
25.88
65.81
62.3
62.48
62.96
60.21
52.3
52.56
27.08
14.24
78.63
72.34
95.95
51.84
36.02
67.58
18.42
27.2
30.47
30.96
69.2
90.31
79.63
60.05
33.07
69.58
30.44
19.91
14.6
50.85
27.15
22.15
25.39
17.35
32.23
30.23
26.62
19.01
40.91
57.68
13.92
5.4
4.41
73.39
27.47
81.94
115.34
74.66
52.02
71.26
55.56
50.42
49.68
21.38
21.97
17.44
15.75
48.6
60.64
43.65
33.21
65.59
30.96
52.51
17.18
23.65
26.26
33.65
24.08
44.04
41.61
56.85
41.93
19.28
18.83
42.04
44.56
44.44
20.91
18.78
18.46
16.36
32.66
29.45
23.77
16.5
26.91
25.9
26.83
29.5
28.26
31.81
40.65
37.43
72
51.09
30.09
29.36
24.65
34.89
49.38
74.55
53.91
43.71
29.98
25.29
30.26
32.91
19.48
25.65
64.25
27.58
57.14
77.67
56.3
82.67
85.27
79.16
88
99.61
50.28
34.38
33.19
48.74
51.76
59.6
28.6
25.96
41.24
58.9
141.94
147.78
56.95
92.72
100.93
102.67
44.33
48.13
31.83
11.58
12.72
23.36
28.16
24.46
29.36
19.66
52.11
67.37
83.86
59.69
46.89
44.72
49.05
20.46
49.37
37.55
27.37
53.36
19.13
22.64
27.16
35.43
18.46
17.02
59.96
53.39
53.27
54.04
30.51
35.11
22.03
21.3
15.36
15.59
14.32
14.59
33.99
35.17
60.15
99.6
57.6
25.49
23.05
30.46
24.38
24.86
90.28
38.13
29.06
103.11
118.77
96.49
30.61
24.49
11.09
13.83
25.49
16.46
34.35
11.3
9.85
10.36
45.56
48.07
43.88
36.91
87.45
31.37
42.42
44.24
43
47.24
19.82
64.69
72.27
56.35
22.53
10.06
14.53
15.09
22.19
15.45
13.65
14.61
13.09
12.6
23.52
23.91
44.35
23.27
15.14
29.51
44.81
21.51
19.12
52.08
63.35
72.24
79.32
45.28
43.43
79.61
30.81
12.77
16.45
13.5
12.46
17.23
19.16
45.36
50.46
44.42
53.17
46.9
21.54
15.86
13.65
13.7
24.4
26.96
34
13.34
40.28
37.53
19.39
28.21
13.44
13.91
12.76
11.58
15
16.01
15.15
25.99
38.4
20.6
33.94
22.47
17.76
23.91
54.23
16.91
3.5
13.25
13.94
31.44
12.47
9.24
12.78
31.27
38.46
64.06
55.45
34.22
23.11
28.85
44.45
22.25
43.52
67.48
76.6
54.21
54.54
22.39
55.12
51.28
16.91
18.82
168.39
98.04
95.64
35.62
33.51
39.47
40.22
16.42
10.33
9.52
9.04
9.28
10.52
15.61
33.63
42.1
27.37
26.57
67.95
39.27
10.71
9.09
8.98
8.98
37.93
35.46
17.31
16.18
8.98
35.77
22.41
10.5
11.05
10.29
9.6
10.28
9.66
14.1
14.66
15.16
57.72
53.37
39.33
15.44
16.97
18.57
18.89
18.95
15.96
16.21
45.61
49.95
19.15
15.63
15.47
10.58
10.21
11.11
12.8
19.17
22.81
30.15
34.41
29.96
32.37
43.32
74.07
43.57
15.69
42.23
40.73
38.52
25.81
17.37
27.35
33.58
17.82
18.73
14.13
14.14
14.16
14.5
13.22
15.08
10.09
13.06
27.11
28.28
23.45
38.71
24.26
13.2
30.46
19.06
12.44
11.52
19.06
18.59
15.62
10.2
10.94
12.9
12.25
12.09
12.41
8.58
7.97
11.02
11.09
10.81
18.94
38.86
28.75
31.52
49.79
22.77
14.99
14.74
13.91
13.6
12.56
17.85
11.33
17.06
10.01
19.92
21.14
22.13
16.96
8.42
38.74
25.66
11.58
26.65
33.65
54.8
38.88
83.56
38.26
22.37
16.93
6.16
4.42
12.96
25.3
36.08
16.78
13.32
13.7
16.53
29.32
12.92
13.36
14.86
9.92
23.2
17.05
17.04
77.74
57.61
99.12
44.6
80.27
22.85
14.39
15.08
15.55
12.31
61.01
62.04
74.18
56.5
32.66
24.89
28.99
26.05
23.55
21.33
38.46
15.01
22.63
15.76
18.06
48.63
35.87
45.79
80.02
17.79
12.72
20.78
15
20.39
34.87
23.6
161.26
45.03
62.51
34.58
11.93
9.95
11.1
8.14
7.91
8
8.19
18.67
52.68
47.36
51.2
17.16
14.29
11.78
11.56
10.99
12.29
11.64
9.96
23.4
77.47
33.16
33.01
40.36
14.03
8.69
8.27
8.48
8.1
9.54
8.29
21.25
33.47
35.69
42.32
50.69
29.63
14.6
13.15
12.36
11.31
12.06
10.52
10.63
19.31
14.35
13.1
12.74
15.31
13.3
13.68
10.4
10.91
11.54
19.62
16.74
17.1
15.83
8.76
11.61
11.36
13.01
12.18
12.57
13.46
12.32
11.41
12.99
62.09
38.79
30.96
25.05
28.1
22.25
17.99
20.19
11.23
9.25
10.98
9.74
11.43
46.5
13.83
17.63
14
11.09
10.34
11.68
12.71
12.2
13.2
10.24
15.79
14.11
26
23.64
14.41
9.56
9.01
9.27
9.37
10.2
9.1
9.89
10.95
14.39
24.75
38.15
14.12
19.62
12.22
11.71
11.72
11.72
11.73
16.93
17.47
14.95
14.43
16.84
19.67
29.09
27.18
53.08
16.27
16.08
22.65
16.62
44.04
62.33
40.28
13.2
10.79
10.51
13.71
15.89
25.32
10.87
12.01
57.46
38.39
25.65
14.51
13.3
19.1
19.63
19.63
19.63
19.63
19.59
18.7
32.82
32.59
39.2
15.14
13.39
11.31
13.1
13.06
12.45
13.02
12.61
12.61
9.99
25.91
29.27
12.74
12.74
13.87
14.33
13.29
9.57
13.04
15.65
15.26
14.58
11.02
20.51
15.47
17.79
10.92
12.43
13.48
13.57
13.58
22.49
50.22
41.64
35.41
44.47
15.78
12.77
12.82
13.71
13.9
13.9
14
13.92
13.92
9.31
17.5
16.4
16.14
16.14
11.31
8.2
11.66
8.33
11.43
12.04
13.97
11.5
18.82
11.14
14.33
7.99
7.61
7.72
8.37
8.49
8.02
8.16
7.99
11.94
19.38
16.36
20.17
18.45
14.23
13.29
7.1
7.1
7.1
7.1
26.92
15.26
18.82
41.42
28.55
23.46
18.59
17.5
25.96
19.98
11.23
7.12
3.2
5.74
9.52
14.92
20.86
14.74
37.15
11.56
10.13
22
16.73
5.11
4.97
28.03
48.56
15.06
17.24
9.37
11.16
10.33
11.04
9.12
19.13
7.81
18.2
10.58
8.33
7.84
17.35
12.34
59.77
25.72
9.75
8.29
7.34
21.34
8.61
18.04
38.79
18.81
29.2
13.14
13.52
14.81
14.19
24.37
22.98
34.94
17.72
9.66
16.65
33.84
17.47
19.23
14.81
14.74
14.99
15.09
15.04
15.01
19.03
25.53
21.66
16.65
19.42
14.34
14.52
15.34
18.72
18.86
50.21
20.82
16.17
18.51
15.65
33.44
17.69
15.86
11.4
15.44
15.28
11.92
11.57
10.41
18.81
10.99
39.93
38.17
21.01
16.06
15.51
14.89
8.77
12.34
8.23
12.91
18.51
27.37
16.08
30.02
25.15
18.74
14.04
8.68
11.41
12.41
12.22
12.2
9.41
21.77
21.22
55
28.39
15.5
12.98
15.26
14.83
11.2
15.18
15.62
9.24
17.08
24.29
32.17
24.16
24.76
15.41
13.62
16.02
16.09
16.43
16.54
19.28
25.24
19.05
7.52
12.2
14.05
14.22
13.7
10.72
13.68
17.99
13.32
13.56
15.02
13.7
38.57
27.12
23.01
92.26
59.12
20.43
15.88
15.92
17.82
60.47
28.51
18.76
27.76
13.42
8.84
11.17
13.7
9.96
14.94
15.78
15.31
15.27
14.84
14.9
17.48
30.69
13.85
19.29
18.22
54.45
30.21
21.62
27.74
28.37
37.78
39.85
39.86
45.54
29.23
19.15
11.47
10.66
10.47
10.62
10.06
12.94
19.47
30.88
42.55
34.45
29.86
44.34
64.16
40.16
15.53
14.82
21.16
15.59
175.48
59.8
27.16
16.05
10.61
9.47
12.84
9.18
16.55
11.23
16.73
23.28
23.29
23.47
30.36
25.11
16.65
17.56
18.95
9.05
14.46
20.19
16.51
16.8
19.25
19.17
15.86
15.48
23.42
23.43
64.07
36.07
22.66
21.82
22.3
21.53
25.04
23.13
57.2
49.35
24.61
24.33
55.21
28.16
28.18
43.17
64.97
32.71
53.78
28.17
19.92
32.79
21.08
21.68
21.85
15.08
13.88
13.32
13.41
23.54
87.82
31.02
43.4
21.69
29.02
23.12
40.47
25.13
29.23
111.59
120.78
45.64
81.37
74.01
21.54
34.41
38
25.51
25.95
28.9
16.01
14.51
14.43
14.25
22.66
25.27
25.2
40.09
78.57
24.82
25.54
48.83
39.73
22.83
17.91
21.91
15.76
44.18
20.85
18.21
11.61
11.88
11.87
8.78
11.83
10.24
16.63
12.17
24.97
32.01
58.23
29.78
13.74
16.03
52.75
43.57
51.11
57.69
60.29
22.71
16.67
16.5
14.7
14.55
15.99
27.1
12.39
11.89
16.48
17.76
17.83
13.83
9.96
15.81
17.63
30.31
19.97
62.06
78.92
87.53
86.6
60.77
78.79
82.97
127.86
76.18
42.66
19.29
28.39
35.2
23.8
9.07
7.69
14.03
16.34
15.11
9.83
9.54
12.27
16.34
10.72
37.51
11.7
7.26
50.97
50.94
50.94
55.57
18.71
12.91
12.91
14.23
19.52
13.89
13.56
19.82
20.73
14.17
15.97
16.2
24.36
16.86
29.92
23.51
21.59
30.08
22.16
17.14
9.42
9.78
9.83
9.86
11.14
10.91
14.16
15.93
8.58
9.66
17.3
17.17
15.07
14.55
13.24
25.94
18.5
13.44
15.02
28.71
11.3
33.13
12.41
9.73
37.81
21.71
38.16
24.64
63.57
52.92
55.64
42.15
15.22
18.14
17.73
17.43
17.25
17.07
16.54
10.79
25.81
30.78
37.95
29.43
36.66
20.36
19.67
19.75
18.2
19.66
19.8
11.2
17.36
23.41
17.57
12.09
14.47
15.42
12.11
11.64
10.64
12.38
12.53
12.3
15.92
23.84
38.03
28.08
50.99
70.44
25.19
17.88
10.16
10.12
10.18
19.03
16.41
16.95
17.75
26.49
23.72
28.03
21.25
32.07
21.57
17.63
18.97
13.71
13.15
16.54
20.6
11.91
14.01
40.7
36.21
45.12
36
8.68
7.75
7.59
24.7
26.5
15.44
14.89
10.09
8.47
8.24
8.26
15.48
9.9
8.49
9.54
13.5
36.39
32.92
23.47
16.49
10.38
18.48
9.82
7.89
7.51
38.32
13.4
12.17
34.71
27.47
19.82
20.6
70.05
39.94
33.31
23.35
22.28
19.09
51.1
47.09
34.6
33.46
37.55
43.82
17.08
15.8
15.76
13.44
12.92
14.07
15
17.11
15.47
11.27
11.78
27.21
23.69
25.61
18.3
8.7
13.23
8.81
22.76
17.94
19.07
29.62
30.46
54.56
29.8
14.14
12.66
11.9
12.43
12.48
9.45
19.79
19.26
16.34
13.87
10.7
23.62
17.1
15.47
22.75
21.05
16.23
40.91
51.33
44.45
45.14
51.81
41.09
20.11
22.77
22.49
22.35
23.19
23.13
13.02
9.1
14.76
12.86
11.9
9.36
8.89
9.84
8.83
8.45
9.31
6.16
4.12
37.39
20.47
25.94
16.72
22.32
25.1
15.61
15.46
15.3
15.6
15.64
17.07
19.02
11.73
13.85
13.23
9.25
8.62
8.53
8.8
9.69
9.06
8.95
9.11
34.98
21.17
22.12
11.72
22.17
18.96
14
13.66
13.52
9.05
12.13
9.48
18.34
16.01
18.25
11.85
10.78
8.35
10.44
10.33
11.26
10.46
9.22
11.3
16.16
19.5
26.33
16.71
34.29
12.99
10.31
11.02
10.98
12.39
13
15.99
10.81
12.14
14.01
23.26
22.9
21.17
22.48
21.02
15.55
21.56
14.42
11.86
8.82
8.12
8.57
11.09
11.03
11.52
13.73
14.53
7.84
12.26
14
9.09
15.32
11.99
11.32
9.72
7.97
9.67
16.79
8.72
14.73
16.14
14.18
12.07
17.05
19.88
27.98
28.8
19.09
58.8
18.68
8.97
11.31
13.09
12.41
8.99
35.9
40.47
12.41
17.52
15.84
12.71
12.93
14.44
16.2
14.73
16.81
32.59
18.88
16.8
30.94
25.75
16.79
10.28
20.29
16.44
10.51
10.97
9.51
9.9
16.64
25.38
9
9.62
13.84
14.37
13.63
14.36
13.74
14.76
13.7
9.18
7.48
8.93
39.41
16.7
9.52
23.2
11.83
12.81
13.06
13.03
12.77
15.16
13.75
16.38
18.5
7.08
11.17
10.58
18.25
19.65
21.89
12.85
12.74
10.32
4.02
3.13
4.24
7.08
9.74
11.06
10.3
13.98
11.74
15.27
10.73
14.01
14.1
12.42
36.24
16.98
39.61
19.4
19.3
13.22
20.77
9.23
18.28
32.4
25.4
23.38
23.25
32.93
10.52
20.42
17.2
13.1
10.56
12.42
13.42
8.58
9.48
11.83
23.65
11.78
13.8
14.52
14.37
14.66
14.74
14.76
19.33
20.24
15.19
19.72
16.17
34.03
10.78
7.25
11.27
9.48
10.47
11.08
10.66
9.04
14.81
21.17
19.99
24.04
20.61
15.43
14.8
14.78
28.03
19.36
17.38
17.77
18.33
17.36
18.34
17.41
24.64
14.66
11.35
10.26
11.56
11.61
12.13
13.19
15.27
15.77
11.48
25.18
25.41
17.48
12.05
32.89
11.4
8.55
8.7
17.4
10.34
8.38
32.34
19.3
13.18
9.08
14.95
12.2
11.85
11.3
10.04
11.71
16.32
14.34
8.22
7.18
12
18.93
19.79
23.16
21.87
14.79
14.18
26.73
29.36
39.53
37.12
21.61
13.72
11.41
25.83
6.21
9.31
10.8
10.35
8.3
30.78
46.16
37.76
12.87
8.27
8.76
10.47
11.54
10.1
13.92
13.77
8.45
9.6
13.11
23.18
10.91
11.86
54.08
14.47
10.72
6.89
8.68
8.16
8.6
29.48
18.69
14.98
10.21
13.22
11.26
9.21
8.34
13.92
14.88
14.17
11.02
14.49
22.67
19.43
19.99
14.95
12.94
14
8.08
10.01
8.15
7.18
10.74
13.47
26.61
34.16
16.29
10.76
8.24
9.62
8.63
15.66
16.73
14.12
13.26
9.71
14.94
24.92
20.92
13.03
8.79
8.11
8.53
10.46
9.95
7.62
14.7
15.53
13.99
13.97
15.95
13.45
17.54
18.32
18.9
18.13
17.51
9.95
12.91
14.07
14.51
24.09
11.5
13.53
10.47
9.29
10.52
13.33
11.05
10.79
11.66
11.52
7.18
7.93
9.99
18.49
27.59
14.85
12.53
17.92
15.32
12.57
21.72
20.14
12.82
23.41
23.76
20.63
22
17.4
10.06
7.69
9.39
10.35
9.86
25.56
23.74
15.44
7.26
17.37
17.95
15.85
15.81
14.57
23.89
29.02
16.29
15.05
21.49
20.98
19.12
21.7
11.93
9.15
9.57
9.69
12.06
12.7
8.63
23.27
26.36
11.09
13.27
51.5
16.86
12.43
16.05
15.25
15.51
15.57
34.33
31.13
26.5
28.11
23.15
10.41
17.4
11.22
10.5
10.77
10.87
10.64
8.78
9.84
17.33
17.98
19.2
15.43
14.08
13.98
13.68
14.86
17.09
28.16
29.2
30.79
27.73
24.26
28.07
17.01
11.06
13.23
11.08
8.57
10.47
10.78
14.13
12.43
14.64
19.41
12.05
14.52
9.93
14.53
14.77
14.74
14.57
9.14
13.98
25.37
16.19
21.15
17.92
14.44
17.73
113.5
17.15
12.83
10.3
8.56
55.49
19.55
30.09
15.96
14.63
8.88
9.15
8.95
9.36
34.59
15.13
8.97
9.16
10.8
25.08
31.35
49.46
65.54
15.02
11.73
22.81
13.71
10.47
12.15
15.28
12.46
11.22
9.18
8.12
8.16
8.37
9.24
8.38
8.96
9.37
19.87
22.31
23.96
27.15
37.06
43.82
38.7
12.54
8.31
8.64
12.04
10.52
10.32
8.45
11
14.16
22.18
26.86
23.59
28.95
29.06
29.7
24.98
30.72
31.43
25.36
16.19
14.24
22.12
22.96
47.28
227.65
37.5
8.88
7.93
15.28
10.32
48.47
230.28
68.57
24.27
9.9
12.46
10.17
8.96
9.25
8.96
9.05
27.61
34.1
33.16
33.35
39
58.54
15.79
15.18
8.8
11.49
14.87
13.58
11.78
9.09
41.81
37.32
13.33
9.04
13.05
18.48
11.18
12.83
8.34
14.58
9.24
14.02
20.43
19.15
30.47
25.76
22.61
10.57
9.51
7.57
7.54
39.49
13.71
7.82
10.05
10.18
9.64
15.18
11.06
9.54
9.33
9.86
14.01
25.08
18.8
41.41
84.27
35.25
37.19
27.11
22.64
13.82
11.72
8.6
8.52
8.65
9.7
10.67
8.83
19.39
9.81
11.07
14.65
13.25
10.37
10.26
9.42
11.24
9.16
13.2
25.15
18.54
18.22
25.06
24.28
14.57
9.6
10.89
9.76
9.67
15.62
58.96
24.38
15.43
11.72
8.27
9.86
9.53
16.26
16.12
9.6
9.03
8.73
7.81
17.43
15.66
14.2
12.07
29.46
7.97
11.73
13.05
15.61
14.4
12.62
15.8
12.24
9.82
11.39
9.85
20.95
10.3
9.32
9.2
8.38
9.26
17.87
10.06
8.36
8.8
9.44
10.4
10.79
10.56
12.76
12.36
11.72
11.88
11.44
13.55
13.31
13.07
11.25
9.06
12.02
9.06
9.08
10.61
9.04
9.8
9.56
24.1
17.61
16.52
18.28
18.4
19.74
25.62
10.08
10.5
7.91
8.68
13.14
13.7
155.25
40.38
22.02
11.31
13.46
11.21
14.33
20.72
12.36
17.52
13.98
23.95
10.84
20.24
13.14
9.61
9.82
12.27
12.56
15.94
19.48
17.3
23.51
8.59
51.1
69.79
27.14
45.93
22.8
31.87
12.66
36
58.17
28.8
9.37
8.18
9.81
10.1
9.88
12.26
12.11
16.98
8.97
19.94
24.86
10.87
7.48
7.95
18.28
14.81
14.69
18.97
13.73
10
9.59
12.42
13.66
12.72
9.73
15.76
44.11
24.8
16.43
30.63
11.97
13.39
15.12
13.61
17.81
9.65
15.04
13.35
16.47
25.51
12.55
11.56
20.93
14.97
14.1
11.35
16.85
14.41
24.91
25.89
26.92
27.41
19.57
21.62
18.83
15.15
5.29
3.41
7.8
4.61
9.76
26.7
10.91
10.4
13.63
9.9
13.1
13.2
13.19
9.82
9.62
9.75
9.56
8.41
8.19
8.5
9.56
8.94
14.71
13.33
21.52
15.36
14.98
15.06
15.99
13.83
21.39
13.27
10.6
9.93
12.07
12.33
10.31
17.59
14.07
13.95
12.28
12.67
16.3
26.81
25.61
27.74
48.35
41.9
22.02
50.96
81.02
63.02
66.6
61.7
41.97
31.03
19.82
16.37
14.94
13.07
17.48
11.52
9.62
8.35
14.47
28.06
19.13
20.02
18.16
16.87
12.04
20.35
74.08
12.09
16.88
16.97
14.88
14.59
10.52
17.35
16.06
10.32
14.7
14.21
8.87
8.62
12.18
14.23
18.48
21.28
17.04
25.5
17.3
16.28
32.78
27.54
26.39
9.11
7.25
7.71
7.56
8.5
20.35
25.78
49.19
16.37
8.55
9.78
11.02
9.46
9.44
14.52
13.76
22.9
31.61
24.63
33.85
37.95
34.6
36.43
11.99
9.35
8.36
8.28
26.64
197.23
89.2
39.58
19.62
36.77
11.52
25.26
32.02
43.82
11.75
11.33
31.77
21.65
17.9
46.38
39.8
42.17
14.43
13.92
10.38
8.44
12.04
8.39
7.3
48.86
67.17
18.95
11.74
14.43
29.83
20.11
13.1
11.94
60.46
27.87
13.94
15.88
10.55
8.71
8.6
8.41
11.8
19.43
9.47
7.5
9.85
8.43
10.99
10.36
11.63
41.6
37.85
13.92
12.15
10.05
16.57
10.95
9.71
14.8
8.74
16.54
15.7
16.07
16.97
18.82
14.44
13.43
10.35
7.85
9.14
8.24
7.83
12.48
17.07
12.75
11.69
8.85
12.64
10.63
8.85
8.74
8.34
7.97
9.79
15.73
15.02
10.85
9.81
9.49
9.15
8.65
10.01
8.52
11.15
11.6
24.26
18.4
20.71
18.84
15.5
11.94
15.77
13.37
9.5
8.46
11.94
11.21
15.14
15.48
8.13
11.8
8.61
7.64
13.56
11.97
19.44
13.49
9.76
10.02
8.57
7.95
11.12
12.94
14.04
13.33
16.79
8.51
23.16
10.51
8.86
10.7
17.33
21.57
27.55
28.29
29.52
18.64
15.69
14.61
10.79
9.92
20.35
12.39
11.17
7.31
105.41
30.22
46.01
33.84
13.04
8.07
9.1
12.82
11.77
11.73
12.63
19.32
50.67
30.95
21.96
29.72
14.56
8.5
14.28
12.83
11.87
11.77
29.73
22.11
17.69
19.22
10.82
14.9
25.02
22.15
19.16
20.22
26.13
35.51
27.13
20.19
24.39
23.31
17.68
20.74
18.66
23.65
15.22
18.54
18.03
9.84
9.75
59.46
112.91
42.41
27.47
58.12
36.02
25.39
10.12
8.41
13.89
12.27
13.48
13.08
34.32
16.65
13.9
18.88
13.35
25.48
13.47
11.4
37.4
13.24
11.28
15.41
15.29
13.5
10.56
12.03
12.44
9.66
9.31
9.74
10.2
10.23
10.7
13.5
37.6
15.99
12.62
11.91
9.35
12.29
9.1
12.52
13.22
13.69
13.64
15.71
10.85
14.8
21.96
10.52
9.71
14.58
9.96
22.41
18.47
10.05
9.26
9.05
9.67
12.21
10.72
9.46
9.82
10.45
28.63
16.82
22.66
15.19
24.86
16.25
15.44
31.6
22.94
15.91
13.91
12.12
8.9
9.91
8.5
9.86
11.11
9.04
8.34
8.91
15.37
15.75
15.33
15.11
11.58
12.23
17.57
19.13
19.74
18.78
12.53
11.57
16.48
10.78
15.25
16.28
13.34
12.71
12.85
11.5
10.75
11.67
9.59
8.71
10.95
8.6
10.9
15.07
13.6
16.79
17.59
51.9
39.29
25.98
11.41
11.47
23.73
14.15
9.05
15.28
17.8
14.06
23.33
16.8
9.64
10.74
9.45
10.44
10.14
11.33
10.05
11.35
10.43
10.06
12.57
13.05
13.71
17.14
14.47
10.63
13.56
9.54
9.31
8.23
14.31
12.59
12.45
7.98
8.45
12.15
10.5
9.88
10.2
14.03
14.92
12.1
15.74
11.1
10.86
10.6
10.8
8.49
11.09
10.28
9.55
20.34
15.51
20.15
15.8
14.86
28.85
20.11
18.4
19.38
13.07
11.11
11.17
16.63
12.23
16.59
13.22
12.18
12.12
17.3
14.45
19.05
15.56
9.16
7.83
13.35
14.34
14.11
17.31
17.93
23.82
31.45
62.95
46.68
33.19
39.18
46.34
44.04
13.07
12.38
13.74
8.8
7.97
7.78
8.27
8.62
9.08
21.5
25.65
17.69
22.69
30.07
39.93
20.57
17.61
30.99
18.4
40.63
30.58
46.74
19.41
12.66
11.67
47.62
17.29
15.32
10.81
10.7
9.88
10.33
11.01
11.95
9.36
11.83
13.93
9.52
9.09
9.84
8.56
11.13
12.14
8.2
8.23
8.33
8.2
10.01
9.65
17.81
39.51
11.95
14.29
12.09
11.83
11.73
36.94
27.43
9.33
12.6
28.4
17.09
10.97
10.31
8.58
9.21
11.01
8.79
13.76
11.23
10.85
10.41
14.12
15.95
51
101.38
135.52
126.9
120.19
73.52
75.97
123.62
37.13
15.6
7.72
11.49
9.42
8.68
40
16.69
13.06
18.39
20.11
16.28
14.69
13.71
32.63
28.84
14.01
13.27
17.41
13.86
17.78
21.13
29.75
22.8
13.63
10.82
54.68
19.25
11.86
25.08
25.08
40.15
31.58
28.19
28.43
51.81
59.91
51.93
26.87
21.23
11.08
18.37
18.07
18.34
17.4
85.21
26.39
11.62
12.56
9.23
10.27
11.87
16.41
23.92
23.43
17.42
15.15
17.56
16.31
15.26
22.86
18.27
11.62
12.48
38.06
15.68
9.12
9.85
7.61
15.66
35.71
28.75
17.61
10.14
9.11
8.89
11.88
13.43
13.88
12.33
12.69
12.02
21.29
15.7
8.91
16.4
11.47
15.38
8.49
7.6
2.95
5.93
4.84
15.9
23.59
11.44
4.96
4.2
10.64
12.01
10.56
9.65
11.16
11.73
12.21
9.39
8.66
15.78
10.17
11.58
9.01
8.98
17.7
9.18
9.93
10.56
11.97
14.91
15.06
14.48
17.46
12.44
8.39
8.95
29.51
33.34
21.48
132.43
280.14
276.57
252.26
58.46
17.72
45.4
12.92
12.29
17.45
71.45
16.11
9.11
13.39
8.56
10.13
11.26
9.35
16.74
21.57
47.21
21.62
50.5
36.79
17.3
67.41
18.68
99.63
47.44
21.43
36.34
13.89
17.73
69.06
48.72
15.13
8.5
8.08
6.34
13.37
16.15
11.26
13.84
18.19
17.1
17.59
12.68
27.86
24.75
16.1
20.01
19.5
27.35
22.14
44.35
34.7
17.59
10.36
16.19
13.21
16.72
18.34
27.11
29.98
27.25
16.82
10.85
14.62
10.28
11.8
14.72
14.33
16.56
15.49
24.51
20.59
20.3
14.05
23.94
13.78
34.31
12.31
12.93
12.48
16.14
10.8
10.27
12.89
14.89
7.99
8.35
18.1
17.38
11.42
16.41
16.6
16.62
8.61
10.06
9.98
9.91
10.2
16.68
14.24
14.39
17.56
12.54
9.8
10.32
12.49
13.8
9.77
10.17
14.09
10.05
18.36
13.98
10.54
9.42
15.94
15.89
11.34
15.28
18.35
10.18
15.69
12.93
11.78
11.68
14.5
11.75
8.75
10.07
11.1
9.19
11.66
11.5
10.11
14.68
17.39
14.06
11.01
18.48
18.9
14.3
14.22
11.33
11.38
17.17
9.98
8.83
10.69
13.76
9.89
9.55
8.97
9.68
13.87
13.26
13.34
13.36
15.11
13.23
18.59
20.7
14.25
14.28
19.78
16.84
29.95
37.02
27.86
20.72
19.09
17.85
26.05
43.87
38.6
13.59
15.65
13.07
22.5
28.73
28
26.32
22.97
30.29
13.9
23.94
47.3
28.24
20.18
21.62
176.87
283.13
94.13
21.53
10.67
7.54
23.64
35.9
19.08
14.88
23.25
15.82
11.29
13.33
15.24
12.58
18.4
12.57
8.37
10.4
14.38
15.53
12.78
12.13
21.99
23.91
21.73
27.87
18.35
37.23
19.32
14.02
33.46
15.18
11.11
10.38
9.35
11.39
29.27
40.3
19.22
10.44
8.21
8.4
9.34
9.46
34.25
39.1
16.77
14.78
13.83
15.86
14.48
16.99
12.46
12.61
9.72
9.78
9.92
13.78
10.83
20.11
13.72
11.22
13.42
18.64
19.25
18.16
19.49
19.84
20.36
37.69
21.56
13.92
21.49
23.5
23.36
43.41
12.23
11.9
18.81
9.9
16.76
14.31
11.12
11.72
14.41
18.27
12.36
11.38
16.09
24.99
26.66
29.38
63.61
20.53
32.68
18.2
34.14
14.96
13.14
13.24
23.65
25.58
22.97
15.51
12.67
19.74
27.44
27.19
29.66
16.94
20.32
17.23
22.4
43.9
32.3
30.41
21.24
14.77
15.03
23.46
20.23
21.44
16.43
24.27
20.07
36.95
17.9
10.04
12.47
10.67
12.81
17.25
23.23
11.54
15.25
15.64
16.3
16.48
16.04
14.48
23.12
20.33
39.81
29.45
28.02
20.68
15.73
17.18
14.17
16.47
9.98
12.36
14.67
15.43
13.91
13.37
12.03
10.01
10.8
16.44
19.62
26.53
22.03
18.42
19.17
33.82
25.6
27.28
39.67
48.97
45.58
32.56
32.17
27.88
12.99
13.77
12.49
9.1
10.48
9.16
15.21
20.38
25.52
28.33
30.43
29.32
34.88
35.38
47.91
26.46
126.6
296.3
207.02
111.34
76.8
69.12
84.3
44.2
44.47
28
17.97
9.42
8.57
13.6
12.08
9.71
15.99
12.76
12.09
14.44
15.91
15.68
16.94
41.9
34.84
34.02
29.16
20.16
15.87
19.32
17.98
13.24
9.19
13.88
9.64
8.71
10.32
14.25
11.87
14.38
10
9.52
10.62
11.56
19.65
22.98
25.66
16
47.38
54.28
56.27
55.83
62.34
40.82
35.44
27.25
14.14
14.05
15.51
13.3
15.32
17.09
14.13
11.3
13.26
13.36
15.89
18.72
28.76
17.35
15.85
18.2
71.84
55.08
47.78
45.4
21.47
17.48
11.54
13.24
10.61
12.72
13.09
13.96
17.09
18.45
16.33
16.2
14.54
8.73
26.96
38.2
14.51
9.8
9.83
8.06
9.49
12.64
21.32
10.45
10.72
10.44
14.4
13.19
11.19
17.9
15.33
50.69
21.65
50.99
25.75
13.14
9.77
12.91
15.34
15.33
13.7
11.72
11.84
15.1
15.5
22.96
27.04
25.58
24.23
22.08
24.14
16.83
14.7
12.52
12.09
15.45
16.84
13.12
13.88
11.69
11.35
15.17
11.93
21.89
19.55
37.85
43.48
17.83
14.51
37.96
30.33
29.34
30.09
52.4
58.98
49.96
109.95
78.76
34.21
41.27
35.88
35.1
22.18
15.17
15.81
5.03
16.26
18
13.98
11.86
31.61
17.44
34.03
22.84
34.5
22.7
13.67
49.27
34.67
41.13
30.51
15.61
14.36
15.54
22.33
29.4
17.08
24.14
20.78
24.81
13.44
16.37
52.13
26.34
20.6
18.7
20.9
20.44
18.2
12.55
11.79
9.95
10.28
12.73
9.99
11.87
8.92
7.91
7.84
9.43
9.98
43.34
19.48
20.04
10.16
8.03
14.64
12.91
14.39
15.64
14.66
14.68
14
15.03
15.65
15.36
10.24
10.86
11.96
12.43
12.43
13.41
12.88
12.32
10.68
10.92
10.03
8.77
15.31
14.75
12.77
20.31
18.56
15.95
11.43
15.54
105.1
45.42
14.31
16.77
13.05
10.4
9.39
8.58
11.87
12.72
12.42
9.29
9.39
9.65
11.53
9.36
15.15
24.61
22.24
11.14
27.24
26.03
26.11
52.72
54.37
54.88
20.59
27.3
16.12
10.73
7.55
9.03
35.23
12.45
10.93
27.75
52.18
34.11
17.27
22.7
22.9
89.13
17.01
36.5
14.48
35.21
40.78
39.74
39.07
41.78
40.12
16.71
12.4
19.96
12.94
48.6
19.02
32.78
13.63
8.83
9.16
8.98
9.57
17.12
17.73
26.73
31.36
32.53
27.7
30.25
34.72
56.88
38.53
19.05
15.92
13.46
40.03
21.87
8.8
15.01
12.9
10.87
8.43
12.32
10.38
10.78
15.56
15.88
23.16
24.32
30.82
31.77
72.02
24.04
63.41
52.17
75.7
91.54
49.48
84.45
46.27
38.71
21.04
22.3
31.77
15.72
15.31
28.18
23.28
27.81
23.31
20.97
17.98
29.41
32.75
57.06
34.65
262.27
286.08
296.21
305.55
259.28
68.21
45.78
52.44
36.98
50.72
19.13
18.53
17.93
23.19
27.13
22.69
21.96
17.28
11.38
39.65
17.32
35.06
33.69
20.43
16.43
11.58
40.83
301.24
266.87
251.97
211.4
25.73
25.2
15.07
28.76
28.89
24.09
25.95
33.33
16.54
18.17
15.13
11.12
9.46
28.47
31.3
31.83
31.07
32.41
23.91
33.16
37.82
14.96
11.87
12.36
10.45
13.47
10.04
11.23
11.2
10.61
10.49
12.12
14.44
10.6
16.75
11.4
9.97
12.41
13.8
13.69
21.77
19.27
21.89
38.98
32.73
55.48
23.2
12.69
12.69
12.07
12.06
12.21
10.38
10.38
18.17
14.04
12.34
14.66
14.53
10.49
9.74
22.66
15.28
13.29
22.03
23.41
112.37
323.25
74.96
39.27
18.84
20.26
35.49
21.35
11.74
12.9
9.29
8.4
13.14
13.89
12.77
21.57
37.95
23.54
19.13
15.8
19.17
21.22
22.83
17.31
39.69
58.36
22.56
27.36
59.31
37.54
34.39
32.6
26.27
15.11
21.1
15.35
15.03
12.58
10.93
18.32
10.53
18.33
15.54
21.31
21.85
12.33
45.34
39.58
15.33
64.76
55.06
40.32
39.74
36.6
42.74
34
23.21
18.24
10.22
8.44
9.64
10.55
14.28
19.83
20.47
14.39
15.05
15.06
14.51
15.35
47.97
29.91
53.86
60.76
35.56
29.06
35.55
16.56
13.09
8.85
9.79
10.24
11.5
8.14
8.61
14.19
10.53
14.13
13.66
10.14
20.3
26.39
27.75
23.66
27.76
18.38
15.68
10.72
16.82
16.96
39.74
41.4
9.91
10.79
10.67
9.29
8.61
7.6
13.86
11
13.28
15.4
14.91
9.87
11.32
20.66
22.27
21.86
18.91
20.87
20.44
58.13
36.58
22.15
29.9
24.17
15.48
9.07
8.46
8.71
11.43
12.55
15.41
16.64
12.07
10.21
12.5
8.6
8.38
10.14
11.49
16.34
22.28
22.37
12.74
23.97
40.74
37.53
35.43
42.74
16.1
10.85
9.29
8.39
8.89
9.42
9.5
10.29
17.25
17.58
14.27
8.92
9.56
8.06
13.11
12.87
14.82
13.96
15.05
12.62
20.32
16.1
16.27
16.28
9.62
10.14
9.5
8.19
12.68
12.6
9.95
11.58
12.26
12.01
29.28
16.79
14.84
15.88
21.63
15.83
11.58
9.01
9.3
16.44
14.91
21.32
17.47
15.95
15.15
15.12
17
9.02
17.41
7.64
13.88
8.26
22.76
23.57
19.64
62.16
37.72
12.65
9.25
13.59
10.61
11.16
10.99
9.7
8.39
12.03
9.81
10.56
16.55
14.83
23.37
10.35
10
51.46
13.55
54.01
21.2
16.43
18.29
14.19
11.99
10.79
11.05
10.04
11.51
10.08
12.73
33.31
47.97
39.06
32
22.05
11.37
11.9
14.18
12.21
9.3
8.08
8.02
8.85
67.74
25.27
41.61
33.27
27.3
39.97
64.34
25.38
13.73
20.93
28.6
25.7
43.79
33.89
34.69
34.63
24.13
16.04
13.5
15.73
10.62
12.41
8.83
12.45
16.03
10.97
14.03
22.47
16.59
54.2
47.28
26.29
38.76
27.49
33.84
60.67
37.58
31.65
30.03
31.73
28.45
48.54
21.55
9.62
8.58
8.71
7.83
8.3
12.41
12.75
16.45
21.79
24.06
14.19
23.15
43.66
24.7
64.03
33.95
34.46
36.76
28.78
29.8
41.36
51.96
24.39
10.12
7.76
9.44
3.22
2.72
8.57
11.54
12.44
8.89
7.72
12.09
9.25
34.8
25.43
19.38
16.16
46.15
54.59
27.8
35.73
30.86
12.13
11.98
10.54
8.33
14.31
18.27
12.86
12.32
10.89
12.9
63.42
26.86
15.48
13.7
12.97
10.92
12.22
17.21
19.15
28.65
34.15
56.25
18.05
17.33
25.42
22.09
12.32
25.64
25.68
12.61
18.6
11.29
9.64
11.68
19.79
17.8
11
16.89
17.55
13.89
24.21
53.06
41.92
249.59
315.24
332.21
126.24
81.56
40.86
32.78
18.28
13.53
23.61
29.2
27.24
21.72
23.46
21.67
17.46
15.52
25.85
24.73
31.46
35.81
43.98
71.77
18.92
45.85
16.47
51.05
47.09
42.94
15.3
11.64
11.03
3.33
2.72
2.75
3.51
4.29
8.62
10.48
13.5
13.1
8.22
10.1
9.33
9.2
11.92
12.42
21.12
15.66
21.16
34.33
30.5
30.66
22.19
14.43
13.5
10.12
9.97
10.21
11.86
12.21
12.52
8.9
8.92
14.85
21.64
32.48
32.09
39.71
33.44
25.52
16.26
19.43
13.55
20.04
12.85
18.21
14.41
13.19
9
5.05
3.13
3.4
3.64
4.24
7.87
12.47
14.09
15.78
8.01
14.06
24.1
28.88
28.86
49.8
50.73
58.75
23.74
55.78
21.09
14.58
12.3
18.79
26.01
13.68
16.72
14.43
9.07
9.27
11.23
13.02
15.3
21.17
11.49
13.96
14.81
16.54
15.54
15.19
14.98
12.39
8.19
8.3
12.34
12.86
9.46
11.63
10.93
14.82
17.31
15.77
14.81
14.91
15.66
18.16
18.18
12.77
12.15
10.41
10.94
14.63
13.58
11.96
8.36
9.9
10.44
9.47
9.09
7.29
13.18
11.86
11.32
35.92
12.01
9.65
9.76
10.64
8.97
9.98
13.56
12.55
12.12
13.15
11.22
9.82
7.9
9.45
12.26
9.36
9.66
8.63
8.71
8.88
12.42
8.76
8.3
14.35
14.33
16.01
11.97
11.35
20.03
17.26
28.49
12.96
13.19
9.71
9.56
8.4
9.53
8.58
8.31
9.32
10.37
14.01
12.28
13.72
13.01
13.04
12.79
15.36
36.63
16.31
16.27
58.43
47.3
17.25
11.2
11.51
8.41
10.52
8.35
8.3
9.37
9.76
10.97
11.23
11
14.62
14.52
8.53
5.33
9.05
10.37
10.67
10.37
11.96
17.78
15.03
17.32
14.07
16.3
15.55
9.86
10.28
9.03
11.42
10.2
11.55
33.27
16.28
9.56
13.04
12.58
14.93
11.68
8.42
10.3
14.52
8.81
14.73
14.99
12.74
13.22
15.01
13.8
23.72
14.16
15.63
17.19
17.85
12.88
21.66
14.48
32.51
44.51
23.1
32.72
29.64
26.54
13.88
16.91
8.93
28.55
27.44
27.76
27.24
62.28
44.41
23.59
12.99
11.78
10.96
8.85
8.45
11.14
11.3
11.71
13.95
9.29
11.79
12.33
15.98
19.18
14.76
14.41
23.16
12.08
11.11
13.19
11.53
13.19
18.11
10.62
12.53
18.66
24.41
14.27
22.98
14.89
14.76
17.8
25.88
37.91
35.27
38.07
37.2
24.38
12.91
14.58
11.86
11.12
3.96
12.27
12.06
10.99
15.85
17.68
8.26
7.36
10.38
10.88
8.33
8.78
9.16
8.68
8.6
8.4
11.26
8.25
19.1
9.9
10.87
11.93
26.74
14.82
12.05
11.8
11.31
15.96
13.87
30.14
17.46
15.93
11.15
8.92
10.41
11.24
8.73
7.37
8.46
14.15
10.79
11.35
17.7
12.44
10.59
10.52
10.56
9.72
9.07
10.39
10.75
7.91
9.34
12.22
15.01
11.34
15.11
16.89
13
11.53
16.34
22.79
17.65
19.95
15.14
16.45
22.82
10.99
10.61
9.69
17.23
13.36
14.55
18.43
20.52
14.36
12.2
10.25
9.27
10.23
10.2
9.92
11.47
9.15
8.58
10.24
14.27
19.32
32.19
20.14
15.91
13.18
11.06
18.03
11.17
19.66
23.19
26.04
23.88
18.27
14.78
10.86
16.66
10.61
9.98
9.93
9.77
10.64
9.22
11.7
9.84
8.93
15.3
8.3
10.54
9.07
13.93
11.67
11.33
13.88
9.88
8.52
10.8
8.01
13.92
13.78
14.76
12.58
9.87
9.07
13.56
12.85
11.77
13.42
9.17
7.67
9.26
8.74
8.56
11.27
18.8
16.74
19.18
15.68
14.23
13.45
17.65
16.65
14.91
15.58
10.35
7.64
7.73
9.06
10.55
21.38
19.94
17.58
10.61
9.01
21.35
16.19
32.25
15.76
60.06
59.68
18.68
17.97
16.54
16.46
17.85
18.15
22.39
23.26
13.08
46.23
32.31
22.61
21.23
13.75
12.21
10.96
23.53
51.6
32.37
29.27
38.84
25.81
23.95
11.26
9.49
18.86
9.35
12.41
16.42
15.42
12.35
14.75
8.59
8
10.64
13.38
12.88
17.78
15.61
11.64
26.03
38.99
35.94
27.87
40.54
28.25
37.85
19.21
9.81
11.01
14.72
12.86
15.45
10.53
13.4
12.79
8.58
7.71
11.08
11.27
11.67
17.35
17.37
17
16.11
22.69
21.29
14.8
18.12
24.82
15.59
18.29
10.76
22.85
14.32
9.8
15.33
21.02
30.62
12.2
17.31
14.9
14.77
13.85
11.84
11.93
13.41
24.79
14.69
187.73
294.84
57.39
77.92
54.86
17.14
13.46
14.24
17.65
12.04
14.32
7.85
11.04
92.79
20.74
15.43
14.53
15.14
14.24
14.65
16.48
21.69
17.3
8.44
14.46
14.6
11.45
13.77
13.71
9.28
12.16
13.23
11.3
12.43
12.49
13.4
17.02
11.83
23.93
30.24
11.34
11.4
15.5
21.62
18.95
17.4
9.2
12.89
10.16
8.94
8.57
11.68
9.81
10.45
15.68
25.07
30.96
31.25
35.77
36.63
20.44
19.87
45.9
35.6
33.37
31.08
30.91
16.1
18.36
17.69
16.81
16.48
13.78
44.3
47.49
35.97
31.24
16.61
11.06
10.54
11.17
9.52
13.35
11.22
12.74
26.48
28.57
15.07
12.62
10.66
13.13
11.3
8.85
11.95
8.2
38.73
101.01
61.23
216.77
256.89
68.6
36.84
33.93
40.76
20.24
10.55
12.26
11.34
9.87
9.78
10.11
15.13
13.37
9.7
13.14
10.39
11.49
17.45
14.35
17.47
20.98
24.23
23.34
23.06
17.73
16.5
9.82
15.32
11.58
14.03
10.22
11.43
11.8
11.72
12.65
18.19
15.26
10.86
9.85
9.84
10.64
10.51
9.65
12.02
21.08
9.48
7.15
11.83
18.85
16.55
14.72
29.53
16.09
19.08
28.7
23.15
21.61
16.12
9.45
15.01
10.1
8.09
8.36
9.2
8.24
13.85
15.53
9.09
9.57
19.7
10.17
18.61
17.94
12.39
12.95
9.27
13.91
15.22
8.99
7.77
8.05
19.88
43.58
20.33
17.99
14.59
11.68
12.88
13.38
14.1
12.85
17.01
51.69
253.11
98.3
21.64
15.34
17.06
32.91
13.36
8.68
8.76
8.74
8.74
119.92
18.68
5.83
8.79
14.44
10.4
10.89
11.88
11.32
8.78
8.71
9.08
8.44
12.88
13.25
12.53
10.26
36.28
54.78
14.89
11.15
10.11
11.91
13.92
14.17
18.24
111.39
27.76
12.57
14.2
11.07
11.65
11.11
11.36
9.16
11.8
14.15
13
11.59
3.32
11.14
15.95
18.97
29.27
21.44
12.62
3.47
13.81
55.23
13.15
9.6
9.3
13.94
14.87
11.9
11.91
9.64
8.33
8.47
9.19
11.76
16.15
15.56
20.83
12.02
13.53
9.47
16.52
17.36
17.48
15.8
12.94
31.86
55.57
19.5
33.34
23.12
10.68
10.81
13.33
11.87
17.36
21.94
39.75
186.17
254.82
77.44
20.92
21.58
24.99
21.52
11.64
9.31
12.21
9.02
13.39
9.78
17.15
14.54
14.53
11.07
12.49
13.79
14.54
12.21
9.46
13.41
11.91
9.97
10.43
11.32
13.37
8.46
8.95
11.28
13
12.08
17.52
28.86
16.39
12.13
10.47
10.74
11.43
7.89
8.05
9.68
9.83
11.62
9.69
9.22
13.72
15.41
21.81
14.19
13.58
13.08
9.6
8.69
11.95
12.39
23.76
18.67
24.18
9.95
19.39
16.44
16.65
12.9
12.61
10.04
14.84
18.66
19.18
20.78
12.17
9.32
10.39
13.97
9.35
9.18
11.31
15.56
11.09
8.04
7.67
8.5
8.79
9.58
14.22
26.21
16.02
18.12
12.01
9.24
9.34
12.13
10.89
14.06
36.44
12.47
14.96
12.58
11.43
11.71
17.85
18.23
18.39
8.45
18.48
8.5
13.23
22.3
18.72
35.16
26.14
58.05
25.65
16.66
14.25
10.84
46.18
14.49
15.43
27.06
17.79
23.46
15.74
15.08
23.4
58.04
16.74
12.91
14.3
14.58
11.44
9.59
9.96
11.51
16.95
24.26
10.79
11.06
9.8
29.42
12.13
13.07
9.18
20.7
14.55
17.59
13.47
18.23
17.32
13.84
8.64
17.49
20.94
10.56
10.47
10.04
13.47
11.88
9.11
8.66
10.77
13.03
13.79
13.77
13.79
13.86
13.16
11.18
16.38
33.57
16.38
16.14
11.39
9.41
9.61
9.96
9.7
10.39
10.47
10.63
19.97
41.38
16.83
13.41
16.51
17.73
15.07
15.32
18.81
21.41
22.87
23.31
15.08
35.53
32.73
27.32
17.47
46.64
32.73
36.96
29.81
47.51
24.54
15.34
25.44
24.26
22.89
18.18
73.54
33.17
25.27
44.43
63.49
26.57
25.7
30.48
29.86
23.48
14.39
17.85
17.57
34.48
12.62
31.07
26.06
10.62
8.52
7.79
14.08
12.67
12.15
12.33
10.43
8.97
10.56
10.78
8.41
9.61
9.81
10.96
12.81
17.79
12.35
13.57
13.71
17.79
19.09
23.4
14.51
10.86
10.79
24.55
12.54
11.1
14.32
11.88
8.35
7.8
9.14
9.54
8.31
11.08
9.07
11.15
13.7
13.92
14
15.6
12.65
9.87
11.18
10.83
10.96
15.74
10.82
10.47
17.53
25.44
17.07
17.77
8.84
8.03
10.03
18.72
15.65
16.04
10.97
9.68
18.95
30.65
12.62
15.52
12.98
10.41
9.89
12.7
12.03
9.87
11.74
10.06
10.48
18.69
11.44
9.49
11.71
9.96
10.59
10.72
19.4
10.85
16.2
17.61
20.87
35.2
27.42
24.39
22.53
11.85
12.42
12.04
11.9
11.73
9.41
17.05
25.99
19.9
27.43
16.22
15.08
14.31
12.9
13.43
27.21
16.66
23.08
29.3
31.49
232.11
35.88
20.3
20.25
10.67
10.03
10.94
10.22
9.77
9.91
11.77
17.49
18.34
15.15
15.86
15.39
14.82
14.69
11.87
13.03
14.15
11.58
17.32
18.48
26.84
15.55
17.52
11.62
11.96
8.94
9.31
10.23
10.01
10.29
9.22
13.6
11.08
12.11
11.04
32.26
14.76
12.01
34.64
11.74
12.96
10.66
13.3
11.73
13.54
20.67
18.04
13.55
10.19
9.3
9.33
9.16
9.81
9.35
10.33
13.41
26.93
27.57
26.6
15.74
20.06
13.34
30.61
12.92
13.91
21.59
21.05
13.5
64.84
38.32
29.57
13.85
13.21
13.51
12.12
12.64
13.17
12.8
9.1
14.44
17.9
22.82
15.97
14.02
41.59
36.41
32.36
32.54
34.35
38.12
20.81
37.58
18.29
19.13
21.02
24.16
18.27
13.14
27.72
13.85
53.38
25.67
53.7
69.07
23.73
16
34.39
31.58
19.56
16.59
14.97
12.96
16.22
13.56
21.94
10.21
9.96
33.28
22.43
20.55
17.2
12.86
14.8
12.59
14.86
15.04
10.61
14.6
10.07
10.85
11.27
10.19
11.34
15.87
14.02
11.82
14.87
15.36
13.23
12.07
12.53
9.72
13.43
13.83
19.31
14.62
14.41
14.32
14.16
12.52
12.78
12.24
13.05
11.07
10.43
12.61
9.22
14.76
8.83
10.22
8.39
13.83
14.82
13.05
15.23
12.91
13.79
24.08
16.31
7.99
15.36
8.41
15.45
19.26
25.89
19.91
22.82
20.84
10.06
11.3
9.42
16.23
12.11
11.44
11.27
11.79
11.58
13.94
15.71
10.72
26.57
13.91
14.68
51.31
15.44
11.9
11.94
11.89
11.46
16.52
20.25
15.85
11.7
13.77
11.89
11.77
13.09
13.21
9.27
12.34
16.21
15.88
15.82
17.26
12.48
11.74
12.41
12.05
11.38
11.85
10.85
11.36
12.01
16.16
12.08
12.93
10.38
12.11
18.32
18.88
17.37
10.2
18.39
11.17
16.81
14.29
15.42
12.34
13.29
31.02
25.66
19.54
12.83
21.09
22.6
19.76
15.65
18.32
12.96
14.33
12.39
13.94
18.52
13.12
12.29
13.14
13.55
15.35
16.16
31.2
32.29
35.95
38
40.41
40.59
27.82
56.44
45.36
47.64
46.89
46.97
36.82
43.07
46.65
31.13
17.76
21.8
27.07
22.96
25.08
28.94
15.47
17.3
18.96
21.92
19.13
22.88
22.09
14.75
16.86
10.69
10.01
10.04
32.77
11.06
24.34
36.68
17.61
28.58
35.63
23.76
44.58
43.31
15.8
15.4
17.82
21.75
23.59
27.3
24.93
19.43
21.86
65.55
16.7
13.62
47.08
49.54
49.98
55.37
38.28
38.63
18.19
9.55
12.61
9.27
10.64
9.7
14.99
14.5
15.34
10.84
13.44
8.64
10.64
13.05
14.82
16.73
9.08
18.31
41.77
20.12
40.53
42.19
20.58
14.78
10.62
12.61
16.51
11.68
16.1
17.59
13.54
13.21
11.61
14.39
12.87
7.66
14.34
11.52
17.84
16.12
17.24
27.52
28.78
23.15
9.31
13.23
12.4
12.7
38.54
20.37
18.62
22.57
21.31
21.63
30.87
18.65
19.77
20.91
11.67
17.95
19.33
21.97
22.11
26.21
27.11
26.96
18.7
16.38
16.71
15.37
19.06
37.05
54.57
17.98
12.56
12.12
12.58
10.35
9.44
12.4
11.97
10.4
21.57
12.68
13.83
13.22
15.38
45.13
31.78
15.71
18.17
18.98
16.39
19.39
27.39
13.77
9.29
14.57
9.39
12.28
12.91
11.39
17.2
14.94
12.17
10.76
8.81
13.18
9.36
13.58
15.99
11.81
7.72
23.35
28.27
38.09
42.79
27.76
32.2
15.96
9.96
12.93
14.13
13.58
14.75
14.69
16.86
13.55
13.93
14.71
16.26
11.2
14.93
14.49
13.8
14.64
13.77
11.47
20.12
22.03
24.17
21.35
23.48
58.07
27.43
11.27
34.11
27.77
64.1
47.09
35.97
32.87
35.73
35.25
32.76
41.89
46.51
39.56
15.21
16.73
16.44
26.12
25.8
27.83
22.46
22.84
12.24
14.67
20.42
18.07
14.97
18.39
43.43
21.17
16.99
15.96
13.4
14.23
12.7
14.09
12.7
15.95
17.52
40.05
10.59
11.87
17.41
14.63
10.38
7.97
19.05
11.05
14.98
10.36
8.43
15.13
10.79
8.52
7.86
10.3
11.05
11.44
10.84
9.12
13.04
9.41
14.87
21.73
19.15
20.11
12.92
11.28
12.05
27.34
14.46
17.36
15.17
11.48
10.1
11.06
11.02
15.36
15
14.73
14.68
11.8
16.24
12.26
14.88
13.23
29.55
43.03
23.61
19.59
21.47
21.69
25.65
29.98
24.14
13.24
9.58
9.17
12.52
9.31
13.88
11.14
9.42
9.38
8.96
9.28
14.66
10.52
11.75
11.33
11.73
15.66
17.67
9.74
11.43
9.78
11.2
28.79
27.77
24.69
39.27
15.6
11.79
10.45
11.28
11.91
10.88
11.26
10.36
18.3
30.45
25.73
23.72
17.32
17.95
24.59
15.99
17.57
18.09
18.12
36.33
19.78
13.03
31.03
23.97
10.53
23.69
9.66
8.09
14.13
13.87
14.98
12.03
9.2
32.03
27.76
18.28
11.82
13.8
20.89
19.19
18.91
18.46
15.58
18.7
14.94
42.55
22.21
19
22.87
33.4
28.89
15.29
13.97
13.95
14.32
9.76
255.54
263.12
250.22
11.72
13.74
21.5
27.12
44.11
14.73
12.05
18.59
29.77
16.05
11.88
13.98
13.27
13.01
15.95
16.57
16.43
15.96
15.81
13.97
11.32
12.22
18.75
12.84
10.86
15.38
40.72
28.95
83.46
48.4
11.84
12.82
49.91
82.85
28.58
21.89
25.49
34.09
18.34
12.62
13.03
34.96
31.56
24.01
26.36
13.14
47.49
21.42
9.9
23.36
50.18
63.86
73.11
54.11
72.59
75.79
83.43
136.48
55.64
50.38
50.73
34.17
22.51
20.47
16.02
11.27
9.52
11.66
17.87
30.52
35.85
20.96
24.88
43.53
22.67
71.77
27.62
12.87
12.32
9.19
27.21
21.96
30.84
81.13
59.65
22.2
52.9
70.47
113.21
130.64
122.27
43.18
34.13
104.75
260.06
112.32
41.33
15.65
81.49
38.04
27.09
18.17
15.9
83.08
100.91
153.16
86.01
53.89
21.62
10.52
20.67
24.2
24.96
25.88
17.96
24.5
31.32
263.31
263.02
74.55
39.26
44.65
50.81
110.71
29.73
8.72
7.02
17.64
14.81
11.17
28.76
85.94
41.43
35.75
17.11
10.95
11.86
22.14
16.04
15.77
13.62
41.18
24.26
12.25
12.74
14.7
22.78
15.52
23
22.67
17.77
17.54
21.91
21.17
191.38
77.94
46.51
57.69
17.99
37.86
28.03
35.77
47.08
22.63
14.39
21.87
29.72
13.25
11.31
12.39
18.97
26.15
67.03
33.23
16.89
66.45
106.16
95.7
32.4
16.16
14.09
16.22
16.14
13.9
15.56
11.32
10.88
11.71
10.48
14.43
19.3
12.49
9.9
17.35
22.32
69.24
20.97
23.44
10.98
25.88
27.48
48.7
15.82
18.93
12.08
29.78
22.67
25.27
17.42
28.5
30.87
19.94
22.72
39.66
23.2
19.38
17.17
17
20.8
77.31
75.24
165.36
259.42
236
71.55
204.82
64.92
83.1
29.03
13.03
27.64
20.39
18.79
11.25
24.83
18.27
74.39
126.85
45.49
68.46
75.05
48.19
25.15
122.75
50.32
30.6
67.81
59.77
44.46
74.87
88.48
179.87
97.25
169.39
139.66
96.69
41.21
14.58
28.33
23.4
25.06
39.08
21.88
30.41
19.1
10.9
39.41
49.52
24.08
38.45
37.14
44.15
22.76
85.73
21.53
34.97
35.9
32.37
19.84
11.88
14.95
10.66
8.5
20.16
17.05
9.81
8.74
22.67
17.57
15.74
12.32
26.81
28.5
24.05
35.36
36.47
28.28
27.46
21.9
28.04
53.25
50.34
19.16
17
42.78
41.92
16.56
10.82
12.25
16.1
14.35
14.44
13.81
16.13
26.11
61.44
25.22
20.83
27.45
27.9
27.71
25.48
44.79
29.91
26.4
27.89
21.55
22.03
28.87
49.05
27.05
19.88
25.56
51.86
36.73
36.97
45.81
32.53
180.39
86.65
32.25
23.81
17.41
18.44
39.49
51.49
52.78
54.88
44.28
38.47
32.57
24.04
33.85
56.42
29.99
36.18
16.13
30.82
69.53
54.82
43.66
113.93
64.04
120.72
42.66
31.46
31.51
30.08
20.05
26.14
30.79
17.27
14.48
17.67
44.03
15.88
13.93
13.36
13.81
11.03
18.52
27.52
45.37
16.57
11.06
9.61
14.38
16.97
22.03
10.96
21.11
10.7
14.9
21.78
17.22
33.35
39.78
33.15
25.61
26.08
19.91
9.33
16.69
18.87
10.34
24.7
17.1
15.9
11.34
18.4
26.48
18.89
12.82
19.73
11.07
28.44
29.02
186.53
64
42.1
19.9
11.63
9.41
9.37
11.25
9.66
9.12
36.88
26.64
40.55
33.76
21.74
31.25
28.31
17.17
11.94
12.19
12.74
12.17
11.8
11.5
14.98
32.41
30.06
23.38
20.38
25.08
37.27
46.77
53.89
60.73
44.45
34.44
33.53
30.65
66.37
45.19
100.61
72.1
15.5
8.34
77.33
137.14
50.5
45.91
165.68
91.38
84.14
45.2
42.77
26.14
16.44
16.91
9.37
20.89
15.12
13.95
39.98
80.08
55.48
75.51
25.99
68.95
60.86
128.2
64.56
21.93
18
34.73
26.74
20.28
14.45
16.81
19.9
17.88
24.23
29.66
30.1
27.91
16.06
11.13
14.17
22.38
16.55
13.13
16.46
14.14
23.91
15.36
25.93
19.58
18.27
16.67
21.85
56.37
40
36.42
34.75
13.19
12.93
12.72
15.84
13.97
11.59
13.25
12.96
9.87
11.58
9.38
12.59
13.66
17.33
10.72
17.31
18.31
18.49
4.6
16.09
16.68
23.59
29.35
30.82
15.25
28.81
18.52
25.97
29.06
26.07
22.02
25.3
16.4
16.03
9.24
7.99
8.9
13.5
11.57
21.36
13.64
13.41
11.23
17.65
16.58
26.04
18.04
21.59
11.76
26.45
20.7
20.29
19.62
20.17
23.25
32.14
22.39
20.71
14.23
41.26
53.58
18.96
14.74
13.27
12.26
11.75
12.46
9.26
20.48
63.97
23.21
23.61
22.52
39.92
42.82
47.05
47.81
17.21
15.75
12.04
10
11.95
15.61
26.51
51.77
46.15
19.11
19.12
28.38
27.51
31.35
136.93
128.47
140.56
50.72
22.67
16.1
13.87
11.43
10.92
13.99
10.53
18.02
33.96
36.23
21.87
21.77
20.87
11.74
18.22
28.57
30.53
33.26
33.45
33.17
30.9
10.26
14.08
17.41
14.12
21.05
12.49
13.94
17.92
10.61
13.75
11.56
33.05
28.28
20.92
47.65
23.78
25.48
24.42
16.42
11.38
10.99
20.7
12.34
13.22
16.31
21.42
19.97
25.22
14.85
12.08
16.36
13.89
14.23
15.69
13.33
16.72
22.3
17.27
23.09
12.07
20.5
37.06
19.27
12.1
9.43
35.91
16.1
15.15
25.65
39.31
28.12
32.41
16.77
12.17
15.36
19.6
18.24
14.61
17.49
18.53
16.12
11.13
10.46
13.13
101.54
28.42
7.12
8.5
12.61
11.62
6.3
12.91
14.37
17.65
29.03
20.02
11.37
11.33
17.74
14.75
12.45
9.81
24.88
17.61
31.51
16.12
12.51
9.34
15.68
19.61
27.67
25.53
24.33
26.08
9.28
34.85
51.43
36.73
29.36
26.04
18.62
31.17
24.6
18.97
18.33
20
31.21
82.38
58.17
36.99
35.21
62.4
65.32
28.49
20.51
15.36
9.47
27.82
31
29.43
27.06
36.52
57.31
20.09
32.65
10.69
14.41
11.14
14.38
10.53
26.72
73.79
40.96
24.35
44.24
24.73
27.68
16.69
13.28
19.54
14.51
23.78
15.11
16.23
17.77
29.25
29.84
28.8
29.59
23.8
24.65
27.79
17.56
14.53
12.08
13.01
12.65
11.57
11.73
16.55
27.11
23.92
12.82
14.66
20.31
6.24
4.77
8.64
9.6
30.4
44.91
22.13
21.42
16.46
10.71
13.83
16.68
9.79
17.54
47.94
26.04
22.04
27.79
12.98
19.07
17.65
25.96
17.13
8.87
18.69
14.37
10.83
17.35
15.16
18.34
19.41
14.71
11.7
16.65
14.67
16.68
16.88
13.29
10.82
45.53
20.64
34.39
28.62
11.28
16.49
12.63
12.47
10.41
10.15
10.52
97.1
56.89
28.37
36.13
22.49
17.11
16.25
20.57
23.21
18.28
19.26
24.32
21.52
18.73
26.29
16.62
50.36
66.11
65.69
15.79
7.53
5.97
9
17.91
47.66
15.27
14.63
18.89
10.52
13.02
12.84
15.55
14.5
8.69
13.69
9.91
13.16
11.48
13.48
10.11
10.32
51.87
26.27
11.16
8.26
23.47
10.15
23.09
11.91
10.83
11.4
9.77
19.55
14.87
13.67
39.63
18.58
14.29
14.47
17.14
17.91
17.08
23.47
24.22
21.88
31.16
21.24
46.4
18.79
10.54
27
16.54
39.75
36.15
108.25
261.36
46.97
17.03
40.99
16.01
9.11
17.11
15.3
10.43
15.36
28.81
16.7
12.81
17.16
23.7
19.12
30.04
18.08
20.1
20.95
19.38
20.6
36.99
59.01
31.21
26.77
32.92
48.2
20.86
19.68
18.72
19.15
15.56
23.27
40.83
21.07
14.61
11.42
13.74
13.04
8.64
13.85
9.55
25.94
10.22
9.78
9.73
10.96
9.18
7.78
13
12.46
20.45
14.17
16.98
15.16
12.8
30.95
19.27
10.25
10.87
9.64
32.14
55.72
19.6
13.52
15.27
15.58
15.69
17.94
22.3
23
29.54
23.3
31.7
22.15
27.65
21.7
16.16
17.51
23.32
16.31
15.99
27.52
27.55
23.23
30.81
29.23
14.64
13.9
14.47
15.9
21.54
32.97
27.59
142.94
86.18
33.94
21.63
23.47
29.21
21.44
16.39
34.27
17.47
68.09
68.81
44.17
31.9
35.92
28.94
34.84
18.85
13.75
18.15
18.57
18.59
27.27
55.27
117.65
39.97
22.91
60.3
32.7
33.92
36.33
109.43
57.23
179.61
98.91
122.5
119.02
93.24
48.01
18.6
66.19
38.23
37.05
30.07
29.18
45.75
61.6
70.4
61.8
32.37
23.31
63.5
48.36
22.88
29.96
45.21
57.7
45.61
53.57
77.64
132.97
115.51
102
37.62
24.86
44.97
35.59
42.07
42.56
29.7
40.36
51.5
48.16
30.56
48.7
28
20.65
44.28
14.68
21.88
13.11
10.1
23.12
57.66
104.12
99.06
92.15
44.74
65.89
45.57
47.05
26.99
51.98
49.19
40.83
101.85
208.65
164.94
208.15
137.53
137.23
22.98
11.52
14.96
9.58
23.43
204.97
192.3
107.91
86.55
86.73
57.03
79.49
75.23
53.15
43.06
22.25
38.52
22.84
60.7
57.64
24.49
23.35
20.74
30.46
21.5
24.59
30.66
18.8
23.03
58.62
46.04
38.17
11.23
19.26
55.46
42.81
58.6
141.28
43.67
30.95
52.71
43.76
167.03
76.54
50.36
49.61
41.63
18.29
13.8
16.93
15.09
29.25
53.87
231.89
101.08
18.73
63.41
33.93
32.34
48.4
29.16
34.68
40.47
33.06
27.21
25.79
31.62
85.07
34.15
33.14
32.49
26.91
19.41
14.52
21.46
13.49
12.43
15.35
31.98
15.01
12.98
11.36
13.75
20.84
44.66
45.74
42.48
39.54
30.94
33.07
34.59
43.8
31.45
35.98
35.26
24.6
47.44
33.93
24.07
12.79
16.92
14.85
12.89
12.88
10.75
13
16.82
41.99
47.04
37.03
37.35
43.07
20.87
198.59
29.4
12.13
10.14
14.71
24.34
16.8
15.95
28.99
15.03
12.26
11.92
12.29
7.95
12.99
14.59
32.28
31.88
29.04
59.74
37.48
41.08
24.24
50.15
16.64
12.58
19.42
15.57
24.76
10.68
9.83
11.73
18.08
15.17
11.12
9.38
15.93
11.06
10.82
2.77
3.77
10.77
13.5
12.4
11.78
21.31
17.92
25.54
51.92
24.44
14.27
20.23
32.6
48.18
40.97
19.07
25.42
31.77
35.18
36.92
17.95
22.65
30.37
33.73
14.68
63.41
13.55
13.65
12.63
8.85
9.27
8.87
12.83
11.18
38.38
26.43
9.62
8.06
11.39
14.97
20.81
9.68
13.18
8.41
8.1
3.33
3.6
8.89
9.42
34.26
94.36
31.54
24.86
12.4
16.31
29.79
15.28
17.01
11.78
13.26
8.64
8.56
7.99
8.9
9.2
14.16
13.76
6.06
7.71
18.16
9.87
5.98
7.26
28.99
21.23
15.63
12.12
14.87
15.19
15.09
49.52
28.85
15.16
10.56
10.17
20.08
33.59
26.97
28.71
27.98
12.51
16.24
19.83
29.37
26.9
17.91
14.86
32.27
186.78
52.84
16.56
34.55
14.59
12.15
34.49
26.51
13.18
11.09
11.47
16.36
16.04
10.09
8.95
9.75
9.62
12.98
17.97
16.5
9.3
8.51
9.14
87.94
128.07
113.12
