MpAlias,csv.irradiance.hor.1_0_0,
Location,Portland ME,
NoYearNeeded,
MethodAlias,Unknown,
Source,Unknown,
Comment,,
Header,Clear Sky Global Horizontal Irradiance W/m^2,
0,
0,
0,
0,
0,
0,
0,
17,
133,
254,
339,
376,
358,
289,
178,
51,
0,
0,
0,
0,
0,
0,
0,
0,
0,
0,
0,
0,
0,
0,
0,
19,
142,
267,
355,
391,
373,
302,
188,
56,
0,
0,
0,
0,
0,
0,
0,
0,
0,
0,
0,
0,
0,
0,
0,
16,
134,
258,
353,
386,
366,
299,
186,
55,
0,
0,
0,
0,
0,
0,
0,
0,
0,
0,
0,
0,
0,
0,
0,
20,
146,
272,
361,
400,
383,
312,
197,
63,
0,
0,
0,
0,
0,
0,
0,
0,
0,
0,
0,
0,
0,
0,
0,
21,
147,
274,
361,
400,
384,
315,
201,
66,
0,
0,
0,
0,
0,
0,
0,
0,
0,
0,
0,
0,
0,
0,
0,
22,
152,
281,
371,
410,
393,
322,
207,
70,
0,
0,
0,
0,
0,
0,
0,
0,
0,
0,
0,
0,
0,
0,
0,
23,
154,
283,
373,
413,
397,
326,
211,
73,
0,
0,
0,
0,
0,
0,
0,
0,
0,
0,
0,
0,
0,
0,
0,
23,
154,
283,
375,
414,
397,
327,
211,
73,
0,
0,
0,
0,
0,
0,
0,
0,
0,
0,
0,
0,
0,
0,
0,
25,
163,
298,
391,
432,
416,
343,
224,
81,
0,
0,
0,
0,
0,
0,
0,
0,
0,
0,
0,
0,
0,
0,
0,
26,
165,
299,
393,
435,
419,
348,
230,
86,
0,
0,
0,
0,
0,
0,
0,
0,
0,
0,
0,
0,
0,
0,
0,
24,
157,
286,
377,
417,
399,
328,
212,
76,
0,
0,
0,
0,
0,
0,
0,
0,
0,
0,
0,
0,
0,
0,
0,
26,
165,
300,
395,
437,
423,
349,
232,
88,
0,
0,
0,
0,
0,
0,
0,
0,
0,
0,
0,
0,
0,
0,
0,
29,
171,
307,
402,
445,
430,
359,
240,
94,
0,
0,
0,
0,
0,
0,
0,
0,
0,
0,
0,
0,
0,
0,
0,
30,
173,
310,
406,
449,
434,
364,
245,
99,
0,
0,
0,
0,
0,
0,
0,
0,
0,
0,
0,
0,
0,
0,
0,
23,
151,
279,
376,
420,
408,
339,
226,
89,
0,
0,
0,
0,
0,
0,
0,
0,
0,
0,
0,
0,
0,
0,
0,
28,
164,
297,
392,
433,
417,
347,
234,
95,
0,
0,
0,
0,
0,
0,
0,
0,
0,
0,
0,
0,
0,
0,
0,
29,
163,
295,
389,
434,
421,
352,
238,
98,
0,
0,
0,
0,
0,
0,
0,
0,
0,
0,
0,
0,
0,
0,
0,
28,
159,
289,
383,
427,
415,
349,
236,
99,
0,
0,
0,
0,
0,
0,
0,
0,
0,
0,
0,
0,
0,
0,
0,
27,
157,
287,
379,
423,
412,
342,
228,
91,
0,
0,
0,
0,
0,
0,
0,
0,
0,
0,
0,
0,
0,
0,
0,
28,
162,
296,
396,
441,
429,
360,
245,
105,
0,
0,
0,
0,
0,
0,
0,
0,
0,
0,
0,
0,
0,
0,
0,
35,
179,
318,
418,
464,
450,
380,
263,
117,
0,
0,
0,
0,
0,
0,
0,
0,
0,
0,
0,
0,
0,
0,
0,
39,
186,
326,
430,
481,
471,
400,
280,
128,
0,
0,
0,
0,
0,
0,
0,
0,
0,
0,
0,
0,
0,
0,
0,
43,
195,
337,
437,
484,
473,
403,
285,
133,
0,
0,
0,
0,
0,
0,
0,
0,
0,
0,
0,
0,
0,
0,
0,
43,
194,
333,
431,
478,
466,
397,
279,
130,
0,
0,
0,
0,
0,
0,
0,
0,
0,
0,
0,
0,
0,
0,
0,
35,
170,
301,
394,
437,
427,
359,
244,
105,
0,
0,
0,
0,
0,
0,
0,
0,
0,
0,
0,
0,
0,
0,
0,
40,
177,
311,
411,
462,
459,
393,
278,
132,
0,
0,
0,
0,
0,
0,
0,
0,
0,
0,
0,
0,
0,
0,
0,
45,
191,
330,
433,
481,
469,
404,
287,
139,
0,
0,
0,
0,
0,
0,
0,
0,
0,
0,
0,
0,
0,
0,
0,
47,
196,
334,
430,
475,
464,
396,
279,
130,
0,
0,
0,
0,
0,
0,
0,
0,
0,
0,
0,
0,
0,
0,
0,
49,
202,
347,
453,
506,
497,
421,
301,
149,
0,
0,
0,
0,
0,
0,
0,
0,
0,
0,
0,
0,
0,
0,
0,
58,
220,
370,
476,
526,
515,
445,
322,
164,
16,
0,
0,
0,
0,
0,
0,
0,
0,
0,
0,
0,
0,
0,
0,
60,
220,
366,
470,
519,
507,
438,
317,
162,
17,
0,
0,
0,
0,
0,
0,
0,
0,
0,
0,
0,
0,
0,
0,
59,
220,
370,
478,
532,
524,
455,
333,
174,
21,
0,
0,
0,
0,
0,
0,
0,
0,
0,
0,
0,
0,
0,
0,
70,
237,
386,
490,
539,
528,
457,
335,
176,
23,
0,
0,
0,
0,
0,
0,
0,
0,
0,
0,
0,
0,
0,
0,
57,
208,
351,
455,
505,
496,
428,
311,
160,
20,
0,
0,
0,
0,
0,
0,
0,
0,
0,
0,
0,
0,
0,
0,
68,
234,
388,
498,
549,
538,
468,
346,
187,
29,
0,
0,
0,
0,
0,
0,
0,
0,
0,
0,
0,
0,
0,
0,
81,
251,
402,
509,
559,
548,
477,
355,
195,
33,
0,
0,
0,
0,
0,
0,
0,
0,
0,
0,
0,
0,
0,
0,
86,
258,
408,
513,
563,
553,
482,
359,
199,
36,
0,
0,
0,
0,
0,
0,
0,
0,
0,
0,
0,
0,
0,
0,
84,
250,
397,
501,
552,
542,
470,
350,
193,
36,
0,
0,
0,
0,
0,
0,
0,
0,
0,
0,
0,
0,
0,
0,
85,
249,
396,
496,
547,
538,
470,
351,
196,
39,
0,
0,
0,
0,
0,
0,
0,
0,
0,
0,
0,
0,
0,
0,
90,
256,
402,
505,
555,
545,
478,
360,
204,
44,
0,
0,
0,
0,
0,
0,
0,
0,
0,
0,
0,
0,
0,
0,
93,
259,
406,
509,
559,
550,
481,
361,
203,
44,
0,
0,
0,
0,
0,
0,
0,
0,
0,
0,
0,
0,
0,
0,
94,
262,
411,
510,
563,
555,
486,
367,
210,
48,
0,
0,
0,
0,
0,
0,
0,
0,
0,
0,
0,
0,
0,
0,
103,
273,
422,
528,
578,
568,
499,
378,
219,
54,
0,
0,
0,
0,
0,
0,
0,
0,
0,
0,
0,
0,
0,
0,
108,
279,
429,
535,
586,
576,
507,
386,
226,
58,
0,
0,
0,
0,
0,
0,
0,
0,
0,
0,
0,
0,
0,
0,
109,
281,
432,
536,
588,
578,
500,
377,
219,
56,
0,
0,
0,
0,
0,
0,
0,
0,
0,
0,
0,
0,
0,
0,
113,
283,
432,
524,
578,
570,
501,
382,
225,
62,
0,
0,
0,
0,
0,
0,
0,
0,
0,
0,
0,
0,
0,
0,
119,
291,
442,
548,
599,
588,
518,
395,
233,
64,
0,
0,
0,
0,
0,
0,
0,
0,
0,
0,
0,
0,
0,
0,
122,
295,
447,
554,
605,
595,
525,
402,
241,
69,
0,
0,
0,
0,
0,
0,
0,
0,
0,
0,
0,
0,
0,
0,
126,
297,
446,
550,
600,
591,
523,
403,
244,
73,
0,
0,
0,
0,
0,
0,
0,
0,
0,
0,
0,
0,
0,
0,
132,
306,
457,
563,
613,
602,
532,
410,
249,
78,
0,
0,
0,
0,
0,
0,
0,
0,
0,
0,
0,
0,
0,
0,
140,
316,
467,
573,
622,
611,
540,
418,
256,
82,
0,
0,
0,
0,
0,
0,
0,
0,
0,
0,
0,
0,
0,
0,
146,
322,
474,
580,
630,
619,
547,
422,
259,
84,
0,
0,
0,
0,
0,
0,
0,
0,
0,
0,
0,
0,
0,
0,
144,
322,
477,
587,
638,
628,
556,
431,
267,
90,
0,
0,
0,
0,
0,
0,
0,
0,
0,
0,
0,
0,
0,
0,
149,
327,
480,
589,
640,
629,
558,
433,
268,
91,
0,
0,
0,
0,
0,
0,
0,
0,
0,
0,
0,
0,
0,
0,
148,
322,
472,
577,
625,
612,
539,
413,
251,
82,
0,
0,
0,
0,
0,
0,
0,
0,
0,
0,
0,
0,
0,
0,
141,
310,
460,
567,
617,
605,
534,
412,
252,
85,
0,
0,
0,
0,
0,
0,
0,
0,
0,
0,
0,
0,
0,
9,
150,
328,
486,
604,
660,
650,
576,
449,
282,
101,
0,
0,
0,
0,
0,
0,
0,
0,
0,
0,
0,
0,
0,
15,
164,
342,
496,
608,
657,
644,
571,
446,
281,
102,
0,
0,
0,
0,
0,
0,
0,
0,
0,
0,
0,
0,
0,
19,
178,
361,
515,
622,
672,
659,
584,
455,
288,
108,
0,
0,
0,
0,
0,
0,
0,
0,
0,
0,
0,
0,
0,
22,
181,
359,
510,
614,
661,
647,
574,
450,
289,
112,
0,
0,
0,
0,
0,
0,
0,
0,
0,
0,
0,
0,
0,
25,
189,
369,
523,
631,
681,
669,
597,
470,
304,
121,
0,
0,
0,
0,
0,
0,
0,
0,
0,
0,
0,
0,
0,
28,
194,
374,
527,
633,
682,
669,
594,
467,
300,
119,
0,
0,
0,
0,
0,
0,
0,
0,
0,
0,
0,
0,
0,
32,
198,
377,
529,
635,
684,
672,
599,
472,
304,
122,
0,
0,
0,
0,
0,
0,
0,
0,
0,
0,
0,
0,
0,
38,
216,
404,
564,
674,
727,
716,
641,
512,
339,
146,
0,
0,
0,
0,
0,
0,
0,
0,
0,
0,
0,
0,
0,
40,
213,
391,
539,
641,
687,
674,
605,
484,
321,
138,
0,
0,
0,
0,
0,
0,
0,
0,
0,
0,
0,
0,
0,
40,
211,
388,
537,
637,
681,
666,
596,
473,
312,
134,
0,
0,
0,
0,
0,
0,
0,
0,
0,
0,
0,
0,
0,
42,
205,
380,
530,
632,
679,
668,
599,
477,
316,
139,
0,
0,
0,
0,
0,
0,
0,
0,
0,
0,
0,
0,
0,
53,
230,
411,
562,
671,
717,
703,
631,
504,
336,
150,
0,
0,
0,
0,
0,
0,
0,
0,
0,
0,
0,
0,
0,
58,
239,
421,
571,
674,
720,
704,
628,
501,
335,
151,
0,
0,
0,
0,
0,
0,
0,
0,
0,
0,
0,
0,
0,
60,
237,
417,
567,
671,
716,
699,
625,
499,
334,
151,
0,
0,
0,
0,
0,
0,
0,
0,
0,
0,
0,
0,
0,
64,
243,
425,
575,
680,
728,
715,
643,
517,
350,
163,
0,
0,
0,
0,
0,
0,
0,
0,
0,
0,
0,
0,
0,
72,
255,
437,
588,
690,
736,
719,
639,
511,
343,
158,
0,
0,
0,
0,
0,
0,
0,
0,
0,
0,
0,
0,
0,
65,
236,
410,
551,
645,
690,
679,
610,
491,
332,
153,
10,
0,
0,
0,
0,
0,
0,
0,
0,
0,
0,
0,
0,
71,
244,
423,
573,
666,
715,
705,
631,
506,
343,
162,
13,
0,
0,
0,
0,
0,
0,
0,
0,
0,
0,
0,
0,
87,
274,
458,
609,
712,
757,
739,
662,
532,
362,
174,
16,
0,
0,
0,
0,
0,
0,
0,
0,
0,
0,
0,
0,
89,
277,
460,
609,
713,
752,
731,
653,
520,
356,
172,
16,
0,
0,
0,
0,
0,
0,
0,
0,
0,
0,
0,
0,
83,
258,
432,
577,
679,
721,
704,
616,
491,
335,
162,
16,
0,
0,
0,
0,
0,
0,
0,
0,
0,
0,
0,
0,
86,
261,
435,
580,
691,
733,
714,
643,
518,
353,
171,
19,
0,
0,
0,
0,
0,
0,
0,
0,
0,
0,
0,
0,
88,
259,
432,
577,
684,
725,
706,
621,
494,
337,
164,
17,
0,
0,
0,
0,
0,
0,
0,
0,
0,
0,
0,
0,
98,
270,
435,
564,
651,
689,
676,
605,
486,
332,
163,
18,
0,
0,
0,
0,
0,
0,
0,
0,
0,
0,
0,
0,
82,
242,
400,
532,
622,
660,
647,
586,
474,
321,
148,
12,
0,
0,
0,
0,
0,
0,
0,
0,
0,
0,
0,
0,
100,
273,
443,
583,
679,
722,
708,
636,
516,
359,
182,
28,
0,
0,
0,
0,
0,
0,
0,
0,
0,
0,
0,
0,
117,
300,
475,
618,
714,
754,
733,
660,
538,
376,
194,
32,
0,
0,
0,
0,
0,
0,
0,
0,
0,
0,
0,
0,
135,
328,
507,
650,
747,
782,
753,
657,
523,
366,
186,
28,
0,
0,
0,
0,
0,
0,
0,
0,
0,
0,
0,
0,
112,
299,
492,
660,
777,
826,
809,
729,
595,
420,
224,
42,
0,
0,
0,
0,
0,
0,
0,
0,
0,
0,
0,
0,
147,
341,
524,
669,
768,
808,
786,
707,
570,
392,
202,
37,
0,
0,
0,
0,
0,
0,
0,
0,
0,
0,
0,
0,
134,
315,
491,
636,
734,
779,
755,
682,
557,
387,
199,
36,
0,
0,
0,
0,
0,
0,
0,
0,
0,
0,
0,
0,
131,
303,
468,
609,
705,
748,
726,
644,
521,
360,
184,
31,
0,
0,
0,
0,
0,
0,
0,
0,
0,
0,
0,
0,
141,
319,
488,
626,
716,
754,
740,
666,
542,
385,
206,
44,
0,
0,
0,
0,
0,
0,
0,
0,
0,
0,
0,
10,
151,
335,
511,
654,
749,
788,
769,
692,
565,
401,
217,
49,
0,
0,
0,
0,
0,
0,
0,
0,
0,
0,
0,
13,
164,
351,
527,
669,
751,
787,
766,
710,
581,
414,
227,
54,
0,
0,
0,
0,
0,
0,
0,
0,
0,
0,
0,
15,
164,
348,
522,
663,
755,
791,
771,
696,
569,
404,
224,
55,
0,
0,
0,
0,
0,
0,
0,
0,
0,
0,
0,
15,
161,
343,
515,
658,
768,
807,
788,
712,
583,
417,
230,
57,
0,
0,
0,
0,
0,
0,
0,
0,
0,
0,
0,
13,
156,
337,
507,
645,
729,
773,
761,
680,
571,
419,
239,
63,
0,
0,
0,
0,
0,
0,
0,
0,
0,
0,
0,
23,
181,
370,
546,
686,
781,
817,
793,
714,
585,
417,
234,
64,
0,
0,
0,
0,
0,
0,
0,
0,
0,
0,
0,
26,
182,
370,
542,
681,
770,
809,
783,
698,
563,
399,
222,
58,
0,
0,
0,
0,
0,
0,
0,
0,
0,
0,
0,
13,
154,
333,
502,
639,
746,
789,
769,
690,
561,
395,
211,
53,
0,
0,
0,
0,
0,
0,
0,
0,
0,
0,
0,
31,
189,
372,
541,
679,
775,
810,
786,
705,
580,
419,
238,
68,
0,
0,
0,
0,
0,
0,
0,
0,
0,
0,
0,
33,
188,
365,
530,
670,
759,
787,
766,
697,
574,
410,
232,
66,
0,
0,
0,
0,
0,
0,
0,
0,
0,
0,
0,
43,
214,
411,
589,
731,
821,
858,
839,
764,
634,
462,
270,
85,
0,
0,
0,
0,
0,
0,
0,
0,
0,
0,
0,
40,
202,
388,
561,
700,
806,
845,
827,
750,
630,
464,
272,
86,
0,
0,
0,
0,
0,
0,
0,
0,
0,
0,
0,
52,
229,
427,
606,
748,
836,
868,
840,
757,
619,
445,
257,
78,
0,
0,
0,
0,
0,
0,
0,
0,
0,
0,
0,
52,
226,
427,
608,
751,
848,
885,
864,
784,
652,
480,
284,
95,
0,
0,
0,
0,
0,
0,
0,
0,
0,
0,
0,
57,
232,
425,
601,
741,
825,
865,
849,
768,
637,
466,
277,
92,
0,
0,
0,
0,
0,
0,
0,
0,
0,
0,
0,
65,
248,
447,
626,
767,
858,
890,
862,
781,
647,
475,
284,
98,
0,
0,
0,
0,
0,
0,
0,
0,
0,
0,
0,
66,
242,
431,
603,
740,
825,
861,
834,
751,
618,
450,
267,
91,
0,
0,
0,
0,
0,
0,
0,
0,
0,
0,
0,
62,
232,
421,
594,
733,
823,
859,
839,
762,
634,
467,
278,
98,
0,
0,
0,
0,
0,
0,
0,
0,
0,
0,
0,
76,
257,
450,
624,
763,
847,
882,
858,
778,
648,
479,
290,
106,
0,
0,
0,
0,
0,
0,
0,
0,
0,
0,
0,
78,
255,
442,
616,
756,
846,
878,
851,
767,
639,
475,
291,
107,
0,
0,
0,
0,
0,
0,
0,
0,
0,
0,
0,
83,
263,
454,
626,
761,
856,
887,
862,
782,
651,
481,
290,
107,
0,
0,
0,
0,
0,
0,
0,
0,
0,
0,
0,
84,
263,
450,
620,
754,
846,
880,
853,
760,
627,
460,
277,
100,
0,
0,
0,
0,
0,
0,
0,
0,
0,
0,
0,
62,
227,
410,
582,
723,
841,
873,
847,
755,
624,
457,
274,
100,
0,
0,
0,
0,
0,
0,
0,
0,
0,
0,
0,
77,
244,
421,
583,
717,
805,
842,
825,
750,
628,
468,
287,
110,
0,
0,
0,
0,
0,
0,
0,
0,
0,
0,
0,
89,
269,
465,
643,
784,
873,
905,
878,
797,
666,
498,
309,
123,
0,
0,
0,
0,
0,
0,
0,
0,
0,
0,
0,
95,
278,
474,
651,
791,
885,
917,
891,
808,
676,
506,
316,
128,
0,
0,
0,
0,
0,
0,
0,
0,
0,
0,
0,
107,
290,
481,
651,
785,
871,
904,
876,
792,
660,
493,
308,
127,
0,
0,
0,
0,
0,
0,
0,
0,
0,
0,
0,
100,
274,
459,
631,
772,
862,
896,
872,
792,
665,
499,
312,
128,
0,
0,
0,
0,
0,
0,
0,
0,
0,
0,
0,
113,
297,
489,
662,
798,
888,
921,
896,
814,
682,
512,
322,
135,
0,
0,
0,
0,
0,
0,
0,
0,
0,
0,
0,
123,
307,
493,
662,
800,
887,
920,
896,
817,
690,
523,
335,
144,
0,
0,
0,
0,
0,
0,
0,
0,
0,
0,
0,
129,
317,
508,
679,
813,
899,
930,
902,
819,
688,
521,
334,
145,
0,
0,
0,
0,
0,
0,
0,
0,
0,
0,
0,
128,
314,
504,
673,
807,
896,
926,
898,
813,
680,
510,
318,
134,
0,
0,
0,
0,
0,
0,
0,
0,
0,
0,
0,
103,
266,
436,
589,
717,
789,
833,
817,
743,
623,
468,
294,
123,
5,
0,
0,
0,
0,
0,
0,
0,
0,
0,
0,
117,
286,
461,
619,
749,
834,
865,
842,
759,
637,
478,
311,
145,
12,
0,
0,
0,
0,
0,
0,
0,
0,
0,
0,
139,
326,
515,
682,
812,
892,
917,
886,
806,
675,
506,
321,
141,
11,
0,
0,
0,
0,
0,
0,
0,
0,
0,
0,
140,
326,
515,
684,
819,
904,
931,
900,
816,
685,
519,
336,
153,
15,
0,
0,
0,
0,
0,
0,
0,
0,
0,
0,
126,
289,
459,
618,
747,
824,
850,
840,
794,
683,
522,
339,
157,
17,
0,
0,
0,
0,
0,
0,
0,
0,
0,
11,
150,
339,
534,
702,
833,
920,
950,
924,
843,
714,
548,
359,
169,
19,
0,
0,
0,
0,
0,
0,
0,
0,
0,
9,
132,
309,
487,
643,
766,
834,
866,
848,
764,
643,
502,
330,
150,
16,
0,
0,
0,
0,
0,
0,
0,
0,
0,
14,
153,
340,
529,
698,
830,
915,
945,
918,
833,
706,
543,
360,
173,
23,
0,
0,
0,
0,
0,
0,
0,
0,
0,
16,
161,
348,
537,
705,
836,
916,
946,
919,
834,
706,
542,
359,
173,
24,
0,
0,
0,
0,
0,
0,
0,
0,
0,
19,
169,
362,
554,
724,
856,
949,
978,
949,
864,
731,
561,
370,
178,
26,
0,
0,
0,
0,
0,
0,
0,
0,
0,
17,
159,
344,
534,
701,
832,
917,
944,
914,
826,
689,
518,
331,
152,
17,
0,
0,
0,
0,
0,
0,
0,
0,
0,
21,
173,
365,
556,
726,
858,
942,
971,
943,
861,
731,
564,
376,
186,
30,
0,
0,
0,
0,
0,
0,
0,
0,
0,
21,
165,
350,
534,
698,
825,
906,
931,
904,
831,
705,
540,
355,
174,
29,
0,
0,
0,
0,
0,
0,
0,
0,
0,
20,
160,
344,
531,
695,
823,
907,
939,
916,
837,
712,
551,
370,
185,
33,
0,
0,
0,
0,
0,
0,
0,
0,
0,
26,
176,
364,
553,
721,
850,
930,
959,
934,
854,
725,
559,
375,
189,
35,
0,
0,
0,
0,
0,
0,
0,
0,
0,
27,
174,
359,
546,
712,
842,
925,
954,
929,
852,
726,
563,
378,
191,
37,
0,
0,
0,
0,
0,
0,
0,
0,
0,
28,
175,
361,
549,
714,
843,
907,
938,
913,
840,
716,
556,
374,
189,
37,
0,
0,
0,
0,
0,
0,
0,
0,
0,
30,
176,
357,
537,
697,
821,
900,
927,
901,
825,
701,
544,
366,
187,
39,
0,
0,
0,
0,
0,
0,
0,
0,
0,
31,
179,
361,
540,
699,
824,
900,
930,
907,
825,
703,
546,
368,
189,
40,
0,
0,
0,
0,
0,
0,
0,
0,
0,
34,
189,
377,
566,
733,
862,
944,
972,
944,
865,
738,
575,
390,
202,
45,
0,
0,
0,
0,
0,
0,
0,
0,
0,
31,
176,
358,
540,
700,
823,
888,
911,
883,
788,
670,
519,
352,
180,
37,
0,
0,
0,
0,
0,
0,
0,
0,
0,
28,
167,
344,
524,
687,
816,
922,
954,
933,
859,
737,
576,
393,
205,
47,
0,
0,
0,
0,
0,
0,
0,
0,
0,
31,
170,
344,
522,
680,
804,
893,
922,
898,
819,
697,
541,
366,
190,
44,
0,
0,
0,
0,
0,
0,
0,
0,
0,
34,
175,
350,
523,
680,
805,
885,
916,
892,
817,
695,
538,
362,
186,
42,
0,
0,
0,
0,
0,
0,
0,
0,
0,
32,
168,
337,
512,
675,
805,
891,
923,
903,
830,
711,
554,
377,
200,
50,
0,
0,
0,
0,
0,
0,
0,
0,
0,
41,
197,
384,
570,
734,
862,
944,
974,
951,
874,
751,
590,
406,
220,
58,
0,
0,
0,
0,
0,
0,
0,
0,
0,
44,
202,
388,
571,
733,
858,
939,
966,
939,
861,
738,
578,
398,
214,
57,
0,
0,
0,
0,
0,
0,
0,
0,
0,
43,
190,
366,
542,
699,
823,
904,
930,
903,
827,
707,
550,
373,
196,
50,
0,
0,
0,
0,
0,
0,
0,
0,
0,
37,
180,
357,
535,
698,
825,
921,
954,
925,
838,
715,
566,
391,
215,
60,
0,
0,
0,
0,
0,
0,
0,
0,
0,
45,
202,
391,
579,
743,
869,
951,
977,
949,
868,
742,
579,
395,
211,
55,
0,
0,
0,
0,
0,
0,
0,
0,
0,
28,
157,
317,
476,
625,
747,
827,
861,
847,
778,
665,
523,
359,
193,
51,
0,
0,
0,
0,
0,
0,
0,
0,
0,
41,
186,
362,
542,
704,
833,
905,
934,
908,
834,
712,
556,
381,
204,
56,
0,
0,
0,
0,
0,
0,
0,
0,
0,
38,
176,
348,
514,
658,
775,
839,
871,
857,
784,
670,
523,
357,
190,
51,
0,
0,
0,
0,
0,
0,
0,
0,
0,
44,
193,
372,
551,
709,
832,
915,
947,
927,
853,
734,
580,
402,
222,
64,
0,
0,
0,
0,
0,
0,
0,
0,
0,
34,
169,
335,
499,
658,
789,
860,
898,
887,
803,
690,
545,
377,
206,
59,
0,
0,
0,
0,
0,
0,
0,
0,
0,
47,
192,
365,
534,
687,
807,
878,
901,
878,
799,
671,
526,
358,
194,
55,
0,
0,
0,
0,
0,
0,
0,
0,
0,
49,
200,
380,
563,
728,
860,
947,
981,
960,
883,
761,
604,
424,
240,
76,
0,
0,
0,
0,
0,
0,
0,
0,
0,
55,
214,
398,
579,
741,
868,
949,
978,
952,
862,
739,
585,
416,
235,
75,
0,
0,
0,
0,
0,
0,
0,
0,
0,
53,
210,
396,
578,
740,
868,
947,
975,
949,
874,
752,
595,
417,
235,
74,
0,
0,
0,
0,
0,
0,
0,
0,
0,
47,
195,
373,
552,
710,
834,
918,
948,
928,
853,
736,
583,
409,
232,
75,
0,
0,
0,
0,
0,
0,
0,
0,
0,
54,
211,
395,
578,
737,
863,
940,
968,
945,
868,
748,
594,
417,
236,
76,
0,
0,
0,
0,
0,
0,
0,
0,
0,
52,
204,
382,
558,
715,
840,
917,
946,
925,
853,
737,
585,
412,
234,
76,
0,
0,
0,
0,
0,
0,
0,
0,
0,
52,
202,
378,
553,
708,
829,
907,
936,
912,
842,
725,
574,
402,
226,
73,
0,
0,
0,
0,
0,
0,
0,
0,
0,
49,
197,
371,
544,
698,
819,
897,
927,
909,
835,
717,
565,
397,
231,
79,
0,
0,
0,
0,
0,
0,
0,
0,
0,
56,
218,
408,
593,
758,
887,
969,
1002,
980,
902,
781,
624,
443,
256,
87,
0,
0,
0,
0,
0,
0,
0,
0,
0,
56,
214,
397,
578,
738,
865,
935,
965,
944,
872,
750,
590,
411,
230,
72,
0,
0,
0,
0,
0,
0,
0,
0,
0,
46,
189,
360,
532,
689,
815,
903,
937,
916,
846,
729,
578,
406,
234,
79,
0,
0,
0,
0,
0,
0,
0,
0,
0,
42,
186,
364,
543,
701,
820,
891,
929,
915,
837,
728,
582,
410,
235,
79,
0,
0,
0,
0,
0,
0,
0,
0,
0,
49,
198,
374,
551,
709,
835,
923,
959,
943,
877,
762,
608,
430,
246,
83,
0,
0,
0,
0,
0,
0,
0,
0,
0,
44,
183,
350,
524,
681,
807,
878,
908,
885,
814,
698,
553,
391,
223,
75,
0,
0,
0,
0,
0,
0,
0,
0,
0,
50,
199,
376,
552,
711,
837,
918,
949,
929,
851,
736,
586,
416,
239,
82,
0,
0,
0,
0,
0,
0,
0,
0,
0,
51,
204,
385,
566,
727,
854,
931,
964,
942,
866,
747,
593,
418,
239,
81,
0,
0,
0,
0,
0,
0,
0,
0,
0,
39,
171,
329,
485,
627,
749,
842,
883,
875,
822,
715,
572,
407,
234,
80,
0,
0,
0,
0,
0,
0,
0,
0,
0,
46,
186,
352,
516,
665,
789,
878,
912,
898,
829,
717,
568,
396,
223,
78,
0,
0,
0,
0,
0,
0,
0,
0,
0,
47,
197,
377,
556,
716,
846,
929,
962,
942,
872,
753,
599,
423,
243,
83,
0,
0,
0,
0,
0,
0,
0,
0,
0,
42,
183,
358,
535,
696,
823,
892,
924,
907,
841,
728,
577,
405,
232,
78,
0,
0,
0,
0,
0,
0,
0,
0,
0,
42,
184,
357,
531,
686,
810,
879,
909,
884,
812,
699,
557,
396,
226,
76,
0,
0,
0,
0,
0,
0,
0,
0,
0,
27,
152,
314,
473,
626,
764,
844,
891,
885,
814,
699,
552,
384,
217,
73,
0,
0,
0,
0,
0,
0,
0,
0,
0,
40,
181,
355,
533,
693,
822,
903,
938,
920,
840,
726,
578,
410,
237,
82,
0,
0,
0,
0,
0,
0,
0,
0,
0,
47,
201,
383,
564,
726,
854,
937,
971,
951,
880,
765,
612,
436,
254,
89,
0,
0,
0,
0,
0,
0,
0,
0,
0,
46,
197,
375,
554,
713,
840,
925,
960,
943,
875,
759,
606,
432,
251,
88,
0,
0,
0,
0,
0,
0,
0,
0,
0,
46,
200,
383,
565,
727,
854,
936,
968,
947,
877,
761,
609,
435,
254,
89,
0,
0,
0,
0,
0,
0,
0,
0,
0,
41,
184,
359,
538,
697,
823,
907,
940,
924,
857,
744,
593,
418,
239,
80,
0,
0,
0,
0,
0,
0,
0,
0,
0,
37,
179,
356,
536,
696,
819,
890,
920,
901,
832,
718,
569,
401,
229,
76,
0,
0,
0,
0,
0,
0,
0,
0,
0,
36,
173,
343,
515,
671,
798,
880,
914,
896,
821,
709,
564,
398,
226,
75,
0,
0,
0,
0,
0,
0,
0,
0,
0,
28,
158,
325,
500,
657,
782,
860,
896,
881,
811,
703,
560,
397,
226,
74,
0,
0,
0,
0,
0,
0,
0,
0,
0,
33,
168,
339,
512,
670,
796,
881,
916,
899,
826,
715,
569,
403,
229,
75,
0,
0,
0,
0,
0,
0,
0,
0,
0,
29,
161,
327,
495,
649,
776,
865,
907,
898,
831,
725,
580,
410,
234,
77,
0,
0,
0,
0,
0,
0,
0,
0,
0,
27,
158,
326,
499,
661,
794,
887,
921,
902,
834,
721,
574,
404,
230,
76,
0,
0,
0,
0,
0,
0,
0,
0,
0,
30,
165,
338,
510,
664,
791,
870,
905,
888,
820,
706,
558,
390,
218,
69,
0,
0,
0,
0,
0,
0,
0,
0,
0,
30,
168,
340,
511,
670,
796,
879,
916,
902,
834,
723,
577,
404,
231,
75,
0,
0,
0,
0,
0,
0,
0,
0,
0,
30,
168,
342,
518,
678,
806,
890,
926,
909,
837,
724,
574,
401,
225,
70,
0,
0,
0,
0,
0,
0,
0,
0,
0,
24,
156,
325,
500,
662,
793,
874,
907,
888,
813,
700,
554,
387,
214,
65,
0,
0,
0,
0,
0,
0,
0,
0,
0,
24,
156,
326,
499,
656,
782,
863,
899,
885,
820,
709,
561,
390,
217,
67,
0,
0,
0,
0,
0,
0,
0,
0,
0,
26,
164,
339,
517,
677,
806,
884,
919,
901,
825,
710,
560,
389,
216,
65,
0,
0,
0,
0,
0,
0,
0,
0,
0,
24,
159,
332,
509,
669,
797,
875,
911,
894,
816,
697,
543,
370,
199,
55,
0,
0,
0,
0,
0,
0,
0,
0,
0,
22,
157,
332,
509,
669,
796,
880,
916,
898,
823,
706,
554,
381,
209,
60,
0,
0,
0,
0,
0,
0,
0,
0,
0,
18,
144,
315,
502,
673,
810,
900,
936,
919,
848,
731,
578,
405,
227,
67,
0,
0,
0,
0,
0,
0,
0,
0,
0,
22,
157,
330,
505,
663,
789,
870,
904,
882,
802,
687,
539,
369,
201,
57,
0,
0,
0,
0,
0,
0,
0,
0,
0,
15,
145,
322,
504,
669,
802,
889,
928,
912,
842,
725,
572,
399,
220,
64,
0,
0,
0,
0,
0,
0,
0,
0,
0,
19,
153,
328,
507,
666,
794,
877,
910,
892,
814,
700,
549,
376,
200,
51,
0,
0,
0,
0,
0,
0,
0,
0,
0,
15,
148,
324,
501,
660,
787,
874,
914,
899,
828,
712,
562,
391,
215,
60,
0,
0,
0,
0,
0,
0,
0,
0,
0,
17,
157,
340,
525,
691,
821,
908,
941,
919,
843,
726,
571,
394,
214,
58,
0,
0,
0,
0,
0,
0,
0,
0,
0,
11,
131,
298,
474,
636,
768,
861,
898,
881,
801,
687,
540,
376,
203,
53,
0,
0,
0,
0,
0,
0,
0,
0,
0,
11,
133,
305,
482,
647,
779,
868,
905,
891,
824,
713,
564,
393,
215,
58,
0,
0,
0,
0,
0,
0,
0,
0,
0,
13,
149,
328,
509,
675,
809,
898,
934,
916,
842,
718,
560,
386,
207,
53,
0,
0,
0,
0,
0,
0,
0,
0,
0,
12,
148,
330,
515,
681,
815,
904,
940,
922,
849,
731,
577,
398,
215,
54,
0,
0,
0,
0,
0,
0,
0,
0,
0,
0,
133,
307,
487,
650,
783,
876,
917,
901,
825,
703,
547,
371,
191,
42,
0,
0,
0,
0,
0,
0,
0,
0,
0,
0,
116,
283,
459,
624,
762,
863,
910,
899,
829,
713,
560,
383,
202,
48,
0,
0,
0,
0,
0,
0,
0,
0,
0,
0,
138,
318,
504,
672,
808,
898,
936,
919,
846,
728,
572,
392,
206,
47,
0,
0,
0,
0,
0,
0,
0,
0,
0,
0,
134,
314,
499,
665,
798,
888,
925,
907,
838,
721,
566,
387,
201,
44,
0,
0,
0,
0,
0,
0,
0,
0,
0,
0,
130,
308,
491,
658,
792,
882,
920,
903,
830,
712,
557,
379,
197,
42,
0,
0,
0,
0,
0,
0,
0,
0,
0,
0,
127,
305,
490,
659,
794,
885,
923,
906,
834,
714,
555,
372,
189,
37,
0,
0,
0,
0,
0,
0,
0,
0,
0,
0,
100,
264,
437,
594,
722,
810,
850,
837,
766,
651,
501,
330,
161,
25,
0,
0,
0,
0,
0,
0,
0,
0,
0,
0,
86,
243,
413,
574,
708,
841,
880,
862,
787,
671,
520,
349,
175,
31,
0,
0,
0,
0,
0,
0,
0,
0,
0,
0,
101,
261,
428,
582,
705,
786,
814,
793,
724,
617,
477,
315,
151,
21,
0,
0,
0,
0,
0,
0,
0,
0,
0,
0,
103,
275,
458,
625,
759,
852,
893,
877,
802,
684,
530,
355,
175,
28,
0,
0,
0,
0,
0,
0,
0,
0,
0,
0,
121,
304,
492,
661,
796,
884,
919,
899,
830,
707,
548,
366,
180,
28,
0,
0,
0,
0,
0,
0,
0,
0,
0,
0,
108,
281,
463,
632,
768,
857,
891,
870,
793,
674,
518,
339,
160,
20,
0,
0,
0,
0,
0,
0,
0,
0,
0,
0,
89,
251,
423,
585,
717,
809,
851,
835,
758,
644,
493,
326,
153,
18,
0,
0,
0,
0,
0,
0,
0,
0,
0,
0,
99,
272,
454,
622,
755,
844,
879,
860,
780,
661,
505,
329,
153,
17,
0,
0,
0,
0,
0,
0,
0,
0,
0,
0,
106,
285,
470,
639,
775,
862,
900,
881,
805,
684,
526,
347,
164,
19,
0,
0,
0,
0,
0,
0,
0,
0,
0,
0,
100,
277,
462,
631,
766,
856,
892,
872,
794,
673,
515,
336,
157,
16,
0,
0,
0,
0,
0,
0,
0,
0,
0,
0,
99,
276,
461,
631,
767,
858,
895,
877,
801,
680,
521,
339,
156,
14,
0,
0,
0,
0,
0,
0,
0,
0,
0,
0,
95,
271,
458,
628,
765,
856,
893,
874,
793,
672,
512,
330,
149,
12,
0,
0,
0,
0,
0,
0,
0,
0,
0,
0,
88,
258,
442,
611,
749,
843,
880,
860,
787,
666,
507,
325,
144,
10,
0,
0,
0,
0,
0,
0,
0,
0,
0,
0,
76,
237,
414,
580,
714,
802,
841,
824,
742,
629,
478,
302,
127,
0,
0,
0,
0,
0,
0,
0,
0,
0,
0,
0,
85,
260,
446,
616,
751,
839,
874,
853,
777,
653,
493,
310,
131,
0,
0,
0,
0,
0,
0,
0,
0,
0,
0,
0,
85,
259,
445,
611,
745,
829,
864,
844,
770,
647,
487,
306,
129,
0,
0,
0,
0,
0,
0,
0,
0,
0,
0,
0,
78,
250,
434,
603,
738,
829,
865,
845,
772,
651,
491,
309,
128,
0,
0,
0,
0,
0,
0,
0,
0,
0,
0,
0,
68,
234,
422,
596,
740,
844,
886,
868,
790,
664,
501,
314,
130,
0,
0,
0,
0,
0,
0,
0,
0,
0,
0,
0,
76,
249,
435,
603,
737,
824,
859,
837,
753,
627,
464,
282,
110,
0,
0,
0,
0,
0,
0,
0,
0,
0,
0,
0,
62,
221,
394,
555,
686,
778,
813,
793,
715,
596,
443,
271,
104,
0,
0,
0,
0,
0,
0,
0,
0,
0,
0,
0,
62,
223,
398,
558,
685,
766,
804,
788,
718,
603,
452,
278,
107,
0,
0,
0,
0,
0,
0,
0,
0,
0,
0,
0,
67,
238,
423,
592,
725,
816,
850,
827,
750,
625,
464,
283,
106,
0,
0,
0,
0,
0,
0,
0,
0,
0,
0,
0,
62,
225,
402,
564,
692,
776,
811,
789,
701,
578,
426,
256,
92,
0,
0,
0,
0,
0,
0,
0,
0,
0,
0,
0,
62,
228,
408,
574,
710,
801,
838,
816,
739,
614,
454,
273,
99,
0,
0,
0,
0,
0,
0,
0,
0,
0,
0,
0,
64,
238,
427,
599,
737,
826,
861,
838,
761,
634,
469,
284,
102,
0,
0,
0,
0,
0,
0,
0,
0,
0,
0,
0,
60,
231,
416,
583,
714,
801,
834,
813,
736,
610,
444,
260,
87,
0,
0,
0,
0,
0,
0,
0,
0,
0,
0,
0,
48,
204,
384,
551,
688,
789,
831,
815,
741,
617,
455,
272,
92,
0,
0,
0,
0,
0,
0,
0,
0,
0,
0,
0,
53,
221,
405,
574,
710,
798,
833,
810,
732,
606,
444,
262,
85,
0,
0,
0,
0,
0,
0,
0,
0,
0,
0,
0,
47,
207,
387,
554,
689,
772,
804,
777,
684,
562,
407,
230,
68,
0,
0,
0,
0,
0,
0,
0,
0,
0,
0,
0,
41,
195,
367,
528,
656,
750,
780,
752,
673,
550,
394,
217,
59,
0,
0,
0,
0,
0,
0,
0,
0,
0,
0,
0,
37,
189,
363,
528,
660,
769,
804,
781,
693,
566,
405,
228,
64,
0,
0,
0,
0,
0,
0,
0,
0,
0,
0,
0,
35,
186,
360,
522,
652,
728,
758,
733,
652,
532,
378,
208,
52,
0,
0,
0,
0,
0,
0,
0,
0,
0,
0,
0,
37,
193,
371,
535,
668,
754,
790,
771,
699,
578,
419,
239,
64,
0,
0,
0,
0,
0,
0,
0,
0,
0,
0,
0,
39,
204,
393,
566,
703,
790,
821,
795,
707,
577,
412,
232,
61,
0,
0,
0,
0,
0,
0,
0,
0,
0,
0,
0,
38,
206,
394,
566,
702,
791,
822,
793,
710,
578,
411,
226,
54,
0,
0,
0,
0,
0,
0,
0,
0,
0,
0,
0,
26,
177,
355,
522,
651,
731,
753,
722,
652,
538,
383,
207,
46,
0,
0,
0,
0,
0,
0,
0,
0,
0,
0,
0,
25,
171,
343,
507,
635,
727,
757,
737,
655,
528,
371,
196,
41,
0,
0,
0,
0,
0,
0,
0,
0,
0,
0,
0,
28,
186,
368,
536,
669,
756,
786,
759,
677,
548,
384,
203,
41,
0,
0,
0,
0,
0,
0,
0,
0,
0,
0,
0,
26,
179,
361,
528,
662,
750,
781,
754,
673,
545,
381,
199,
37,
0,
0,
0,
0,
0,
0,
0,
0,
0,
0,
0,
26,
187,
375,
550,
689,
778,
809,
782,
697,
565,
395,
207,
37,
0,
0,
0,
0,
0,
0,
0,
0,
0,
0,
0,
24,
184,
371,
544,
680,
760,
790,
761,
668,
535,
368,
187,
29,
0,
0,
0,
0,
0,
0,
0,
0,
0,
0,
0,
21,
176,
358,
523,
654,
739,
768,
739,
656,
527,
362,
184,
27,
0,
0,
0,
0,
0,
0,
0,
0,
0,
0,
0,
16,
159,
333,
495,
627,
707,
734,
712,
642,
514,
353,
176,
23,
0,
0,
0,
0,
0,
0,
0,
0,
0,
0,
0,
18,
170,
355,
526,
662,
750,
781,
754,
670,
536,
365,
179,
21,
0,
0,
0,
0,
0,
0,
0,
0,
0,
0,
0,
17,
170,
355,
522,
653,
738,
765,
734,
645,
511,
345,
164,
16,
0,
0,
0,
0,
0,
0,
0,
0,
0,
0,
0,
12,
152,
328,
492,
625,
714,
753,
735,
658,
528,
360,
174,
16,
0,
0,
0,
0,
0,
0,
0,
0,
0,
0,
0,
14,
171,
359,
530,
665,
751,
780,
751,
666,
532,
360,
172,
14,
0,
0,
0,
0,
0,
0,
0,
0,
0,
0,
0,
10,
150,
324,
484,
609,
688,
711,
677,
589,
459,
302,
135,
0,
0,
0,
0,
0,
0,
0,
0,
0,
0,
0,
0,
0,
158,
344,
516,
654,
741,
770,
739,
651,
515,
345,
159,
0,
0,
0,
0,
0,
0,
0,
0,
0,
0,
0,
0,
0,
153,
332,
491,
619,
714,
743,
711,
625,
493,
323,
141,
0,
0,
0,
0,
0,
0,
0,
0,
0,
0,
0,
0,
0,
127,
300,
456,
576,
653,
674,
649,
578,
450,
288,
120,
0,
0,
0,
0,
0,
0,
0,
0,
0,
0,
0,
0,
0,
146,
330,
499,
628,
709,
735,
702,
612,
478,
311,
132,
0,
0,
0,
0,
0,
0,
0,
0,
0,
0,
0,
0,
0,
115,
266,
418,
545,
605,
631,
608,
526,
404,
254,
99,
0,
0,
0,
0,
0,
0,
0,
0,
0,
0,
0,
0,
0,
115,
279,
436,
566,
648,
684,
662,
576,
454,
294,
121,
0,
0,
0,
0,
0,
0,
0,
0,
0,
0,
0,
0,
0,
126,
299,
462,
591,
670,
696,
664,
567,
435,
271,
103,
0,
0,
0,
0,
0,
0,
0,
0,
0,
0,
0,
0,
0,
111,
277,
433,
555,
637,
658,
626,
541,
414,
256,
94,
0,
0,
0,
0,
0,
0,
0,
0,
0,
0,
0,
0,
0,
114,
282,
440,
565,
642,
664,
631,
545,
414,
250,
87,
0,
0,
0,
0,
0,
0,
0,
0,
0,
0,
0,
0,
0,
119,
292,
452,
580,
658,
683,
651,
563,
430,
266,
96,
0,
0,
0,
0,
0,
0,
0,
0,
0,
0,
0,
0,
0,
109,
275,
430,
555,
612,
637,
609,
527,
400,
242,
82,
0,
0,
0,
0,
0,
0,
0,
0,
0,
0,
0,
0,
0,
108,
276,
432,
555,
630,
656,
624,
529,
398,
241,
79,
0,
0,
0,
0,
0,
0,
0,
0,
0,
0,
0,
0,
0,
121,
304,
473,
604,
685,
709,
673,
582,
444,
272,
92,
0,
0,
0,
0,
0,
0,
0,
0,
0,
0,
0,
0,
0,
114,
292,
457,
586,
665,
689,
654,
564,
427,
258,
84,
0,
0,
0,
0,
0,
0,
0,
0,
0,
0,
0,
0,
0,
109,
285,
446,
572,
649,
671,
637,
549,
415,
249,
78,
0,
0,
0,
0,
0,
0,
0,
0,
0,
0,
0,
0,
0,
101,
273,
435,
562,
642,
666,
632,
543,
408,
243,
73,
0,
0,
0,
0,
0,
0,
0,
0,
0,
0,
0,
0,
0,
101,
272,
430,
552,
624,
640,
602,
513,
378,
213,
55,
0,
0,
0,
0,
0,
0,
0,
0,
0,
0,
0,
0,
0,
89,
258,
421,
549,
627,
648,
613,
526,
392,
229,
63,
0,
0,
0,
0,
0,
0,
0,
0,
0,
0,
0,
0,
0,
97,
269,
430,
554,
629,
648,
612,
521,
384,
218,
56,
0,
0,
0,
0,
0,
0,
0,
0,
0,
0,
0,
0,
0,
97,
274,
438,
567,
646,
669,
633,
541,
402,
231,
58,
0,
0,
0,
0,
0,
0,
0,
0,
0,
0,
0,
0,
0,
91,
264,
427,
557,
638,
661,
621,
526,
387,
220,
53,
0,
0,
0,
0,
0,
0,
0,
0,
0,
0,
0,
0,
0,
87,
261,
424,
552,
631,
653,
617,
526,
387,
218,
50,
0,
0,
0,
0,
0,
0,
0,
0,
0,
0,
0,
0,
0,
81,
252,
414,
540,
618,
640,
603,
512,
376,
209,
44,
0,
0,
0,
0,
0,
0,
0,
0,
0,
0,
0,
0,
0,
80,
250,
411,
537,
614,
636,
599,
508,
371,
205,
41,
0,
0,
0,
0,
0,
0,
0,
0,
0,
0,
0,
0,
0,
78,
249,
410,
534,
610,
630,
591,
497,
358,
192,
34,
0,
0,
0,
0,
0,
0,
0,
0,
0,
0,
0,
0,
0,
55,
198,
342,
456,
521,
551,
530,
457,
327,
173,
28,
0,
0,
0,
0,
0,
0,
0,
0,
0,
0,
0,
0,
0,
60,
222,
378,
499,
576,
592,
553,
461,
328,
170,
25,
0,
0,
0,
0,
0,
0,
0,
0,
0,
0,
0,
0,
0,
63,
229,
391,
519,
596,
614,
572,
476,
336,
172,
23,
0,
0,
0,
0,
0,
0,
0,
0,
0,
0,
0,
0,
0,
64,
232,
393,
520,
597,
617,
579,
484,
344,
176,
22,
0,
0,
0,
0,
0,
0,
0,
0,
0,
0,
0,
0,
0,
61,
228,
389,
514,
589,
608,
568,
476,
337,
171,
20,
0,
0,
0,
0,
0,
0,
0,
0,
0,
0,
0,
0,
0,
51,
210,
368,
491,
564,
581,
541,
446,
310,
151,
14,
0,
0,
0,
0,
0,
0,
0,
0,
0,
0,
0,
0,
0,
47,
200,
352,
474,
550,
566,
527,
433,
292,
131,
5,
0,
0,
0,
0,
0,
0,
0,
0,
0,
0,
0,
0,
0,
50,
212,
370,
495,
570,
590,
553,
460,
322,
157,
0,
0,
0,
0,
0,
0,
0,
0,
0,
0,
0,
0,
0,
0,
47,
209,
368,
492,
567,
587,
549,
456,
319,
154,
0,
0,
0,
0,
0,
0,
0,
0,
0,
0,
0,
0,
0,
0,
45,
205,
363,
485,
556,
574,
532,
435,
297,
136,
0,
0,
0,
0,
0,
0,
0,
0,
0,
0,
0,
0,
0,
0,
25,
162,
308,
430,
504,
525,
488,
398,
270,
121,
0,
0,
0,
0,
0,
0,
0,
0,
0,
0,
0,
0,
0,
0,
28,
165,
309,
424,
492,
509,
472,
388,
261,
114,
0,
0,
0,
0,
0,
0,
0,
0,
0,
0,
0,
0,
0,
0,
27,
159,
294,
402,
466,
485,
458,
373,
250,
109,
0,
0,
0,
0,
0,
0,
0,
0,
0,
0,
0,
0,
0,
0,
29,
177,
327,
444,
514,
535,
498,
406,
272,
117,
0,
0,
0,
0,
0,
0,
0,
0,
0,
0,
0,
0,
0,
0,
27,
173,
324,
444,
517,
534,
496,
405,
272,
117,
0,
0,
0,
0,
0,
0,
0,
0,
0,
0,
0,
0,
0,
0,
28,
180,
333,
451,
520,
535,
494,
400,
265,
108,
0,
0,
0,
0,
0,
0,
0,
0,
0,
0,
0,
0,
0,
0,
13,
138,
278,
395,
469,
486,
458,
384,
258,
109,
0,
0,
0,
0,
0,
0,
0,
0,
0,
0,
0,
0,
0,
0,
21,
165,
317,
438,
512,
530,
492,
397,
263,
108,
0,
0,
0,
0,
0,
0,
0,
0,
0,
0,
0,
0,
0,
0,
20,
169,
325,
449,
524,
542,
502,
408,
270,
110,
0,
0,
0,
0,
0,
0,
0,
0,
0,
0,
0,
0,
0,
0,
17,
162,
316,
438,
513,
532,
493,
401,
265,
106,
0,
0,
0,
0,
0,
0,
0,
0,
0,
0,
0,
0,
0,
0,
13,
145,
290,
405,
472,
484,
443,
353,
225,
83,
0,
0,
0,
0,
0,
0,
0,
0,
0,
0,
0,
0,
0,
0,
9,
120,
255,
370,
432,
447,
419,
338,
215,
80,
0,
0,
0,
0,
0,
0,
0,
0,
0,
0,
0,
0,
0,
0,
0,
138,
281,
395,
465,
481,
444,
357,
230,
86,
0,
0,
0,
0,
0,
0,
0,
0,
0,
0,
0,
0,
0,
0,
0,
139,
284,
399,
468,
484,
446,
357,
229,
82,
0,
0,
0,
0,
0,
0,
0,
0,
0,
0,
0,
0,
0,
0,
0,
122,
262,
377,
458,
477,
442,
358,
229,
81,
0,
0,
0,
0,
0,
0,
0,
0,
0,
0,
0,
0,
0,
0,
0,
125,
266,
381,
450,
468,
432,
345,
219,
76,
0,
0,
0,
0,
0,
0,
0,
0,
0,
0,
0,
0,
0,
0,
0,
124,
274,
398,
474,
492,
454,
363,
231,
80,
0,
0,
0,
0,
0,
0,
0,
0,
0,
0,
0,
0,
0,
0,
0,
131,
282,
402,
475,
493,
454,
363,
230,
79,
0,
0,
0,
0,
0,
0,
0,
0,
0,
0,
0,
0,
0,
0,
0,
122,
267,
385,
456,
475,
438,
350,
221,
73,
0,
0,
0,
0,
0,
0,
0,
0,
0,
0,
0,
0,
0,
0,
0,
119,
264,
382,
455,
474,
438,
350,
221,
72,
0,
0,
0,
0,
0,
0,
0,
0,
0,
0,
0,
0,
0,
0,
0,
109,
250,
365,
434,
453,
417,
331,
206,
64,
0,
0,
0,
0,
0,
0,
0,
0,
0,
0,
0,
0,
0,
0,
0,
102,
240,
354,
422,
438,
401,
317,
193,
57,
0,
0,
0,
0,
0,
0,
0,
0,
0,
0,
0,
0,
0,
0,
0,
87,
216,
325,
402,
423,
391,
303,
183,
52,
0,
0,
0,
0,
0,
0,
0,
0,
0,
0,
0,
0,
0,
0,
0,
85,
214,
321,
388,
402,
376,
300,
181,
49,
0,
0,
0,
0,
0,
0,
0,
0,
0,
0,
0,
0,
0,
0,
0,
98,
242,
360,
433,
453,
417,
329,
200,
57,
0,
0,
0,
0,
0,
0,
0,
0,
0,
0,
0,
0,
0,
0,
0,
98,
244,
363,
437,
456,
420,
331,
201,
56,
0,
0,
0,
0,
0,
0,
0,
0,
0,
0,
0,
0,
0,
0,
0,
77,
202,
316,
411,
435,
402,
310,
188,
53,
0,
0,
0,
0,
0,
0,
0,
0,
0,
0,
0,
0,
0,
0,
0,
92,
236,
355,
430,
448,
411,
323,
194,
52,
0,
0,
0,
0,
0,
0,
0,
0,
0,
0,
0,
0,
0,
0,
0,
76,
198,
300,
363,
380,
349,
269,
156,
37,
0,
0,
0,
0,
0,
0,
0,
0,
0,
0,
0,
0,
0,
0,
0,
63,
186,
292,
356,
371,
336,
260,
151,
35,
0,
0,
0,
0,
0,
0,
0,
0,
0,
0,
0,
0,
0,
0,
0,
80,
219,
335,
408,
430,
398,
311,
185,
47,
0,
0,
0,
0,
0,
0,
0,
0,
0,
0,
0,
0,
0,
0,
0,
80,
221,
340,
415,
436,
402,
316,
189,
48,
0,
0,
0,
0,
0,
0,
0,
0,
0,
0,
0,
0,
0,
0,
0,
62,
186,
295,
359,
371,
339,
271,
166,
41,
0,
0,
0,
0,
0,
0,
0,
0,
0,
0,
0,
0,
0,
0,
0,
68,
208,
326,
401,
423,
389,
305,
179,
42,
0,
0,
0,
0,
0,
0,
0,
0,
0,
0,
0,
0,
0,
0,
0,
70,
209,
325,
398,
419,
385,
301,
178,
43,
0,
0,
0,
0,
0,
0,
0,
0,
0,
0,
0,
0,
0,
0,
0,
65,
200,
316,
389,
410,
377,
295,
173,
41,
0,
0,
0,
0,
0,
0,
0,
0,
0,
0,
0,
0,
0,
0,
0,
60,
194,
309,
380,
401,
368,
286,
167,
38,
0,
0,
0,
0,
0,
0,
0,
0,
0,
0,
0,
0,
0,
0,
0,
55,
183,
295,
364,
386,
356,
279,
162,
36,
0,
0,
0,
0,
0,
0,
0,
0,
0,
0,
0,
0,
0,
0,
0,
46,
176,
297,
377,
401,
371,
290,
169,
38,
0,
0,
0,
0,
0,
0,
0,
0,
0,
0,
0,
0,
0,
0,
0,
49,
177,
290,
365,
385,
352,
271,
154,
33,
0,
0,
0,
0,
0,
0,
0,
0,
0,
0,
0,
0,
0,
0,
0,
48,
177,
291,
364,
388,
359,
279,
162,
35,
0,
0,
0,
0,
0,
0,
0,
0,
0,
0,
0,
0,
0,
0,
0,
47,
175,
289,
365,
389,
359,
279,
160,
34,
0,
0,
0,
0,
0,
0,
0,
0,
0,
0,
0,
0,
0,
0,
0,
43,
169,
283,
357,
381,
352,
274,
158,
34,
0,
0,
0,
0,
0,
0,
0,
0,
0,
0,
0,
0,
0,
0,
0,
44,
174,
289,
358,
383,
354,
278,
162,
35,
0,
0,
0,
0,
0,
0,
0,
0,
0,
0,
0,
0,
0,
0,
0,
44,
178,
299,
380,
407,
377,
295,
172,
37,
0,
0,
0,
0,
0,
0,
0,
0,
0,
0,
0,
0,
0,
0,
0,
39,
168,
286,
373,
399,
368,
288,
165,
34,
0,
0,
0,
0,
0,
0,
0,
0,
0,
0,
0,
0,
0,
0,
0,
43,
183,
308,
389,
415,
383,
298,
171,
36,
0,
0,
0,
0,
0,
0,
0,
0,
0,
0,
0,
0,
0,
0,
0,
29,
152,
271,
350,
380,
355,
279,
161,
33,
0,
0,
0,
0,
0,
0,
0,
0,
0,
0,
0,
0,
0,
0,
0,
31,
153,
265,
343,
367,
337,
259,
146,
28,
0,
0,
0,
0,
0,
0,
0,
0,
0,
0,
0,
0,
0,
0,
0,
20,
117,
212,
279,
317,
317,
251,
147,
31,
0,
0,
0,
0,
0,
0,
0,
0,
0,
0,
0,
0,
0,
0,
0,
26,
145,
261,
338,
365,
339,
266,
154,
33,
0,
0,
0,
0,
0,
0,
0,
0,
0,
0,
0,
0,
0,
0,
0,
30,
155,
271,
346,
370,
343,
266,
153,
32,
0,
0,
0,
0,
0,
0,
0,
0,
0,
0,
0,
0,
0,
0,
0,
30,
160,
284,
368,
399,
373,
294,
173,
39,
0,
0,
0,
0,
0,
0,
0,
0,
0,
0,
0,
0,
0,
0,
0,
28,
154,
277,
362,
393,
368,
290,
170,
38,
0,
0,
0,
0,
0,
0,
0,
0,
0,
0,
0,
0,
0,
0,
0,
29,
160,
282,
365,
396,
371,
293,
174,
40,
0,
0,
0,
0,
0,
0,
0,
0,
0,
0,
0,
0,
0,
0,
0,
26,
149,
267,
349,
379,
355,
280,
165,
38,
0,
0,
0,
0,
0,
0,
0,
0,
0,
0,
0,
0,
0,
0,
0,
26,
148,
266,
344,
373,
349,
274,
161,
37,
0,
0,
0,
0,
0,
0,
0,
0,
0,
0,
0,
0,
0,
0,
0,
21,
133,
246,
322,
350,
329,
260,
152,
35,
0,
0,
0,
0,
0,
0,
0,
0,
0,
0,
0,
0,
0,
0,
0,
22,
140,
256,
335,
366,
345,
273,
162,
39,
0,
0,
0,
0,
0,
0,
0,
0,
0,
0,
0,
0,
0,
0,
0,
22,
143,
263,
346,
379,
357,
284,
170,
42,
0,
0,
0,
0,
0,
0,
0,
0,
0,
0,
0,
0,
0,
0,
0,
26,
159,
286,
372,
405,
382,
306,
186,
48,
0,
0,
0,
0,
0,
0,
0,
0,
0,
0,
0,
0,
0,
0,
0,
26,
161,
289,
375,
408,
385,
308,
187,
49,
0,
0,
0,
0,
0,
0,
0,
0,
0,
0,
0,
0,
0,
0,
0,
22,
148,
270,
354,
387,
365,
291,
174,
44,
0,
0,
0,
0,
0,
0,
0,
0,
0,
0,
0,
0,
0,
0,
0,
19,
140,
263,
349,
384,
364,
292,
176,
46,
0,
0,
0,
0,
0,
0,
0,
0,
0,
0,
0,
0,
0,
0,
0,
24,
157,
284,
366,
402,
382,
300,
185,
52,
0,
0,
0,
0,
0,
0,
0,
0,
0,
0,
0,
0,
0,
0,
0,
23,
157,
286,
374,
410,
389,
314,
195,
56,
0,
0,
0,
0,
0,
0,
0,
0,
0,
0,
0,
0,
0,
0,
0,
21,
146,
270,
353,
388,
368,
295,
181,
50,
0,
0,
0,
0,
0,
0,
0,
0,
0,
0,
0,
0,
0,
0,
0,
20,
142,
262,
347,
381,
362,
293,
180,
51,
0,
0,
0,
0,
0,
0,
0,
0,
