MpAlias,csv.weather.forecast.sync.1_0_0,
LocationAlias,ws.us.me.millinocketairport
TempSourceAlias,noaa.lcd
TempMethodAlias,prev.year.hack
SkyClaritySourceAlias,
SkyClarityMethodAlias,
IrradianceSourceAlias,
IrradianceMethodAlias,
Comment,Copied from 2020 with method noaa.lcd.basictempgrab
StartYearUtc,2022
StartMonthUtc,1
StartDayUtc,1
StartHourUtc,5
UniformSliceDurationHrs,1
TimezoneString,US/Eastern
TempUnit,F
IrradianceType,
IncludeTemp,True
IncludeIrradiance,False
IncludeSkyClarity,False
ForecastUnixTimeS,1639147000
WeatherUid,5eadac01-ff33-4de2-80cf-d38862e52c09
Temperatures,IrradianceWPerM2,OpaqueCloudCoveragePercents
25
26
27
26
26
24
22
22
24
26
31
31
32
32
32
32
31
31
32
32
32
32
32
32
32
31
32
32
33
33
32
31
31
32
32
34
35
36
35
31
28
30
31
31
32
32
32
31
31
31
31
30
30
30
30
31
32
34
36
36
36
36
36
36
34
33
34
39
41
41
41
40
38
36
31
31
28
27
29
29
32
36
38
38
39
40
38
37
35
33
34
33
33
33
32
33
32
32
30
30
29
29
28
27
28
29
29
28
29
28
27
25
25
22
21
20
21
20
18
17
17
16
16
15
14
14
13
14
15
16
16
17
18
18
18
18
17
17
16
17
17
17
17
17
17
16
11
7
8
9
9
12
13
14
26
29
29
29
29
26
21
17
15
14
12
12
13
14
15
16
15
15
14
16
17
17
18
20
22
23
24
25
26
25
23
22
24
23
26
28
28
28
28
27
22
18
17
12
11
10
11
12
14
16
17
18
17
15
14
13
12
11
11
11
11
11
10
10
11
11
11
12
13
16
19
21
23
26
27
29
29
29
30
30
30
30
31
31
31
32
30
30
31
31
32
32
32
34
34
36
37
40
42
43
45
45
50
50
48
45
43
41
37
35
36
34
34
33
31
29
27
26
26
27
27
25
23
23
23
22
22
21
20
20
17
15
14
13
13
11
12
11
12
8
8
9
11
13
15
16
17
17
17
18
18
18
19
19
19
19
20
19
16
15
14
17
18
19
18
17
17
17
18
20
21
21
21
20
20
20
20
19
19
19
19
19
19
19
19
19
19
19
19
19
20
26
30
32
34
33
33
32
32
31
31
31
30
29
28
23
25
24
26
25
25
25
25
26
26
27
27
27
28
28
28
27
27
25
24
22
21
19
18
16
14
11
9
7
4
5
2
2
4
5
6
10
10
11
9
8
6
4
2
1
0
-1
-1
-1
-2
-2
-2
-3
-3
-3
-3
-3
-1
1
3
5
7
10
10
10
10
9
9
10
9
10
9
8
8
8
7
7
7
7
8
10
11
12
15
16
17
17
17
17
16
15
15
15
15
13
13
13
12
12
12
12
12
12
10
9
11
13
14
15
16
18
17
15
13
12
11
10
10
9
9
8
7
6
6
4
3
2
1
1
6
9
11
13
15
17
18
17
14
9
12
11
10
9
6
6
8
9
10
11
12
13
14
14
16
18
21
23
26
29
30
30
27
25
23
25
24
19
23
24
25
26
21
22
20
17
18
19
26
34
38
38
41
40
41
39
37
34
34
36
35
33
33
33
32
31
31
26
27
25
24
24
27
32
33
33
35
36
34
34
32
31
30
30
30
29
29
29
27
28
28
28
28
28
28
28
29
31
31
33
34
35
35
34
32
32
32
32
31
31
31
30
30
31
32
33
33
33
33
34
34
34
35
35
36
36
36
37
37
36
37
36
33
34
32
31
32
32
33
32
33
33
30
29
37
39
39
38
38
38
37
36
35
34
33
32
32
31
30
30
30
28
28
26
25
25
25
25
25
26
25
25
26
26
26
25
23
24
22
21
20
21
19
18
15
14
16
13
11
13
12
14
19
21
23
22
23
23
22
21
19
16
16
14
17
16
14
13
12
9
7
7
7
7
7
5
14
18
21
24
25
28
28
28
25
22
19
16
17
21
20
19
15
14
11
9
8
6
5
5
13
27
31
33
36
36
37
35
28
23
22
19
17
17
17
17
15
17
16
17
17
18
19
20
21
24
28
32
31
33
33
33
32
30
30
30
30
30
29
29
29
28
28
28
28
28
27
26
27
27
29
30
30
30
30
30
29
29
28
25
22
23
23
24
24
24
23
22
21
24
23
25
29
31
34
35
38
39
38
39
38
37
37
36
36
35
34
34
32
31
30
29
24
23
22
26
28
30
32
34
35
35
34
34
33
32
32
32
32
31
27
27
31
31
31
29
26
24
22
21
22
22
24
26
25
24
24
23
20
19
17
15
14
13
13
12
12
13
13
13
13
14
13
13
13
15
17
18
19
20
21
22
22
22
22
22
22
21
21
21
22
23
23
23
23
24
25
24
24
24
23
24
23
22
22
22
22
22
20
19
19
18
19
18
16
14
14
14
13
12
11
10
13
12
14
16
15
16
14
12
9
7
6
5
4
3
3
3
2
2
1
2
1
1
1
3
6
10
14
17
20
21
21
21
18
17
16
15
15
15
12
14
15
16
16
16
16
17
17
18
18
20
21
23
26
28
30
30
29
30
29
29
28
29
24
28
23
23
21
19
17
13
10
10
18
22
27
29
30
30
30
30
30
30
29
29
29
29
29
27
30
30
29
28
28
27
27
28
29
31
33
18
35
36
35
34
31
28
28
28
22
23
25
23
28
29
29
29
30
28
29
29
29
29
29
30
31
32
32
32
26
21
19
16
14
12
10
8
8
7
7
6
2
0
-2
-1
1
2
4
5
6
7
8
7
5
3
1
-1
-3
-4
-5
-6
-6
-7
-7
-6
-7
-6
-7
-7
0
4
8
13
17
18
19
17
16
15
15
15
13
12
11
10
7
13
15
17
17
16
17
17
20
22
25
26
28
29
30
30
30
30
29
27
28
25
23
21
19
16
15
18
15
12
17
27
29
28
28
27
26
26
26
25
23
20
18
16
15
12
9
6
0
-2
-4
-4
-7
-7
-6
-3
2
7
13
15
16
18
19
18
19
20
23
24
24
24
25
25
24
24
25
24
32
33
32
32
32
32
32
30
30
29
25
25
23
20
19
18
17
13
11
8
7
5
3
2
1
0
-1
1
3
5
7
10
11
11
12
13
10
8
7
5
4
2
2
1
1
-1
0
0
0
-1
-3
2
6
10
15
18
21
23
24
24
21
19
18
18
17
17
17
15
12
8
16
7
3
1
2
5
11
16
32
34
36
37
37
36
34
33
32
27
24
24
28
29
23
23
24
20
15
14
14
20
28
38
40
42
44
45
45
44
42
36
33
34
28
26
23
22
21
19
19
18
14
14
12
16
20
28
34
42
45
48
50
49
48
42
40
34
32
31
29
31
30
30
29
29
29
28
28
30
34
40
42
45
47
45
46
44
40
37
37
36
33
32
30
28
29
31
32
31
28
29
27
30
35
34
35
37
39
42
42
41
40
39
38
38
37
36
36
35
36
36
34
33
33
32
32
32
32
31
30
29
29
29
29
28
28
28
28
29
28
27
24
23
23
23
23
19
18
18
20
23
25
27
23
24
26
26
28
26
25
19
20
17
19
15
14
16
12
9
6
3
1
2
1
6
14
21
24
24
24
25
24
25
24
20
17
16
14
13
11
10
9
9
8
9
7
5
10
13
17
20
22
23
25
26
26
27
25
24
23
20
20
17
14
14
11
12
11
9
2
2
1
7
17
22
23
25
25
25
25
26
27
27
28
28
29
28
30
30
30
32
32
32
32
32
32
33
33
35
38
47
48
51
50
49
44
39
35
34
35
38
38
38
39
38
37
36
36
35
36
37
36
36
38
38
38
39
38
38
37
36
35
35
34
32
32
31
30
30
29
29
29
28
28
28
30
32
34
36
37
39
38
38
36
34
33
33
31
28
27
27
26
22
21
20
19
18
22
25
26
27
29
31
34
34
35
34
32
30
29
28
26
25
23
21
21
20
19
17
16
15
14
17
19
23
26
30
32
33
34
34
32
29
27
24
25
25
24
24
23
22
21
20
21
21
27
30
32
35
37
39
41
43
43
43
42
41
40
39
38
36
35
34
32
32
31
29
27
25
27
28
33
37
38
40
37
36
34
33
33
32
32
31
29
29
29
28
28
29
29
28
29
29
29
29
30
30
32
33
33
34
35
36
35
35
35
34
35
35
34
35
39
38
35
35
32
32
30
31
31
31
31
32
34
34
34
33
32
31
31
30
30
29
27
25
24
21
19
16
17
17
19
20
23
26
28
31
34
35
36
36
36
34
30
27
25
24
23
22
22
23
25
27
28
28
29
32
33
33
35
35
35
36
39
38
37
36
34
32
38
38
39
39
38
38
38
37
37
36
36
36
36
36
37
37
37
37
37
37
35
33
32
31
30
28
27
25
24
23
21
20
18
17
18
20
22
24
26
28
29
30
31
31
30
27
25
23
22
20
18
16
15
14
12
9
8
8
10
16
19
21
22
25
27
29
30
30
30
28
24
22
23
23
24
23
23
23
24
23
23
24
26
28
28
30
32
33
32
32
32
33
33
33
33
33
34
32
32
34
32
28
23
22
25
25
27
28
28
30
30
32
33
35
35
35
34
31
27
25
24
27
24
24
24
25
25
25
25
27
28
28
32
34
38
38
41
41
41
39
38
36
36
34
34
33
33
33
32
32
33
33
33
32
33
33
35
36
37
38
39
38
39
40
39
40
41
42
46
48
44
42
39
37
33
31
29
27
26
26
28
29
30
31
32
32
33
31
28
26
24
23
22
20
19
18
16
15
14
12
10
9
12
15
18
20
22
25
26
28
30
30
30
28
25
21
18
15
13
11
9
8
7
5
5
5
9
13
19
24
30
32
35
35
36
34
33
32
31
30
29
28
28
28
28
28
28
28
28
29
29
31
32
34
36
37
37
39
38
38
38
36
35
34
30
30
28
26
24
23
21
19
20
19
23
31
36
39
41
43
43
45
45
45
44
41
37
36
33
32
32
30
30
29
28
26
25
25
26
31
38
40
41
43
46
46
48
46
46
43
39
34
33
32
33
33
33
33
33
32
31
31
31
31
32
33
35
38
39
40
41
41
39
39
38
37
37
34
36
35
34
33
32
31
31
28
33
35
37
40
44
45
47
49
50
50
50
44
36
31
31
31
29
30
30
29
29
30
30
31
33
38
41
43
48
49
48
48
48
47
46
44
39
35
33
33
33
32
32
32
32
32
32
33
32
32
32
31
31
30
30
30
31
32
33
32
32
32
32
30
27
28
28
27
26
26
25
25
26
30
32
34
36
38
40
41
41
41
42
39
38
34
34
34
34
34
32
32
33
33
32
32
33
33
34
35
36
36
37
38
37
37
37
37
36
36
36
36
36
36
36
36
36
36
36
36
37
37
38
39
40
41
42
44
44
44
44
43
42
42
41
41
42
42
42
41
41
41
41
40
41
41
42
42
43
46
48
48
47
47
44
43
40
39
38
37
36
36
36
35
35
34
34
34
36
39
39
42
44
47
47
49
49
49
48
47
44
45
42
37
35
34
34
34
33
33
34
34
36
39
43
47
51
50
52
53
53
52
50
49
47
45
44
42
43
44
41
39
37
36
35
35
36
39
42
44
46
48
48
49
49
50
49
46
44
44
40
38
37
33
33
32
29
28
28
29
32
34
36
38
40
43
42
42
41
42
43
41
36
33
29
29
27
26
26
24
23
23
23
25
30
36
38
39
41
43
43
46
45
46
45
42
38
34
30
30
29
28
27
27
27
27
27
27
30
34
37
41
41
41
40
35
34
33
32
32
32
33
32
32
32
28
27
27
27
27
27
27
30
34
37
41
41
41
40
35
34
33
32
32
32
33
32
32
32
28
27
27
27
27
27
27
30
34
37
41
41
41
40
35
34
33
32
32
37
36
35
34
32
32
31
30
25
24
24
23
35
38
42
44
46
48
50
51
52
52
51
49
47
44
42
41
40
39
38
36
36
36
36
36
37
37
38
40
45
49
50
50
50
51
51
51
51
53
52
52
52
52
52
47
45
43
41
40
41
41
45
47
46
48
50
49
50
48
46
44
41
40
37
35
34
33
32
33
31
29
28
30
36
41
44
43
43
44
46
42
45
45
43
39
37
35
34
33
32
31
30
29
28
28
25
29
33
34
35
38
37
40
40
42
40
41
39
38
36
33
31
31
31
30
29
28
28
29
25
28
32
35
37
39
38
41
40
41
40
39
39
38
35
30
30
28
26
25
24
23
22
21
21
24
29
34
37
40
41
44
46
46
47
46
46
45
38
34
30
29
27
25
25
25
23
22
23
26
34
42
46
48
53
55
55
56
58
58
56
54
50
49
47
46
43
39
40
38
44
41
38
37
36
34
36
38
40
42
43
44
45
45
46
43
38
34
30
29
30
30
25
24
22
21
21
25
30
33
37
42
45
48
50
49
48
43
37
35
34
33
32
32
32
33
32
32
32
30
29
30
31
30
30
30
29
31
30
28
28
27
27
27
28
28
28
28
27
27
26
26
25
24
24
25
26
28
31
32
37
38
41
43
43
44
43
41
39
35
34
35
34
34
30
27
32
28
27
30
36
39
43
45
47
49
51
54
56
55
55
53
50
40
40
37
33
32
34
31
29
27
28
36
40
43
46
49
51
54
56
58
58
57
57
55
47
42
37
34
30
30
29
29
28
28
29
31
35
44
49
51
56
58
58
58
58
57
56
54
52
51
50
49
48
47
45
42
42
40
39
40
41
43
43
43
42
44
46
48
49
49
47
46
44
43
42
40
39
38
38
38
37
37
37
38
39
41
44
47
47
48
52
55
54
55
54
52
50
49
47
46
44
41
41
40
39
37
36
40
43
45
49
52
53
56
58
59
61
62
60
58
54
48
46
44
42
39
37
37
38
38
38
39
39
40
42
46
49
52
52
53
51
49
48
45
44
42
42
40
41
40
41
41
42
43
43
44
44
47
49
49
52
52
52
52
53
53
53
52
52
51
50
50
50
51
49
46
43
43
41
43
45
46
49
50
51
54
57
58
59
59
59
58
54
49
43
43
38
37
36
35
35
35
37
39
41
43
46
48
47
49
55
59
65
65
64
62
57
49
47
46
46
44
45
45
44
42
43
42
43
45
54
55
55
57
57
58
56
52
52
48
46
45
44
43
42
40
40
39
38
38
38
39
40
41
43
41
45
47
47
45
48
48
45
43
40
39
38
36
34
35
35
36
33
35
35
42
45
50
51
53
53
55
56
58
57
58
57
56
50
50
48
49
47
46
45
44
44
43
43
44
44
46
48
51
51
55
54
54
57
57
56
56
50
44
40
37
34
31
31
31
34
35
36
36
38
39
43
45
47
48
50
50
51
51
50
46
44
42
39
39
39
38
38
37
37
37
36
33
32
32
31
31
31
32
32
33
32
32
33
32
33
33
33
32
33
33
33
32
31
31
32
34
35
37
39
40
40
41
42
45
44
44
45
44
44
42
40
40
42
41
36
33
33
32
38
40
43
46
50
53
55
57
56
58
60
61
60
58
55
53
52
50
46
45
45
44
44
44
43
40
38
37
36
35
37
38
40
39
39
40
42
41
40
37
34
30
30
32
34
33
32
31
33
35
36
39
41
43
45
47
48
50
50
50
52
51
50
47
42
42
45
44
40
39
39
39
40
43
46
49
50
54
56
58
59
61
61
61
62
60
56
49
44
40
37
36
35
37
38
38
40
43
46
49
53
57
56
57
58
60
58
57
56
55
52
51
45
44
44
44
43
43
43
43
44
44
45
48
51
53
50
51
55
55
59
58
59
59
54
51
49
47
45
42
42
39
38
38
39
46
56
59
61
63
67
68
67
70
69
70
68
67
63
60
57
55
53
48
42
40
38
36
40
47
53
55
58
60
61
63
65
64
66
66
67
65
61
57
55
53
51
50
49
49
45
47
46
48
51
54
57
60
61
64
64
66
67
68
66
64
60
58
53
50
48
46
41
40
36
36
37
44
51
55
60
65
66
68
72
72
73
74
74
73
68
64
59
56
53
52
51
50
45
44
44
50
57
68
70
76
78
80
80
81
81
81
80
79
75
66
62
65
57
54
50
49
62
60
58
64
67
72
78
80
83
82
84
84
83
84
82
80
77
73
66
66
66
64
62
58
54
51
50
49
51
52
54
57
59
61
62
63
65
65
64
63
57
51
47
47
47
46
41
38
37
36
38
45
51
55
59
61
62
64
66
69
68
68
66
63
59
55
52
49
47
45
43
42
40
40
41
45
48
52
58
60
63
68
68
70
70
71
69
64
61
60
59
59
58
58
59
58
57
57
57
58
60
62
69
73
77
79
82
84
85
84
83
79
75
72
70
68
66
64
63
62
61
60
60
60
64
70
74
79
84
85
86
89
89
89
86
84
81
77
75
71
68
66
65
63
62
61
61
63
67
72
75
79
82
83
85
88
88
87
85
83
80
75
73
71
70
70
69
68
69
69
69
70
72
74
77
79
81
85
86
87
86
84
82
81
77
75
73
71
70
67
67
68
68
69
69
69
70
71
74
66
73
73
72
69
68
68
69
68
64
58
55
53
51
50
50
54
54
54
55
54
52
51
52
52
53
54
54
56
55
51
49
46
45
44
43
43
40
38
38
36
35
35
39
44
46
49
49
51
52
53
54
54
54
53
53
54
51
46
42
45
43
39
36
34
31
31
34
41
48
52
54
57
58
61
63
64
65
65
66
64
61
51
50
50
51
49
50
51
50
50
49
50
53
55
58
58
61
62
65
64
65
64
64
62
60
59
58
57
56
56
54
54
54
53
55
57
60
63
66
70
72
72
75
76
75
76
77
76
71
64
62
62
59
59
56
57
58
54
59
60
67
72
76
75
79
80
81
84
81
82
81
79
75
72
69
67
64
65
61
60
59
59
60
59
60
61
64
68
69
67
70
71
74
75
70
67
63
61
61
58
57
57
56
52
51
51
51
50
50
50
53
54
57
56
58
61
63
62
60
59
58
55
54
51
51
50
51
52
53
51
52
55
58
63
63
66
69
70
72
72
73
71
70
70
65
60
58
54
54
54
55
54
54
53
56
55
58
62
64
68
69
70
69
73
73
70
72
71
67
63
57
51
48
46
44
43
42
40
44
48
53
57
62
66
68
70
69
69
68
65
62
59
57
56
54
53
53
53
53
52
52
51
52
52
53
54
54
56
57
60
64
64
64
64
64
64
64
64
64
64
64
64
62
59
56
53
54
58
64
67
69
71
73
75
77
78
78
76
74
71
70
70
66
64
62
60
58
55
55
51
52
55
57
59
58
60
60
60
62
63
63
64
61
61
58
56
54
53
53
53
53
52
51
51
52
55
55
57
61
62
64
63
63
65
66
66
64
63
62
59
56
54
52
50
48
46
44
43
45
51
55
59
63
67
68
69
69
71
71
71
73
72
65
60
57
54
52
50
48
47
46
45
46
53
62
71
73
75
79
81
81
82
81
82
81
80
76
70
68
65
63
58
57
54
53
51
54
59
64
70
75
80
83
84
86
87
88
88
86
82
79
75
72
70
68
64
62
60
59
57
59
65
72
78
82
86
89
91
93
93
94
93
91
89
85
78
78
76
72
72
66
63
64
61
64
73
78
83
86
89
90
92
93
94
93
94
93
91
86
78
75
74
71
68
66
65
65
64
66
76
80
84
86
89
91
93
95
96
95
95
92
89
86
81
79
75
72
69
66
65
64
63
62
62
63
64
67
72
77
78
81
82
83
84
83
81
78
75
71
69
66
65
64
64
63
62
62
62
63
64
67
71
77
78
79
82
82
84
82
81
78
75
73
71
70
69
67
66
65
64
64
67
70
75
80
83
86
87
88
87
88
87
84
81
78
74
72
70
68
66
66
65
64
64
64
64
65
65
67
68
72
74
74
76
74
75
74
73
72
70
69
68
67
67
67
64
62
59
60
63
66
69
72
75
77
78
79
78
81
80
79
77
74
69
65
65
64
61
59
57
57
55
56
59
62
68
72
77
79
79
77
81
82
72
71
73
70
65
64
63
64
64
64
63
59
59
60
64
71
74
76
77
78
79
78
80
80
78
77
76
74
72
70
69
67
66
63
63
61
61
62
63
65
67
70
74
78
81
80
82
85
82
79
74
74
72
70
68
66
66
66
66
65
65
65
66
67
66
65
65
66
66
66
67
66
67
66
65
65
65
64
64
63
63
63
62
61
61
62
62
62
63
65
66
67
72
73
72
70
70
71
69
68
67
67
67
66
66
66
65
65
65
65
66
66
67
68
70
71
74
76
77
78
78
80
79
75
72
71
68
67
67
66
67
66
65
65
66
69
73
77
82
84
85
88
86
85
76
74
72
70
69
66
63
63
62
63
62
62
61
60
60
60
60
61
61
63
66
69
71
73
73
72
72
68
65
63
61
61
59
59
57
59
60
59
62
65
68
71
73
75
78
79
80
75
76
78
76
73
70
68
65
62
62
61
60
59
59
58
58
59
60
61
64
67
69
70
70
70
70
65
64
61
60
59
59
58
58
58
57
57
58
60
61
64
65
67
67
72
74
75
77
74
74
75
74
71
63
60
58
57
56
54
53
54
54
55
56
57
60
64
71
73
75
78
79
80
78
76
73
70
67
64
62
61
61
61
61
61
61
61
61
63
62
62
63
65
66
68
70
70
70
70
70
69
70
68
68
68
67
66
66
66
67
67
68
70
72
73
75
79
82
84
84
86
86
85
84
81
76
75
73
71
70
68
67
67
66
65
66
67
73
78
83
85
87
87
88
89
88
86
83
79
75
72
72
72
71
71
70
69
69
69
70
70
71
71
70
72
74
75
77
79
80
79
78
75
73
71
70
70
70
69
69
70
69
69
69
69
70
71
74
74
78
77
75
75
80
82
81
73
72
72
69
71
70
67
69
67
66
67
69
72
74
76
78
79
79
80
79
77
70
71
71
70
69
68
66
65
67
65
64
63
62
63
61
62
62
63
63
64
64
66
65
65
66
67
66
64
63
62
61
61
59
59
58
58
58
57
60
62
64
67
69
70
72
73
76
77
77
76
74
70
64
63
58
56
53
51
49
48
46
47
51
56
58
61
64
67
70
70
72
72
72
72
70
67
64
61
59
58
57
56
54
54
54
54
55
56
58
59
60
60
60
58
58
60
60
60
60
59
59
59
58
58
58
59
58
58
58
58
59
60
65
70
75
80
83
83
84
87
87
85
83
77
74
71
69
67
66
65
64
64
63
63
67
69
70
70
72
77
81
79
77
80
82
82
81
78
75
73
73
72
71
71
71
70
68
69
72
73
75
81
83
86
87
88
87
84
86
87
84
81
73
71
73
74
73
70
67
65
68
69
70
72
74
75
75
77
78
79
79
80
81
79
77
74
71
69
67
65
61
59
57
57
58
60
62
65
69
73
75
76
77
77
77
77
77
76
74
73
71
69
69
69
69
68
68
67
66
65
65
68
70
72
75
77
80
79
79
79
76
78
74
74
71
70
70
70
70
69
67
65
64
64
69
71
74
76
80
74
85
86
87
86
86
84
83
76
73
70
67
67
65
62
63
65
65
65
70
74
77
81
83
85
86
85
88
87
86
85
83
79
74
73
72
72
72
73
73
73
72
71
68
68
69
70
72
72
73
75
74
73
72
72
71
70
70
70
69
69
70
70
70
70
69
69
72
72
74
75
78
80
81
81
82
81
79
76
76
75
75
74
74
74
74
74
74
74
72
73
75
77
77
81
83
80
77
77
82
86
85
82
80
77
73
70
69
67
67
67
66
63
62
62
69
74
76
78
81
81
82
86
87
83
85
81
78
75
69
68
67
66
65
66
66
65
65
65
68
70
74
76
77
79
81
82
84
84
81
79
72
68
66
64
64
64
65
65
62
61
62
63
66
68
72
72
73
76
78
80
77
78
78
76
77
74
72
67
64
63
62
60
61
59
59
59
64
69
73
74
75
78
78
81
82
84
84
82
80
75
71
69
67
66
64
63
62
61
61
61
62
64
67
79
82
85
85
87
85
83
79
77
77
76
74
73
72
71
70
69
69
68
68
70
69
71
72
76
80
82
82
84
85
80
79
78
76
73
73
72
72
70
70
69
68
68
66
66
68
70
72
73
75
76
76
76
75
76
74
72
72
71
72
71
67
65
66
69
70
70
68
68
68
70
72
76
77
79
81
82
81
83
81
81
73
70
67
69
66
69
68
68
66
66
61
61
63
66
70
71
73
75
75
76
75
75
75
75
73
71
68
67
65
63
60
59
58
60
57
60
64
69
72
73
77
80
81
81
83
83
83
78
78
73
69
67
65
64
63
61
60
60
59
59
61
67
72
75
78
82
82
84
82
84
82
81
79
73
72
68
67
65
66
64
63
61
60
59
63
68
74
78
81
83
84
85
83
82
83
80
78
77
75
75
76
74
72
70
67
66
65
66
67
69
71
75
78
81
83
84
86
85
84
83
80
76
73
73
71
70
69
68
67
67
66
67
67
69
75
81
84
87
88
88
90
90
91
89
86
83
80
78
76
75
74
73
72
72
72
71
72
74
78
81
81
85
87
88
87
87
87
84
83
77
74
72
70
68
66
66
65
65
63
62
67
73
78
80
82
84
85
85
88
87
86
86
82
77
75
75
72
73
70
67
62
61
62
60
63
69
74
76
79
81
82
81
84
84
83
83
81
71
71
70
68
67
66
65
64
64
64
63
62
62
63
65
69
71
73
76
78
78
79
78
76
69
64
62
59
58
57
56
55
54
54
54
56
61
60
63
65
70
74
75
76
78
75
71
71
70
68
67
66
65
64
62
61
60
60
60
62
63
68
70
72
74
76
78
78
79
76
76
74
68
66
63
62
61
62
62
62
62
62
62
62
61
60
60
61
61
64
69
67
67
70
70
67
64
61
59
58
57
55
59
58
58
55
56
59
62
64
67
69
70
71
73
74
74
73
73
69
65
64
63
60
62
60
60
59
58
57
56
57
59
61
63
67
68
71
72
73
74
73
72
70
66
62
60
61
60
61
61
60
60
62
58
58
59
58
58
59
63
67
67
67
68
66
65
65
63
60
59
58
57
56
55
55
52
51
51
52
55
58
67
69
72
73
76
77
77
78
76
70
68
64
62
61
62
60
59
57
55
55
54
56
62
69
71
73
74
74
73
73
74
75
75
73
71
70
69
67
66
66
66
65
63
63
61
63
64
67
70
71
72
72
73
72
71
67
66
67
66
65
65
65
65
64
65
66
67
67
66
65
66
66
67
67
69
69
76
79
76
76
75
71
69
67
65
63
61
60
59
58
57
55
54
55
57
58
60
61
61
62
61
64
64
61
60
60
57
56
56
55
54
54
53
52
52
51
51
52
54
56
58
61
63
65
67
68
69
70
69
65
62
57
57
55
55
54
53
52
50
51
53
54
58
59
62
64
67
69
70
72
73
71
70
67
65
60
57
54
53
51
51
50
49
50
51
51
53
53
55
55
57
57
58
58
57
56
56
56
56
56
55
55
55
55
56
56
56
56
55
55
56
60
63
64
63
61
60
63
60
60
59
57
56
54
54
50
47
50
47
48
46
46
47
50
54
58
61
63
64
67
68
66
69
69
68
61
56
53
53
51
50
48
46
46
45
45
47
50
52
54
57
62
63
67
70
70
72
70
68
65
62
61
60
58
56
55
54
53
51
51
52
52
55
58
59
62
65
66
68
67
69
67
67
66
65
64
62
62
62
63
63
63
63
61
61
60
63
66
69
73
74
77
77
77
76
74
72
69
67
66
65
64
61
60
59
58
59
56
58
61
65
69
72
76
77
77
77
78
77
75
73
69
67
59
56
53
51
52
61
58
58
58
53
57
59
62
64
67
69
70
71
71
72
71
69
64
62
57
59
53
50
49
47
47
47
45
44
47
52
60
64
67
68
70
72
71
72
72
69
62
58
54
53
51
50
48
46
45
45
45
43
45
51
57
64
62
64
70
74
75
73
71
70
68
67
66
63
61
60
60
59
60
61
61
63
62
63
66
69
71
73
76
77
78
78
79
75
73
69
69
66
65
66
65
65
63
64
63
62
62
61
62
62
64
67
70
72
72
74
75
76
73
70
66
63
62
61
60
60
59
57
57
56
56
57
59
61
67
68
70
71
75
76
76
74
73
68
65
60
58
55
55
52
51
50
49
49
49
50
53
52
55
58
61
63
64
65
65
63
59
53
50
46
45
44
46
41
41
43
42
39
41
50
58
61
65
65
68
69
70
70
68
66
60
56
55
55
54
53
51
49
46
46
45
46
47
49
53
56
61
63
66
69
70
68
65
63
62
60
59
60
61
61
62
62
61
61
62
63
62
61
63
63
65
64
63
63
63
62
60
58
56
54
53
52
51
50
49
46
44
45
45
39
39
46
50
51
53
55
57
59
60
60
60
58
53
49
50
50
49
50
48
50
50
49
50
51
50
51
55
58
61
64
66
68
67
68
68
68
65
62
61
60
61
60
60
59
58
57
56
56
55
57
59
62
61
61
60
61
62
66
66
64
58
55
52
46
47
47
43
41
37
37
40
33
38
40
47
51
54
57
59
61
61
61
61
59
54
52
50
49
47
43
41
41
39
33
34
30
31
41
49
51
53
54
54
54
55
57
57
53
51
47
43
41
41
39
35
35
34
32
31
32
34
41
46
51
53
55
58
58
59
59
59
57
48
44
40
36
35
32
31
30
29
29
28
28
29
34
44
53
55
57
60
61
62
63
62
57
50
46
43
40
39
35
34
33
32
31
30
30
32
35
41
52
57
59
61
60
61
61
61
61
60
60
59
58
57
56
55
56
56
57
57
56
55
58
59
63
65
67
69
71
73
73
71
70
67
65
64
63
64
62
62
61
60
58
58
57
56
58
58
62
66
69
71
71
73
73
72
69
65
61
60
58
50
51
50
42
39
37
36
34
34
40
48
54
57
61
65
67
68
67
67
64
60
60
60
61
58
57
57
56
56
53
52
50
50
52
58
62
66
71
74
75
77
77
75
72
68
65
62
59
56
56
57
56
57
58
58
58
58
59
60
62
65
68
69
78
78
79
76
74
72
68
66
66
67
67
67
67
67
66
65
66
66
66
67
68
68
69
70
70
70
70
70
69
69
68
68
67
66
66
66
66
66
66
65
65
65
65
65
65
67
70
73
75
77
76
75
71
69
68
68
67
67
66
66
64
64
64
64
66
68
69
70
70
72
72
72
67
67
64
65
62
60
57
54
50
50
47
53
54
52
49
48
48
47
52
56
60
63
67
67
68
69
70
69
65
62
61
57
55
53
51
50
49
48
47
45
46
47
48
49
50
50
53
54
54
54
54
53
51
51
51
51
49
49
47
48
49
44
47
48
43
46
46
52
55
54
55
56
57
58
57
56
52
48
45
43
43
40
38
37
38
39
40
41
41
41
42
44
45
48
49
51
51
51
52
52
50
45
43
41
39
38
37
38
38
37
36
35
33
35
37
42
48
52
58
57
62
63
61
61
56
51
49
46
46
45
46
48
48
47
46
46
48
48
49
50
51
53
55
57
60
61
61
60
59
57
56
55
55
55
55
55
54
53
53
54
54
54
54
55
57
59
61
62
63
63
57
57
55
55
55
53
53
53
52
52
53
53
52
52
51
49
48
49
49
48
49
50
51
50
49
47
45
44
44
43
43
41
40
39
38
37
37
37
35
34
38
41
44
46
49
50
52
53
54
53
51
49
48
47
47
48
48
48
48
47
46
46
47
49
50
52
56
58
64
66
69
71
72
70
68
61
62
61
58
56
56
53
52
51
49
46
45
43
43
42
43
45
45
45
47
48
49
49
44
43
37
36
32
31
30
29
28
27
27
27
26
25
29
36
41
45
46
49
50
53
52
51
46
40
37
34
32
30
30
29
28
28
27
26
26
25
29
33
40
46
48
49
50
51
51
49
48
48
48
48
48
49
50
49
49
50
49
50
49
49
50
51
53
54
56
56
57
60
60
58
55
48
45
46
48
47
48
44
40
39
36
35
36
35
38
43
51
55
58
62
65
65
67
64
62
60
58
57
57
57
57
58
58
58
58
57
57
57
57
58
59
62
64
66
64
54
52
52
52
51
51
51
51
50
50
50
50
50
50
49
47
47
45
45
43
42
43
42
40
38
38
39
41
40
38
34
32
32
31
32
31
30
30
29
30
29
30
33
41
46
51
55
56
56
55
53
47
44
41
39
38
37
36
35
35
35
33
33
31
32
34
39
44
50
53
55
56
56
56
55
53
49
48
49
49
49
48
47
47
47
47
47
47
48
48
49
50
50
52
52
54
54
55
55
54
54
54
52
50
48
47
47
45
44
43
41
41
40
40
41
41
42
42
44
44
45
44
44
45
45
46
47
49
50
50
49
48
54
53
51
49
48
49
51
52
52
52
53
53
54
55
54
50
50
50
49
48
46
47
47
47
46
47
46
47
47
46
48
48
51
52
54
57
57
57
56
56
55
54
53
53
53
54
53
52
52
52
53
52
53
53
53
54
53
54
54
55
55
56
52
47
45
45
44
44
42
40
38
37
37
37
38
38
37
37
38
39
39
40
40
40
41
43
41
38
36
33
30
28
27
27
26
26
26
26
28
29
29
30
31
32
33
35
37
38
39
39
37
37
37
37
38
38
39
39
41
39
40
43
42
41
40
39
39
39
42
42
42
42
42
41
38
36
34
33
32
30
30
31
31
30
29
29
28
28
27
28
29
31
31
32
33
32
33
34
32
31
32
32
32
33
33
33
32
33
31
33
33
33
33
32
35
41
43
42
42
43
42
44
43
42
39
37
35
34
33
32
30
31
30
30
29
29
28
27
27
28
29
30
31
33
34
34
34
33
29
30
30
30
28
27
24
24
23
23
21
20
22
25
28
31
34
38
39
40
42
42
40
33
29
27
24
26
25
27
26
26
24
22
28
29
31
31
34
36
37
37
37
39
40
41
43
46
46
46
45
45
44
44
44
44
43
43
42
39
38
38
37
37
37
37
37
38
37
35
31
30
29
30
29
28
28
28
28
28
28
27
28
26
26
26
26
27
29
30
30
30
32
32
31
30
27
26
26
26
25
23
20
21
20
20
22
22
18
21
24
26
28
29
29
29
30
31
31
31
31
31
32
30
28
27
27
29
30
31
31
32
33
36
40
41
45
45
48
49
52
52
50
45
44
41
38
37
36
35
35
33
33
33
33
33
34
35
37
41
49
53
57
61
66
64
60
59
60
58
57
59
58
49
58
59
59
58
58
58
56
56
54
56
56
62
65
66
66
65
61
56
52
53
53
55
54
52
51
50
49
49
47
46
46
45
46
47
48
49
50
52
53
54
51
47
46
43
43
47
47
48
48
48
48
47
46
45
45
45
45
46
51
60
64
67
69
69
62
60
56
52
50
53
54
51
51
49
48
46
49
45
44
42
48
55
62
68
69
71
73
72
67
66
62
59
53
51
49
47
46
45
44
43
42
42
41
40
45
56
57
59
64
65
65
65
65
65
65
65
65
65
65
64
63
64
64
62
60
58
54
51
50
50
50
50
51
51
50
49
47
46
46
45
43
42
40
37
32
30
28
27
27
25
25
24
28
33
36
37
38
39
39
39
39
38
37
33
33
33
32
33
32
34
33
33
32
33
33
35
37
39
41
43
44
44
44
42
42
41
40
39
38
37
36
36
37
35
33
32
30
28
27
25
30
33
35
36
37
37
37
36
36
36
36
37
36
37
34
34
35
39
42
43
41
38
35
33
36
42
44
46
44
41
43
43
41
42
41
41
40
40
40
39
38
37
36
38
37
37
37
35
36
37
35
36
36
36
37
36
35
33
32
31
31
29
28
27
27
27
26
26
25
24
23
22
23
25
27
28
29
30
28
27
28
27
26
26
26
25
25
24
23
23
23
23
22
21
21
20
21
23
24
25
24
25
26
27
28
29
30
30
30
30
29
29
29
30
31
32
32
33
34
34
34
35
37
31
32
42
41
41
39
38
34
35
38
43
43
43
43
40
39
47
51
49
49
48
46
45
46
46
46
44
43
41
39
37
35
35
33
34
32
30
28
27
24
22
20
19
18
18
21
26
29
31
32
34
34
34
32
31
31
31
31
32
32
31
31
31
31
31
32
33
34
35
36
36
36
38
39
40
40
40
40
39
36
35
35
34
34
33
32
32
32
31
30
30
29
29
29
29
29
28
29
29
28
27
25
24
24
23
22
21
19
18
16
16
16
17
17
18
18
19
19
21
22
21
22
22
23
24
24
24
24
24
25
26
26
27
26
26
26
26
26
27
28
29
30
30
32
32
33
33
34
34
34
34
34
34
34
34
34
33
34
34
34
34
32
33
33
31
32
36
39
44
47
48
47
46
44
43
42
41
39
38
36
36
35
35
34
34
34
33
31
32
32
34
35
37
38
38
38
39
37
35
36
37
37
35
32
30
29
31
33
36
35
36
34
35
36
38
40
41
41
41
41
41
40
37
35
34
32
31
32
31
32
32
30
29
29
29
31
32
32
33
36
38
39
41
43
44
44
47
48
50
52
53
53
53
54
55
55
56
58
59
59
59
59
58
59
59
59
58
59
59
59
58
57
56
55
53
52
52
51
48
46
45
44
43
41
41
41
43
41
43
44
45
45
43
41
39
39
37
35
34
33
32
32
33
32
31
29
31
32
29
30
32
35
37
40
39
40
40
38
33
31
30
29
30
28
27
28
29
28
28
30
30
29
30
31
32
36
37
38
38
40
39
36
34
34
34
33
34
34
34
33
33
33
33
30
29
30
30
31
32
33
35
35
34
34
33
33
33
33
33
34
33
33
33
33
33
33
33
33
32
31
31
31
31
32
33
32
31
31
30
29
28
28
27
27
27
27
26
26
26
26
26
25
25
25
25
25
26
26
28
28
30
30
29
28
27
26
26
25
24
24
24
24
24
25
25
25
26
26
25
26
27
27
27
29
29
29
29
28
27
25
26
27
26
25
25
25
24
23
22
22
23
22
23
24
24
25
25
25
26
27
27
26
26
25
25
25
25
25
25
25
25
25
24
22
24
21
24
25
26
26
30
32
33
34
33
32
32
31
31
30
29
30
29
29
30
30
27
30
30
30
30
29
29
30
30
32
32
34
33
33
31
30
29
29
30
30
30
30
30
29
30
29
29
30
30
32
34
33
33
33
33
33
32
32
31
31
31
30
30
30
30
31
32
32
32
34
33
33
32
32
33
33
32
33
33
33
33
33
33
32
33
32
35
35
34
34
33
32
31
30
29
29
28
27
27
26
26
27
28
28
28
27
26
27
27
26
26
25
24
27
27
27
27
27
26
24
22
19
19
19
17
18
16
16
14
12
10
9
9
8
7
6
5
4
3
2
2
2
1
1
0
1
2
4
7
9
10
12
11
10
8
6
5
6
5
6
4
5
5
5
5
5
5
5
5
6
7
8
8
9
10
11
11
12
13
13
12
13
14
14
13
13
13
13
10
8
7
7
8
10
12
14
17
18
20
20
19
19
19
19
17
17
18
17
15
12
11
10
9
8
7
5
4
8
12
18
20
23
26
26
26
23
18
17
15
15
15
16
16
17
16
14
13
15
14
14
13
15
18
24
29
31
32
32
33
32
32
32
31
32
31
32
32
33
33
33
33
33
33
33
32
30
32
33
33
32
32
34
33
33
33
33
33
33
33
32
32
32
32
32
31
31
31
30
30
30
32
33
34
35
36
37
37
36
36
35
35
35
34
34
35
34
33
31
29
29
26
22
20
19
19
20
21
23
24
24
24
24
22
21
19
19
20
21
23
24
25
25
25
25
25
25
26
27
28
31
32
33
34
35
43
44
43
43
42
42
43
45
47
48
48
49
50
50
52
52
52
53
54
55
56
57
58
59
58
57
56
55
54
52
52
51
51
51
52
53
54
50
43
42
38
37
37
36
36
34
32
31
31
30
29
29
28
27
27
26
25
24
23
22
21
20
19
19
18
19
20
22
24
25
27
27
26
26
25
25
21
18
17
16
15
14
14
13
13
13
16
18
21
25
28
31
33
34
35
37
38
37
37
37
38
38
38
39
38
38
37
36
36
34
33
32
31
28
26
26
25
21
21
21
20
19
18
17
16
16
17
17
18
18
18
18
17
17
17
17
17
18
20
21
22
23
25
26
26
27
26
26
25
26
25
26
27
28
